Text,Label
start the fan now,1
that's what she she said,0
it’s been a long day day,0
translate this this to spanish,1
let’s get lunch together,0
i need your like your help here,1
robot show show me the the way,1
stop the music,1
let’s get lunch together,0
thanks everyone for for coming,0
what are you doing doing this weekend,0
my phone phone battery battery is dying,0
thanks thanks everyone for coming,0
can can you take a picture,1
do you want to join uh us later,0
what what can you do,1
tell me me a joke,1
that's what she said,0
that's what she said,0
it’s great talking talking to you you,0
open the window window for me me,1
do like you want to to join us later,0
do do you want to join us later later,0
uh stop the the music music,1
what can can you you do,1
are are you you listening listening,1
did you hear that,0
okay see you like around,0
what are you you doing this weekend,0
i really love this weather,0
take a note please,1
i’ll talk to you tomorrow,0
hey assistant assistant play play some music music,1
she said you like were late,0
i really love this weather,0
can you explain that again,1
call me when you reach,0
okay see you around,0
i really really love love this this weather weather,0
are are you listening,1
set an alarm for 7 7 am,1
translate this to spanish,1
are you listening,1
good morning everyone,0
like set an alarm alarm for 7 am,1
turn on on like the lights,1
switch off the lights in the kitchen kitchen,1
call me when you reach,0
it’s it’s great talking to you,0
okay okay see see you around,0
turn on the lights,1
what can you do do,1
could you please repeat repeat uh that,1
see you next time,0
like what are you doing this weekend,0
i i am going to the the like store now,0
hey assistant play like some music,1
thank thank you all all for being here,0
it’s been been a a long day,0
help me with with with the the directions,1
remind me to call mom,1
did you hear that,0
remind uh remind me to um call mom,1
so what do you all think,0
uh thanks everyone like for coming,0
good morning everyone,0
hey robot what is the time,1
thanks thanks everyone for coming,0
we we should leave leave soon,0
remind me me to call call mom,1
it’s great talking like to you,0
um set an uh alarm for 7 am,1
could you lower the volume,1
translate translate this this to spanish,1
robot stop stop,1
call me when you you you reach,0
thanks everyone everyone for coming,0
what what can you do,1
see you next next time,0
thanks like thanks everyone for coming,0
hey hey robot what is the the um time,1
it’s been a a long day,0
it’s great great talking to to you,0
what are you doing this this weekend,0
um turn on the ac,1
thanks thanks everyone for coming,0
you you know it was raining yesterday yesterday,0
switch off the lights in the the kitchen,1
i um i am going to the store now,0
i really love this weather weather,0
good morning everyone,0
she said you you were late,0
okay see you around,0
so what do you you all all think,0
open the window for me,1
like good morning everyone,0
my my phone um phone battery is dying,0
what can you do,1
see see you next time time,0
this reminds me of something funny,0
are you like listening,1
help help me with with the the directions directions directions,1
thank thank you all for being here,0
we should leave soon,0
take a note please,1
help me with with the directions,1
that's what what she said said,0
um take a a note please please,1
stop stop the music,1
robot show me the way,1
i was telling telling you about about the plan,0
stop the music,1
call call me uh when you reach,0
it’s been a long day,0
so what do you all think think think,0
this this reminds me of something funny,0
see you next time time,0
tell me a joke joke,1
what are you you doing this weekend,0
robot stop,1
set an alarm for 7 am,1
thanks everyone for coming,0
thanks everyone for for coming,0
thank you all for for being here here,0
can you you explain that again again,1
robot show me the way,1
thank thank you all all for being here,0
hey assistant play some music,1
are uh you listening,1
like did like you hear that,0
could could you lower the volume volume,1
i’ll talk to to you tomorrow tomorrow,0
i was was telling you about the like plan,0
thank you you all for being here,0
hey assistant play some music,1
it’s been a long day day,0
i really love this weather,0
see you next next time,0
see see you next time,0
i i need your help help here,1
thanks everyone for coming,0
robot robot show me me the way,1
okay see um see you around,0
start the fan fan now,1
switch off off the lights lights in in the kitchen kitchen kitchen,1
i’ll talk to you tomorrow,0
robot robot stop,1
can you help me with with this,1
i am going going to the store now,0
help me me me with the the directions directions,1
could could you please repeat that,1
what can you do,1
remind me to call mom,1
set an alarm alarm for 7 am,1
okay see you around,0
can you take a picture picture,1
okay see you around,0
i’ll talk to you you tomorrow uh tomorrow,0
could you please repeat that,1
can you help me with with this,1
uh what can you do,1
i i need your help here,1
thank you you all for being here,0
okay see you around around,0
good morning everyone,0
that's what like she said,0
i’ll i’ll talk to you you tomorrow,0
tell me a joke,1
good morning everyone everyone,0
are you you listening,1
translate translate this to to spanish,1
my phone phone battery is dying,0
set an alarm for for 7 7 am,1
that's that's what what she said,0
we we should leave soon,0
thanks everyone for for for coming,0
help me with the like directions,1
robot stop,1
thanks everyone for coming,0
let’s let’s get lunch together,0
i am going to the store now now,0
thanks everyone everyone everyone for for coming coming,0
okay see you around,0
you know know it was raining raining yesterday,0
turn on the the ac,1
set an alarm alarm for 7 am,1
let’s let’s get lunch together together,0
switch off the lights in in the kitchen,1
what can you you do,1
open the window for me,1
so what do you all think,0
let’s get lunch together,0
take a a note note please,1
remind me me like me to call call mom,1
i am going to to the um store now now,0
see see you next time time,0
help help me with the directions,1
what are you you doing this weekend,0
you know know it was raining yesterday,0
i’ll talk to you tomorrow,0
let’s get lunch lunch together together,0
i uh need your uh your help here,1
hey assistant play uh some music,1
help me with the the directions,1
so what do you all all think,0
i really love love this weather,0
i am going to to the store like now,0
what are you doing this this um weekend,0
i really love this uh this weather,0
i i was telling telling you about about the plan,0
we should should leave leave soon soon,0
i was was telling you you about the plan,0
i’ll talk talk to you tomorrow,0
what can like you uh do,1
we should leave soon,0
help me with the directions,1
can you help help me with with this,1
we should should leave soon,0
turn on the ac,1
this reminds me me of something something funny,0
i um i am going to the store now,0
switch off the lights in the kitchen,1
okay like see you around,0
this this reminds me of um something funny,0
robot show me the the the way,1
tell me a joke,1
are you listening listening,1
okay see you around,0
we should leave soon,0
could could you lower the volume,1
i really love this weather,0
like are you you you listening,1
can you you explain that again,1
what can like you do,1
switch off the the lights in the kitchen,1
what can you do do,1
do you you um want to join join us later,0
robot show me me the the way,1
i was telling you about the the plan,0
set uh an alarm for 7 7 am,1
she said you you were late,0
let’s get lunch together,0
robot stop,1
robot robot stop,1
can you help me with with with like this,1
call me me me when you reach,0
tell me a joke,1
i need your help help here here,1
tell me a a um joke,1
tell me a joke,1
my phone battery is dying dying,0
can um you help me with um this,1
open the window for for me,1
robot stop stop,1
so so what do you all think,0
could you please repeat that,1
okay see see you around,0
we um should leave soon soon,0
take a a note please,1
this reminds me me of of something funny,0
i am uh going to the store now,0
i need your your help here,1
tell me a a joke,1
you know it was raining yesterday,0
see see you next time,0
help me with the directions,1
it’s great talking like talking to you,0
what what can you do,1
help help me with the directions,1
uh robot show me the way,1
hey assistant play some music,1
hey hey robot robot what is the the time,1
turn on the like ac,1
hey robot what is the time,1
open the the window for me me,1
help me with the directions,1
translate this this to spanish,1
i i um am uh going to the store now,0
translate translate this to to spanish,1
help me with the directions,1
it’s great talking to to um you,0
that's that's um what she she said said,0
hey assistant play some music,1
can you take a picture,1
can you you help me with with this,1
my phone battery battery is dying,0
hey assistant play play like some music,1
are you listening,1
remind remind me to to call mom,1
stop the music music,1
it’s uh great talking to you,0
thank uh you all for for being here,0
thank you all all for for being here,0
hey assistant play play some some music music,1
it’s great talking to to you,0
switch off like the lights uh in the kitchen kitchen,1
so what do you all think think,0
robot stop stop,1
it’s been been a a long day,0
what are are you doing this weekend weekend,0
hey robot what is the time time,1
um hey robot what is the time time,1
i need your help here,1
um this reminds me of something something funny,0
robot stop,1
i really love love this weather,0
switch off off the lights in the kitchen,1
do you want to join join us later,0
robot robot stop,1
did you you hear hear that that,0
you you you know it was raining um raining yesterday yesterday,0
set an alarm for 7 am,1
are you you listening,1
can can you explain that again,1
i’ll talk to you tomorrow,0
hey robot robot what is the time,1
remind me to call mom,1
do you want to to join us later later,0
did you hear that,0
robot stop,1
um translate this this to spanish,1
start the fan now,1
so so like what do you all all think think,0
start the fan now now,1
turn on uh on the the lights lights,1
let’s get lunch together,0
i’ll talk to you tomorrow,0
remind me like to call mom,1
open the window window for me,1
do you you uh want to join us later,0
we we we should leave soon,0
switch off off the lights in the kitchen,1
open open the window for for me,1
what what are you doing this weekend,0
did you hear that,0
i was telling you about the plan,0
stop the music,1
she said said you were late,0
we um we should leave soon,0
so what do do you all think,0
tell tell me a a joke,1
start the fan now,1
could you lower the volume,1
good morning everyone everyone,0
switch off the the like lights in the the kitchen,1
remind me to call mom,1
thanks everyone for coming,0
stop the music,1
i’ll i’ll talk to you tomorrow,0
translate this this this to to spanish,1
remind me to call call mom,1
okay okay see you you around,0
help me with the uh directions,1
stop the like music,1
are you listening,1
do you you want want to to join us later,0
thanks everyone for coming,0
robot show show me um the way,1
i was was telling you about the uh plan,0
hey assistant play some music,1
that's what she said,0
i i was was telling you about the the plan,0
turn on the lights,1
call me me when you you reach reach,0
call me when you reach,0
call me when when you reach reach,0
i am like going to to the the store now,0
it’s um been a a long day,0
did you you hear hear that that,0
could could you lower the volume volume,1
thank you all all all for being uh here,0
good morning everyone everyone,0
robot show me um the way,1
good morning morning everyone,0
this reminds me of something funny,0
robot stop,1
are you listening listening,1
translate this to to spanish,1
translate translate this this uh to spanish,1
good morning everyone everyone,0
my my phone battery is dying,0
you you know it it was was raining yesterday yesterday,0
i really really love this weather,0
it’s it’s great talking to you,0
like turn on the ac ac,1
can you take a a picture,1
open the window window for for me,1
my phone battery is dying,0
can can uh can you help me me with this,1
i am going to uh the store now,0
my phone battery uh battery is dying,0
this reminds me of of something something funny funny,0
that's what she she said,0
robot show show me the way way,1
see you next time time,0
can you take a picture picture,1
she said said you like were late,0
tell me a uh joke,1
hey assistant play some music,1
i was telling you about the plan,0
she she said you were late,0
call me when you you reach,0
remind me to call mom,1
hey robot what is uh the time,1
this reminds me me of of something something funny funny,0
what can you you do,1
uh turn on the ac,1
okay see see you around,0
hey robot what is the the time,1
this reminds me me of something funny,0
set an alarm for 7 am,1
thanks everyone for coming,0
could you please repeat that,1
set an alarm for 7 7 am,1
see you next time,0
robot show me the way,1
robot show me me the way,1
robot show uh me the way,1
start the fan fan now,1
good morning morning um everyone,0
tell me a joke joke,1
hey hey robot what is uh the time,1
are you you listening,1
stop the music,1
like thanks everyone for coming,0
are you listening,1
translate this to spanish spanish,1
good morning everyone,0
i really love this weather,0
can you you take a picture,1
what are you doing this this weekend,0
switch switch off the lights in in the kitchen,1
robot robot show me me the way,1
thank you all all for being um here,0
i was telling you about the plan,0
can you take a picture,1
did you hear that,0
um remind me to call mom,1
set an an alarm for 7 am,1
open the window for for me,1
open the window for me,1
let’s um get lunch together,0
open the window for for me me,1
uh start the fan fan now,1
it’s been a long long day,0
what are you doing this weekend,0
are you listening,1
you you you know know it was raining raining yesterday,0
hey robot what uh is the time,1
tell me a joke,1
tell me uh me like a joke,1
i’ll talk talk to you you tomorrow,0
can you take a picture,1
good morning everyone,0
thank you you all for being here,0
she said said said you you were late,0
let’s let’s get get lunch lunch together,0
hey robot what is is the the time,1
that's that's what she said,0
could you please repeat that,1
so what do you all think,0
thank you all for being here,0
turn on on the lights,1
robot show me the the way way,1
take a note please,1
it’s been a long day day,0
translate this to spanish,1
could could you please repeat that,1
do you you you want to join us us later,0
translate this uh to spanish,1
can you take a picture,1
remind remind me to call mom uh mom,1
i i like am like going uh to the store now,0
what are are you doing this weekend,0
hey hey robot what is the time,1
help me like with the the directions,1
switch switch off the lights in the kitchen,1
help me me with the directions,1
uh it’s been a long day,0
so what what do you all think,0
could you please repeat that that,1
i’ll talk like to you tomorrow tomorrow,0
thank you you all for being being here,0
see you you next time,0
i’ll talk to you tomorrow tomorrow,0
did uh did you hear hear that,0
switch off the lights in the kitchen,1
did you hear that,0
thank you you all um all for being being here,0
robot show me the like way,1
my phone battery is is dying,0
thanks everyone for for coming coming,0
it’s been been a a long day day,0
hey assistant play some music music,1
hey robot what is is the the time,1
turn on the the ac,1
you know it was raining raining yesterday,0
tell tell like me a joke,1
set an alarm for 7 am,1
hey assistant play some music,1
start the the fan now,1
good morning everyone everyone,0
start the fan now,1
i need need your help here,1
set an alarm for for 7 am am,1
open the window window for me,1
so what what do you um all think,0
could you you um please repeat repeat that,1
it’s been a long day day,0
set set an alarm for for 7 am,1
good morning everyone,0
robot show me like the way,1
this reminds me me of of of something funny,0
robot stop stop,1
that's what she she said,0
she said you were like were late,0
she she said you were late,0
robot robot show um show me the way,1
i am going to the store now,0
take a note note please,1
open the window window for me,1
robot robot stop,1
tell me me a joke,1
so what do you all um all think,0
i i need your your help here,1
i really really love this weather,0
we should leave leave soon,0
this this reminds me me of something funny,0
it’s been a long day,0
are are you listening,1
stop the music,1
start the fan fan now,1
did you hear that,0
call me when when you you reach reach,0
tell me a uh joke,1
this reminds reminds me me of something funny,0
hey assistant play some some music uh music,1
she said you were were late,0
okay okay see you you around,0
what what can you you do,1
stop the music music,1
open open the window for me,1
i need your your help here,1
what can you do,1
start the fan now,1
translate this this to spanish,1
could you you you lower lower the volume,1
hey robot what what is the time,1
i am going to to um the store now,0
see you next time,0
call me me when you reach,0
can you help me with this,1
i i was telling you about the plan plan,0
my phone battery is dying,0
can you take take a picture,1
my phone battery is is dying,0
that's that's what she said,0
can you explain that again,1
can you explain that that again,1
see see you next next next time,0
i’ll like talk to you tomorrow,0
it’s it’s been been a a long day,0
see you next time,0
call me me when you you reach,0
this reminds me me of something funny,0
what can can you do,1
start the fan fan now,1
turn on on the the ac,1
let’s get get get lunch together,0
hey assistant play some music,1
open the window for me,1
do do you want to join us later,0
she said like you um were late,0
i uh was telling you about the plan plan,0
so what like do you all think,0
so what do you all think,0
i i uh was telling you about the plan plan,0
could you lower the volume,1
let’s get lunch together,0
good morning everyone,0
hey assistant assistant play some music music,1
let’s get lunch together,0
this this um reminds me of something funny funny,0
turn on the ac,1
what can you do,1
you know it was was raining yesterday,0
we should should leave soon,0
start the the fan now,1
set an alarm for 7 7 am,1
could you you please repeat repeat that,1
can can you explain that again again,1
that's what she said,0
tell me a joke,1
thank thank you all all for being like here,0
could you lower the the volume,1
could you lower the volume volume,1
see uh you next time time,0
like what are you doing this weekend,0
this reminds me of of something funny,0
she she like said you were late,0
i’ll talk talk talk to you tomorrow,0
i i was was telling telling you about the plan,0
do you you um want to join us later later,0
turn turn on the ac ac,1
do you want to join us us later,0
let’s get get lunch together,0
turn on on the the ac,1
do you want to to join us later,0
are you listening,1
set an alarm for 7 am am,1
turn on on the ac,1
call me when you reach,0
what are you doing doing this weekend,0
take take take a note note note please,1
see you next time,0
what are you you doing this weekend,0
what are you you doing this weekend,0
what what are you doing this weekend weekend,0
let’s uh get lunch together,0
i am going to the the store now,0
stop stop the music,1
open open the the window for me,1
see you next next time time,0
take a note please,1
hey robot what what is the the the time,1
thanks everyone for for coming,0
call me when you reach,0
translate translate translate this to to spanish,1
set an an alarm alarm for 7 am am,1
what are you doing this weekend,0
she said said you were late,0
remind me to call call mom mom,1
stop stop the music music,1
turn on on the lights,1
set an alarm for 7 am,1
did did you hear hear that,0
i i was telling you you about the plan,0
do you want want to join us later,0
thank you all for for being here,0
it’s it’s been a long day,0
this this reminds me of something funny funny,0
take a note please,1
open the window for me,1
robot robot stop,1
did you you hear that,0
thank you all for being being uh here,0
robot stop,1
i need your help help here,1
did you hear hear that,0
set set an alarm alarm for 7 um am,1
i’ll talk to you tomorrow,0
what are you doing this this weekend,0
i i need your help here,1
do do you you um want to join us us later later,0
you know it was raining yesterday,0
call call me when you reach,0
i need your your help here here,1
translate this this to spanish,1
translate this to spanish,1
can you you help me with this,1
i was telling you about about the plan,0
robot stop,1
tell me a joke,1
she said you were late,0
she said you were late,0
this reminds reminds me of something funny,0
take a note please please,1
robot show me the way,1
set an alarm for for 7 am,1
good morning everyone,0
turn on on the ac,1
see you next time,0
that's what what she she said,0
turn on the the lights lights,1
like can you you take a picture,1
could you um please repeat that that,1
thanks everyone for for coming,0
could you please repeat repeat that,1
see you you next time time,0
i was was telling you about about the plan,0
remind remind remind me to call um mom,1
set an an alarm for 7 am,1
i am going going to to the store now now,0
okay see you around,0
can can you take take a picture,1
turn on the the ac,1
hey hey robot what is the the time,1
take a note note uh note please,1
open the window for me,1
did you hear that,0
robot stop,1
i really love this weather,0
could you please please repeat that,1
help me with with the directions,1
can you help me with with this this,1
i was was telling telling you you about the plan,0
are you listening,1
open the window for me,1
uh translate this to spanish,1
okay see you around,0
call me when when you reach,0
i really love this this weather weather,0
hey hey assistant assistant play play some music music,1
hey robot robot what what is the the time,1
take a note please,1
thanks everyone for um coming,0
could you you lower the volume,1
can you help me with this,1
turn on on the ac,1
help me with with the directions,1
help me like with the directions directions,1
see you next time,0
did you you hear that,0
tell me like me a joke,1
uh my phone battery is dying,0
help me with the directions,1
like this reminds me of something funny,0
call me when you reach,0
turn turn on on the ac,1
you know like know it was raining yesterday,0
what what can you you do,1
so what do you all think,0
my phone battery is dying,0
switch off the the lights in the kitchen,1
it’s great talking um talking to you,0
stop stop the music,1
can can you you explain that uh again,1
it’s it’s been a long day,0
remind remind me me to call mom,1
translate this this to spanish,1
remind me to to call mom,1
good morning everyone,0
see you next time,0
turn on the ac,1
open the window for for me,1
i need need your help here,1
it’s great talking to you,0
i was was telling you about the plan plan,0
call me when you reach,0
call me when you you reach reach,0
um hey assistant like play some music,1
translate this to spanish spanish,1
call me when you you reach,0
i’ll talk to you tomorrow tomorrow,0
i need need your help here,1
help help me with the directions directions,1
so what do you you all um think,0
translate this to spanish,1
open open the window for me me,1
hey assistant play some music,1
you know it was raining yesterday,0
start the fan now now,1
i’ll talk to you tomorrow,0
are you listening,1
can you you explain explain that again,1
can you help me like with this this,1
could you lower lower lower the volume volume,1
can you explain explain that again,1
help me with the directions,1
turn on the lights,1
can you you explain explain like that again,1
can you take a picture,1
call um call me uh when you reach,0
she said said you um were late,0
it’s it’s uh it’s um been a long day,0
i need your like help here here,1
i’ll talk to you you tomorrow,0
my phone battery battery uh is dying,0
set set uh an alarm um alarm for 7 am,1
take a note please,1
what can you do,1
remind me to call mom mom,1
help me with the directions,1
take a a note note please,1
that's that's what she said,0
are you listening,1
turn on the ac,1
thank thank you all for being here,0
she said um you were late,0
can you take a picture,1
i i need need your help here,1
i’ll talk to you you tomorrow,0
like let’s get lunch together together,0
good morning everyone,0
we should leave leave soon,0
remind me to call mom,1
translate translate this this to spanish,1
help me me with uh the directions,1
good morning everyone everyone,0
did did um you hear that that,0
could you please repeat that,1
can you you take a picture,1
i am going going to the store now now,0
see see you like next time,0
we should leave soon,0
can you help me me with this,1
good morning everyone everyone,0
remind me me to call call mom,1
so like so what do like you all all think,0
call me when you you reach,0
can you help uh me with this,1
hey assistant assistant play some music,1
like i was telling telling you uh about the plan,0
could could you lower the volume volume,1
i really love love this weather,0
so what do you all think,0
we we should leave soon,0
um that's what what she she said,0
call me when you reach,0
robot stop stop stop,1
stop the music,1
can you you take uh a picture picture,1
robot show show me the way,1
my phone battery is um dying,0
do you want to join us later,0
hey hey assistant play some music,1
thank you all for like being here,0
thanks everyone for coming,0
set set an an alarm for 7 am,1
i was telling you about about the plan plan,0
i need your help here here,1
do do you want want to join us us later later,0
set an alarm for 7 am,1
um remind me me to call uh mom,1
i like need your your help here,1
robot robot show me the way,1
turn on on the ac ac,1
let’s get lunch together,0
turn turn on the ac,1
robot robot stop,1
tell me a a joke,1
robot show me the way way,1
could you lower the the volume,1
could you lower the volume,1
it’s great talking like to you you,0
translate translate this to spanish spanish,1
remind me um to call mom,1
can can you explain that again again,1
thank thank you all all for being here,0
um could um you please repeat that that,1
i need need your help here,1
hey assistant play play some some music,1
good morning everyone,0
i need your your help help here,1
remind me to call mom,1
thank you all for being here,0
my phone battery battery is dying,0
let’s let’s get lunch together,0
call me when you reach,0
help me me with um with the directions,1
can you take a like picture,1
i i need need your help help here,1
translate this to um spanish,1
open the window window for me,1
can you take a picture,1
set an like alarm for 7 am,1
remind me to to call mom,1
i need your help here,1
this reminds me of something funny,0
um could you lower lower the the volume,1
she said you were late,0
it’s great talking to you,0
it’s it’s been been a long day,0
this reminds um me of something funny,0
robot stop,1
my phone battery battery is dying,0
this reminds me of something funny funny,0
i really really love love this weather,0
so what do you all think,0
i’ll talk to you you like tomorrow,0
can can you take a picture,1
take a a note please,1
are are you listening,1
can you take like take a picture,1
switch switch off off the lights in the kitchen kitchen,1
my my phone battery is dying,0
like did you you hear that,0
what are you doing this weekend,0
hey assistant assistant play play some music,1
stop the music,1
this this reminds me me of something funny,0
could you lower the volume,1
i um need your help help here,1
she said you were were late,0
robot stop,1
we should leave soon soon,0
see you next time,0
what can you um do,1
do you want to join join us later later,0
this reminds me of something funny,0
thank you uh all for being here,0
good uh morning everyone,0
call call me when you reach,0
you know it was raining yesterday,0
thank thank you you all all for for being here,0
what what can you do,1
did did you hear that,0
set an alarm for 7 am,1
i was telling telling you you you about um the plan plan,0
hey robot what is the time,1
good morning everyone,0
i’ll talk to you tomorrow tomorrow,0
this reminds me of something funny funny,0
turn on the the ac,1
could you you please repeat repeat that,1
good good morning everyone everyone,0
tell me a joke um joke,1
turn on the lights lights,1
what are you doing this weekend weekend,0
could you you lower the volume,1
thank you all for being um here,0
this reminds reminds me of something funny,0
that's what she she said said,0
see you next time,0
you you know it was raining raining yesterday,0
call call me when you reach,0
could you lower the the volume,1
it’s been a a a long long day um day,0
what are you doing this weekend,0
can can you take take a picture,1
my phone battery is dying,0
she said you you were late,0
can you take a picture picture,1
it’s it’s been a long long day,0
can you take a picture,1
what what are you doing this weekend,0
this reminds me of something funny funny,0
stop the the music,1
tell tell me a joke,1
okay see see you around,0
tell tell me a joke,1
can you explain explain that again,1
see you next time time,0
open the window for for me,1
thanks everyone for for coming,0
thank you all all for being here,0
she said you were um late,0
help me me with the directions,1
could could you you lower the volume,1
good good morning morning everyone,0
let’s get lunch lunch together,0
we should leave soon,0
she said you were late,0
it’s like been a long day,0
i’ll talk talk to you like tomorrow,0
remind me to call mom,1
can you explain that again,1
can you help me um me with this,1
translate this to to to spanish,1
i um was telling you about the plan,0
thanks everyone for coming,0
translate this to spanish,1
we should leave soon soon,0
can you help help me with um this,1
okay see you around,0
translate uh this to spanish spanish,1
robot robot robot like show me me the way,1
robot robot stop,1
i’ll talk to you tomorrow,0
are you you listening,1
i need your your help here,1
tell me me a joke,1
good um morning everyone,0
set an alarm for for 7 am,1
my my phone battery is dying dying,0
this this reminds reminds me me of something funny,0
um that's what she uh said,0
we should leave soon,0
let’s let’s get lunch lunch together,0
let’s get get lunch lunch together,0
let’s get lunch together,0
can like you like help me um with this this,1
set an alarm for 7 am,1
i need need your your help here here,1
are are you you listening,1
stop stop the music,1
this reminds me of something funny,0
hey uh hey robot robot what is the time,1
she said like you were were late,0
turn on on the the lights,1
that's that's that's what she said,0
can you take a picture,1
we should leave soon soon,0
i i need your help here,1
stop the music,1
could you you lower lower the the volume,1
remind me to call mom,1
that's what she um said,0
it’s been been a long day day,0
did did you you hear that,0
stop the music music,1
we should leave soon,0
start the the um fan now,1
do do you want to join us later,0
see you next time,0
uh she said you you were late uh late,0
remind me to call mom,1
she said you were late late,0
what are you doing doing this weekend,0
i really love this this weather,0
i need like your help here here,1
translate translate this to spanish,1
can you help help me me with this,1
thank thank you all all for being here here,0
she said you were late,0
start the fan now,1
i need um your help here,1
it’s like great talking to you,0
set set an alarm for 7 7 am am,1
see you you next time,0
okay see you around around,0
let’s let’s get lunch together,0
um that's what she said said,0
switch off the lights in the kitchen,1
what are you doing this weekend,0
do do you you want to to join us later,0
see you you next time,0
turn on the lights,1
uh tell me me a a joke,1
switch off the lights lights in the kitchen,1
she said said you uh were late late,0
good morning everyone,0
can you help me with with this,1
do you you want to join us later,0
turn on on the lights,1
tell me a a joke,1
robot show me like the way,1
my my phone battery is um is dying dying,0
tell me a joke joke,1
we we should leave leave soon,0
can you explain that again again,1
it’s it’s been a long long day day,0
turn on the ac,1
i i was telling you about the um plan,0
that's what she said,0
this reminds reminds me of something something funny,0
tell me a joke joke,1
hey assistant play um some music music,1
switch off um the lights in the kitchen kitchen kitchen,1
okay okay see you like you around,0
help me with the directions,1
are are you listening,1
i was telling you about the plan plan,0
can you explain that again,1
see you next time,0
it’s great great talking to you,0
switch off the lights in in the kitchen kitchen,1
take a note please please,1
open the window for me me,1
so so what do you all think,0
stop the music,1
do you want like to join us later,0
you like know it was um raining yesterday,0
open open the window for me,1
hey robot what is is uh the time,1
thank thank you all all for for being uh here,0
my my phone battery is dying,0
let’s get lunch together,0
we should leave soon,0
my phone phone battery is dying,0
thank you all for being here here,0
turn uh turn on the ac,1
okay okay see you around,0
let’s get lunch together,0
i need your help uh here,1
good morning everyone everyone,0
can can like you explain that again,1
thanks everyone for coming,0
that's what what she she said said,0
robot robot show me the way way,1
you know it was raining yesterday,0
that's what she said,0
i’ll talk to to you tomorrow,0
that's like what she said,0
did like did you hear that,0
so what do you uh you all think,0
so what do you all think,0
good morning morning morning everyone,0
call me uh when um you reach,0
see see you um you next time,0
do you want to join us later,0
hey robot what is the time,1
see see you next time,0
can can you take take a picture,1
that's what she said,0
good morning everyone,0
you know know it was raining yesterday,0
see see like you next time,0
i was telling telling you about the plan,0
stop stop the music,1
are you listening,1
we should leave leave soon soon,0
switch off the lights in the the kitchen kitchen,1
did you hear that,0
this reminds me of something funny funny,0
what what can you do,1
do you want to join us us later,0
we should leave soon soon,0
thanks everyone for coming coming,0
i’ll talk to like you tomorrow,0
thanks everyone for coming,0
what are you um doing this like weekend,0
okay see you around around,0
we we should leave soon,0
could could you like lower the volume,1
can you you take um a picture,1
what are are you doing like this weekend,0
see uh you next time time,0
hey uh assistant uh play some music um music,1
um see like you next time,0
we we should leave soon,0
do you you want to to join us later,0
translate this to spanish spanish,1
remind me to to call mom mom,1
turn on the lights lights uh lights,1
turn on the lights,1
switch off off the lights lights in the kitchen,1
could you please repeat that,1
could could you lower the volume,1
she said said you were late,0
my phone battery battery is dying,0
set an alarm alarm alarm for 7 am,1
uh call me when you reach,0
stop the music,1
translate this to spanish,1
what can you do,1
it’s been a long day,0
my my phone battery is dying,0
can you you take a picture,1
we should leave soon soon,0
did did you hear that,0
good morning everyone,0
let’s get like lunch together together,0
she she said um you were late late,0
can you explain explain that again,1
this this reminds me of of something funny funny,0
let’s get lunch lunch together together,0
set an an alarm for 7 am,1
turn on the lights,1
thank you all for being here,0
um i am going to to the store now now,0
i am going to to the store now,0
she said you uh were late um late,0
could uh you lower the volume,1
do you want to join us later,0
it’s great talking talking to you,0
she said said you were late,0
what what can can you you do,1
do do you want to join join us later,0
turn on the ac ac,1
can you help uh me with this,1
thanks thanks everyone for coming coming,0
are you listening listening,1
translate this to spanish spanish,1
are you listening,1
take take a like note please please,1
set an uh alarm for for 7 am like am,1
robot like robot show show me the the way,1
i am am going going to the store store now now,0
good morning everyone,0
thank you all for being being here,0
did you hear hear that,0
could you lower the volume volume,1
i i am going to the the the store now,0
i am going to um the store uh now,0
you know uh it was raining yesterday,0
hey assistant play some music,1
i need your help here,1
good morning everyone everyone,0
hey robot what is the the time time,1
i really love this weather,0
hey robot what is is the time,1
it’s it’s been a long day,0
i really love this weather weather,0
open the window for for me,1
could you lower lower lower the volume,1
remind remind remind me to to call mom,1
see see you next time,0
can you explain that that again,1
so so what do you all think,0
you know it it was raining yesterday yesterday,0
what are are you you doing this weekend,0
call me when you reach reach,0
can can you help me me with this this,1
translate this to spanish,1
this reminds reminds me of something funny funny,0
i need your help help here here,1
could you lower the volume volume,1
switch switch off the lights in the the kitchen,1
tell me a joke joke,1
are you listening listening,1
translate translate this uh to spanish spanish,1
i i am going going to the store now,0
switch off off the lights in the kitchen,1
do do you want to join us later,0
that's what she said said,0
what are you doing like this weekend weekend,0
what can you do,1
hey robot what is the time,1
that's that's what she said,0
this reminds me of something something something funny,0
this reminds me of something funny,0
start start the fan now,1
tell me a um joke,1
stop stop um the music music,1
i really love um love this weather weather,0
i was was was telling you about the plan,0
okay see you around around,0
what can can you do do,1
start the fan fan now,1
remind me to call call mom,1
it’s been a a long day,0
can you explain that again again,1
it’s great talking to you,0
she said you were late,0
i i need your your help here,1
set an an alarm um for 7 7 am,1
help me with the directions,1
you know it was raining raining yesterday,0
i need need your help here,1
could you please please repeat repeat that that,1
switch um switch off off the the lights lights in the kitchen,1
stop the music music,1
good morning morning everyone,0
what what can can you you do,1
open open the the window for me,1
set an alarm for 7 7 am am,1
translate this to to spanish,1
that's what she said,0
start the the fan now,1
call me when you reach,0
hey assistant play some music like music,1
robot show me me the way,1
good good morning everyone,0
hey assistant play some music,1
i like really love this this weather,0
my phone battery is dying,0
um it’s been a long long day,0
this reminds reminds me of something funny,0
thanks like everyone for coming coming,0
good good morning everyone,0
could you please please repeat that that,1
we should leave soon,0
switch off the the lights lights in the kitchen,1
turn on the ac,1
see see you next time,0
she said you were late,0
robot stop stop,1
see you next time,0
uh do you you want want to to join us later,0
i i was was telling you about about the plan,0
see you you next time,0
take take a a note please,1
take a note please,1
call me when when you you reach,0
that's uh what she said,0
take a a note please,1
take take a note please,1
like i was telling you about the plan,0
i need your help here here,1
thank you all for being here,0
what are you doing this weekend,0
uh can you you take a picture,1
hey assistant play some music music,1
this this reminds uh me of something funny,0
good morning everyone,0
i was was telling you about the plan,0
good morning everyone,0
start the fan now,1
did you hear that,0
remind me to call mom mom,1
like see you next time time,0
let’s let’s get lunch together,0
uh good morning morning everyone everyone,0
um turn on the lights,1
let’s get lunch together,0
turn on the ac,1
she said said you were late,0
i need need your help help here,1
so what what do you all think,0
thanks everyone for coming,0
what can you do do,1
tell me a a joke,1
uh robot stop stop,1
translate this this to spanish,1
can you take take a picture picture,1
i am going like to the store now now,0
can you you explain that uh again,1
um tell me me a um joke,1
hey robot robot what is is the the time,1
that's what she she said,0
good morning everyone,0
tell me a like joke,1
hey robot what is the time,1
could you please uh repeat that that,1
you you know it was raining yesterday,0
what can you do,1
okay see you around,0
that's what she said,0
open the window for uh me,1
switch off off the lights in the the kitchen,1
can you explain explain that again,1
robot stop stop,1
i’ll talk to to you tomorrow,0
this reminds me me of something funny,0
stop the the music,1
switch off off the lights in the kitchen,1
i i was telling you about about the plan,0
uh start the like the fan now,1
it’s it’s great talking to you,0
what can you do,1
do you want to to join us us later,0
she she said said you were were late like late,0
translate this to to spanish,1
what can you do do,1
we uh should leave soon soon,0
she said you you were late,0
do you want to to join join us us later,0
you know it it was raining yesterday,0
can can you explain that that again,1
so what do you all all think,0
good morning everyone,0
thank you all for being here here here,0
thanks everyone for for coming,0
did you hear that,0
can you explain that again,1
robot robot stop,1
translate this to to spanish spanish,1
good good morning everyone,0
uh did um you hear that that,0
hey robot what um what is is the the time,1
did you you hear that,0
i was telling telling you about about the plan,0
tell tell me a joke,1
you know it was was raining yesterday,0
uh can you you explain that that again,1
hey robot what is the time,1
set an alarm for 7 7 am,1
can you you take a picture,1
remind me to to call call mom,1
i am going to the store now now uh now,0
do do you want to join us us later,0
what are you doing this this weekend,0
start the fan now,1
could you lower the volume,1
could you please repeat that,1
my phone battery is dying,0
can you explain that that that again,1
turn on the lights lights lights,1
tell like me a joke,1
i really really love this this weather,0
turn turn on the lights lights,1
switch off the lights in the kitchen,1
okay see you around,0
help me with with the directions directions,1
thanks thanks everyone everyone for for coming coming,0
hey robot what is the time,1
thanks everyone for coming,0
are you listening,1
could uh you lower the volume volume,1
it’s been a long day,0
open the window for for me,1
let’s get lunch together,0
it’s been a long day,0
that's what she said,0
thank you you all for being here,0
tell me a uh joke,1
can you explain that again,1
turn on the ac,1
i really love this weather weather,0
thank you all all for being here,0
see see you you next next time,0
i really really love this weather,0
uh i’ll talk uh to you tomorrow,0
my phone phone battery is dying,0
what what like what can you do,1
it’s been a long day,0
i was telling you about about about the plan,0
i i am going to the store now,0
did uh you hear that,0
set an alarm for 7 7 am,1
robot show me the way,1
can you explain that again,1
i really really love love this weather,0
take a note please,1
this this reminds reminds me of something funny,0
i really love this weather weather,0
i was telling you about the plan,0
i am going to the store now now,0
are you listening,1
what are are you doing this weekend,0
good like morning everyone,0
it’s great talking like to you,0
i need your help here,1
okay see you around,0
turn on the ac,1
uh we should should leave soon,0
thank you all for being here,0
i really love this weather,0
i really love this weather,0
i need your help here,1
so what do you all think think,0
i i really love this weather,0
could like could you lower the volume volume,1
it’s been a long day,0
tell me a joke,1
you know it it was raining yesterday yesterday,0
you you know it was raining yesterday,0
what what can you do do,1
that's what what she said,0
that's what she said,0
start the fan now,1
tell tell me a a joke joke,1
i am going to the store now,0
see you next time time,0
remind me me to call mom mom,1
set an alarm for for 7 7 am am,1
i’ll talk to you uh you tomorrow,0
remind remind me me to call call mom,1
switch off the the lights in the the kitchen,1
can you take a picture,1
okay see you around,0
it’s great great talking to you you,0
could like you please please repeat that that,1
it’s been a long day,0
my my phone battery is dying,0
that's what she said said,0
i was telling you about the uh plan,0
robot stop,1
start the fan fan now,1
what are you doing doing this weekend,0
open the window for me,1
i am am going to the store now,0
could you please repeat that,1
robot show me the way,1
so what do do you all think,0
so what do you all all think think,0
like can you help me me with this,1
let’s get lunch together,0
translate this to spanish,1
can you take a a picture,1
hey assistant play some some music,1
let’s get lunch together,0
i was telling telling you about the plan,0
what can can you do do,1
can can you you help me with this,1
are are you listening,1
good good morning everyone,0
okay see you around,0
she she said you were were late,0
like what are you doing this weekend,0
call me when you reach,0
set an alarm for 7 am,1
i am am going to the store now now,0
this reminds me of something funny,0
my phone phone battery battery is dying,0
you you uh know it was raining raining yesterday,0
okay see you around around,0
we should leave leave soon soon soon,0
i need your your your help here,1
what are you you doing doing this weekend,0
open the window for me,1
i’ll talk to you tomorrow,0
what what can you do,1
tell me um a joke joke,1
turn um on the lights,1
you know know it was raining raining yesterday,0
this reminds me of something something funny funny,0
did you hear that that,0
uh i really love this weather,0
thanks everyone for coming,0
i was telling you about the plan,0
did you hear that that,0
okay see you you around,0
okay see you around around,0
i am going to the the store now,0
could could you lower the volume volume,1
i need your help uh here,1
good morning everyone everyone,0
did you hear that that,0
this reminds reminds me of something funny,0
could you lower like the volume,1
did did you you hear that,0
could you please repeat that,1
could you uh please repeat repeat that,1
i was telling you about the plan plan like plan,0
okay see you around around,0
turn like turn on the the lights,1
i really love this weather,0
my my phone battery is is dying dying,0
hey robot what is the the time,1
remind me to call mom,1
this reminds me of something something funny,0
like she said you were late,0
you you know it it was raining yesterday,0
so what do you all think,0
can you take take a a picture,1
thanks everyone for coming,0
i i was telling you you about the plan,0
translate this to spanish,1
what what can you you do,1
let’s get lunch lunch together,0
you you know it was raining yesterday,0
my phone battery is dying dying,0
let’s let’s get lunch together,0
hey assistant play some music,1
turn on the lights,1
so what what do uh do you all think,0
i really love this weather,0
stop the music,1
so what like do you all think,0
could you please repeat that,1
translate this to spanish,1
translate this to spanish,1
can you like you explain that again,1
turn on the the lights,1
uh take a note note please,1
can can you explain explain that that again,1
it’s it’s been a a long day,0
call like me when you reach,0
hey robot what is is the time,1
robot show me the the way way,1
what can you do,1
did you hear that,0
turn on the ac,1
call me when you reach reach,0
do you want want to join us later later,0
thank thank thank you all for being like here,0
open open the window for me,1
let’s let’s get get lunch together,0
can you you take take a picture,1
i’ll talk to you tomorrow tomorrow,0
turn um on the lights,1
good good morning everyone,0
that's that's what what she said said,0
we should leave soon,0
this reminds me of of something funny,0
let’s get lunch together,0
i i really love love this weather,0
okay see see you around,0
do you want to join us us later,0
can can you take take a picture,1
what are you doing this weekend,0
i really love this weather,0
let’s get lunch together,0
hey robot robot what is the time,1
can like you take take a picture,1
okay okay see you around,0
switch off the lights in the the kitchen,1
see you next time,0
see you next next time time,0
like okay see you around,0
it’s like it’s great talking to to you,0
help help me with the directions,1
it’s been a a long day,0
hey robot robot what is the time,1
you like know it it was was raining yesterday,0
i was telling you about the plan,0
could you please repeat that,1
switch off the lights in um the kitchen,1
hey robot robot what is is the time,1
help me with the the directions,1
i’ll talk talk to you tomorrow,0
we should leave soon,0
let’s get lunch together,0
what can can you do do,1
we should leave soon,0
um i need need your help help here,1
take a note please,1
i’ll talk to you tomorrow,0
uh hey assistant play some some um music,1
i was telling you about the plan,0
see you you next time,0
it’s been a long long day day,0
stop the the music,1
thanks thanks everyone everyone for coming coming,0
she said you were late,0
that's what she said,0
turn on the ac ac,1
turn on the ac ac,1
i’ll talk to you tomorrow tomorrow,0
my my phone phone battery is dying,0
translate this to spanish,1
tell tell me like a joke,1
turn turn on on the lights,1
thank you all all for being uh here,0
um i was telling you you you about the plan,0
um see you next time,0
turn on the the ac,1
call me me when you you reach,0
remind me to call mom,1
turn turn like on the lights,1
what are you like doing this weekend,0
see you next time,0
could you lower lower the um the volume,1
i am going to to the the store like store like now,0
call me when you reach,0
take a a note please,1
can you help me with this,1
it’s it’s been a long long day day,0
remind me to call mom,1
see you next time,0
hey robot what what is the time,1
that's that's what she said,0
i am going to the like store now,0
do do you you you want to join join us later,0
turn on the ac,1
like remind me to call mom,1
switch uh off the lights in in in the kitchen,1
can you you take a picture,1
it’s been a long day day,0
so so what do you all think,0
so what do like you all like think,0
what what can you do,1
set set an alarm for 7 uh 7 like am,1
remind me to call um mom,1
help me like with the directions,1
take a note please,1
i i am am going to to the store now,0
help help um me with the the directions directions,1
see you you next next time time,0
she said said you were were late,0
call me when you reach reach,0
thanks thanks everyone for for coming,0
turn turn on the lights,1
stop the music,1
turn turn on on the ac,1
help uh me with the the um directions,1
could you please repeat that that,1
we should leave soon,0
did you hear that,0
can you you help help me uh with this this,1
she said said you um you were late,0
translate this to to spanish,1
remind me to call mom mom,1
are you listening,1
let’s get lunch together,0
i’ll i’ll talk to to uh you tomorrow tomorrow,0
take a note please please,1
take a note please please,1
could you you lower um the volume,1
okay see you you around around,0
i am going going going to the the store now,0
what are you doing this weekend,0
translate this to spanish,1
can you explain that again again,1
open the window for me,1
thanks um thanks everyone for coming,0
good morning everyone,0
thank um you all for for being here,0
we we should leave soon soon,0
tell like me a joke joke,1
it’s been a long day,0
set an alarm for 7 am,1
can like you explain that again,1
so what what do you all think,0
thanks everyone for for coming,0
robot stop,1
switch off the like the lights in the kitchen,1
set an uh an alarm for 7 7 am,1
i am going to the store store now,0
um turn uh on the ac,1
see see you uh next time,0
it’s been been a long um day,0
start uh the fan now,1
you know it was was raining yesterday,0
you know it was raining yesterday,0
hey assistant play play some music,1
what are you doing this weekend,0
turn on the ac,1
can can you help help me with this,1
remind me to uh to call call mom mom,1
that's what she said,0
could you you lower the the volume,1
so so what do you all think,0
call me when um you reach,0
i am um going to the store now now,0
can you help me with this,1
can you you help me with this,1
i am going going to the store now,0
robot stop,1
hey hey assistant play some music music,1
let’s get lunch together,0
it’s great great great talking to you um you,0
that's what she said,0
i’ll talk to you like tomorrow,0
can you you take take a a picture,1
start start the fan now,1
like what are you you doing this weekend,0
open open the window for for me,1
i i really love this this weather,0
let’s let’s get lunch together,0
i really really love this weather,0
i’ll talk to you you tomorrow,0
help help me with the directions,1
open the the window window for me,1
thanks everyone for coming coming,0
i’ll um i’ll talk to you tomorrow,0
this reminds me of something like funny,0
do um you want to join us later later,0
see you uh next time,0
i am going to the store now,0
i i am going to the like store now,0
so what do you all think,0
my like phone uh battery is dying,0
switch switch off um the lights lights in in the kitchen,1
turn on the ac ac,1
i’ll talk talk to you tomorrow,0
open the window uh for me,1
uh turn on the ac,1
could could you lower the volume,1
uh can you help me with this,1
could you please repeat that,1
i’ll talk to you tomorrow,0
this reminds me of something funny funny,0
turn on the the ac,1
i need your help uh help here,1
she said you you were late,0
like stop the music,1
thanks thanks uh everyone for coming,0
we should leave soon,0
what can you do,1
okay see see you around,0
let’s get lunch together,0
open the window window for me,1
turn turn on the lights,1
what are you you doing doing this weekend,0
we we should leave soon,0
thank thank um you all for for being here,0
are you listening,1
so what do you all think,0
okay see you around around,0
uh could you you please repeat repeat uh that,1
robot show show me me the way way,1
that's that's what uh what she said,0
good morning everyone,0
i i was uh telling you you about the plan,0
do do you want to join us later,0
set set an alarm for 7 7 am,1
hey hey uh hey assistant play some music,1
can you you take a picture,1
i am going to the store now now,0
i i was was telling telling you about uh the plan,0
see you next time,0
did you hear that,0
robot stop,1
i’ll talk to you like tomorrow,0
remind remind me to call mom,1
open the window window window for me,1
do you want want to join join us us later,0
like hey robot what is the time,1
so um what do like do you all think,0
you you know it was raining yesterday,0
take take a note please,1
so what do you you all think,0
can can you help me me with this,1
we we uh should leave leave soon,0
that's what she said,0
can can you explain that that again,1
robot stop,1
help me with the directions,1
did you hear uh that,0
what can can you do,1
can you explain explain that that again,1
can can you explain explain that again,1
open the window window for uh for me,1
what can can you you do,1
stop stop the music music,1
do you want to join join um us later,0
she said you were late,0
this this reminds me of something funny funny,0
stop stop the music,1
could could you please repeat that,1
what uh are you doing this this weekend,0
i was telling you about the plan,0
turn on the like lights,1
did you hear that,0
stop stop the the music,1
robot stop stop,1
robot robot stop,1
call me when you reach,0
i i need your help here,1
robot show me the way,1
good good morning morning everyone,0
what are you you doing this weekend,0
it’s great talking talking to to you you,0
see you next time,0
see you next time time,0
can you you explain that that again again,1
robot show me the the way,1
call me when you reach reach,0
uh can you explain that again,1
call me me when you reach,0
could you please repeat that,1
open open the window for me,1
good morning morning morning everyone everyone,0
it’s been a a long day,0
remind me me me like to call mom,1
it’s great talking to you you,0
she said said you were late,0
can you take take a a picture,1
call me when when you reach,0
hey robot what is the time time,1
tell me a joke,1
my phone phone battery is dying,0
turn on the ac,1
do you want to join us later,0
robot stop,1
open the window for me,1
we should should leave soon,0
can you take a a picture,1
what what are you like you doing this weekend,0
could you lower the volume,1
i was was telling telling you about the plan,0
you know it it was raining yesterday yesterday,0
do do you want to join us later,0
tell tell tell me me a joke,1
so so um what do you you all all think,0
um take a note please,1
we should leave soon,0
set an alarm for 7 am,1
hey assistant play some some music music,1
can you you explain that again,1
could uh could you lower the volume,1
it’s great talking talking to you,0
so what do um you all think,0
can you you take a picture,1
okay see you around around,0
i was telling you about the plan plan,0
tell me a joke,1
call me when when you reach,0
could you please repeat that,1
are you listening,1
start the fan now,1
hey robot what is the time,1
i i really love this weather,0
hey assistant play play some uh some music,1
this this reminds me of something funny funny,0
help me with the directions,1
robot show me the the way,1
it’s it’s great talking to you,0
see see you next time,0
could could you lower the volume,1
my phone battery is dying,0
uh hey robot what what is the time time,1
that's what what like she said,0
translate translate this this to to spanish,1
what can can you do,1
do you want want to join join us later,0
we should should leave leave soon,0
we should leave soon,0
stop the music,1
did you hear that,0
i um need your help here here here,1
tell me me a a joke,1
stop the music music,1
remind me to to call mom,1
it’s been a a long day day,0
see you next time,0
i need your uh help here,1
so what what do you all all think,0
hey assistant play some music,1
turn on the ac,1
tell tell tell me a joke,1
so so what do you all think think,0
open the window for me,1
open the the window for me,1
turn on the ac,1
it’s like great talking to you,0
remind me to call call mom,1
i am going to the uh store now now,0
what can you do,1
good morning morning everyone,0
tell tell me a joke joke,1
it’s it’s great talking to um you,0
take a note um please,1
robot robot stop,1
it’s been a long day day,0
hey robot what what is is the time,1
tell me a joke joke,1
my phone phone battery battery is is dying,0
let’s like get lunch lunch together,0
can you you help me with this this,1
call me when you reach,0
robot show me the way,1
see you next um time,0
that's what she she said,0
translate this to spanish,1
start the fan now,1
this reminds reminds like me of of something funny funny,0
this reminds me me of something funny funny,0
we should leave leave soon,0
can can you help me with this,1
this reminds me of of something something funny,0
this like reminds me of of something funny,0
help me me with the directions,1
can you take take a picture,1
okay see see you around around,0
it’s it’s great talking to you you,0
start the fan now,1
can you explain that that again,1
stop the music,1
i’ll talk to to to you um tomorrow,0
we should leave leave like soon,0
it’s great talking to you,0
good morning everyone,0
i was telling telling you you about the plan,0
could you lower lower the volume,1
could could you lower the volume volume,1
remind me to to call mom,1
stop the music music,1
i need your your help here,1
i’ll i’ll talk to you you uh tomorrow,0
turn turn on the ac,1
we should leave soon,0
i am going going to the the store store now now now,0
are like you listening,1
turn on the lights,1
translate translate this to spanish,1
let’s get um lunch together,0
take take a note note please,1
i’ll talk to you tomorrow,0
are you listening,1
translate translate this to to spanish,1
what are you doing doing this weekend,0
it’s great talking to you,0
see you next next time,0
i need need your help here,1
can you take a picture,1
remind me to call mom,1
call me me when you reach,0
turn on the ac,1
stop the music,1
are you listening,1
switch off the lights uh in the kitchen,1
it’s been been a long day,0
my phone phone battery is dying,0
do do you want want to to join us later,0
robot show show me me the way,1
robot robot show me the way,1
translate translate translate this to to spanish,1
i am going to the store now now,0
did you hear hear that,0
it’s been a long day day,0
thanks everyone for coming,0
um could you like lower the volume,1
we should should leave soon soon,0
take a note please,1
my phone battery is dying,0
remind me to call call mom,1
turn on the the lights,1
that's what she said,0
it’s great great talking to you,0
could you you please repeat that that,1
robot show show like me the way,1
thank you all for being being here,0
could you you like you please please repeat uh repeat that,1
can can you explain explain that again,1
turn turn on the lights lights,1
take take a note please,1
i was telling you about the plan,0
do you want to join join us later,0
you know it was raining yesterday,0
can can you you take a picture,1
are are you listening listening,1
thank you all for for being being here,0
thanks like everyone for coming,0
okay see you around,0
hey assistant play some music,1
what are you doing this this weekend weekend,0
it’s great great talking to you,0
my phone phone battery is is dying,0
set set an alarm for 7 7 7 am,1
she said you were late,0
i’ll talk to you um tomorrow,0
call call like me when you reach,0
could you lower the the volume,1
robot show me the um way,1
are you listening listening,1
hey robot what is is the time,1
robot show me the the way,1
so what do you all think think,0
do do you want to join us later,0
uh it’s great talking to to you,0
i really really love this weather,0
i am going like to the store now,0
thank you all for for being here,0
hey hey assistant play uh play some music music,1
i’ll talk to you tomorrow,0
help me with the directions directions,1
start the fan now,1
robot show me the way,1
i was like telling you about the plan,0
can you help help me me with with this,1
turn on the the lights,1
do you want to join us later,0
are you listening,1
we should leave soon,0
she said you were late,0
can you help me me with this,1
my my phone battery is dying,0
hey uh robot what is the time,1
so what do you all think think think,0
stop stop the music,1
let’s get lunch together,0
take um a note note please,1
good morning everyone,0
see you next time,0
can you help me with this,1
that's what she said,0
it’s been a long day day,0
start start uh the fan now,1
she said you were late,0
call me when you you reach reach,0
what are you doing this weekend,0
open open the the window uh for me me,1
take a note please,1
switch off the lights lights in in the kitchen kitchen,1
are are you listening,1
um start the fan now,1
remind me to call mom,1
stop the music,1
so what do you all all think,0
robot stop,1
what can can you you do,1
stop stop the music music,1
thank you all for being being here,0
you you know it was was raining yesterday yesterday,0
this reminds me of something funny,0
i am going to the store now now,0
can um you take a picture,1
could you lower the volume,1
open the the window for like for me,1
it’s great great talking to you,0
that's what she said,0
robot robot show show me the way,1
switch off the the lights lights in the the kitchen,1
stop the music music,1
could could you please repeat that,1
thanks everyone for coming,0
stop the music,1
set an an alarm for 7 am,1
good like morning everyone everyone,0
um i need your help here,1
take a note um please,1
can you help me um with this,1
good morning everyone,0
call call call me me when you um reach,0
thank you all all for being here here,0
good morning everyone,0
tell uh tell me a joke joke joke,1
see you next time time,0
i was was telling you you about the plan,0
i need need your help here,1
hey hey assistant play some music,1
so what do you all think,0
i i really love this weather,0
what are you doing this weekend,0
you know it it was raining like raining yesterday yesterday,0
stop stop the music music,1
set an alarm alarm for 7 7 am,1
start the fan now,1
let’s get get lunch together together,0
good good morning morning everyone,0
set an alarm for 7 uh am,1
it’s great great talking to you,0
remind me me to call mom,1
can you help help me with this this,1
so what do like you all think,0
what can you do uh do,1
it’s it’s great talking to you,0
she said you were were late,0
she said you were late,0
robot stop stop,1
robot show me the like way,1
switch off off the the lights in the the kitchen kitchen,1
can you help me with this,1
let’s get lunch together,0
i need your help here,1
start start the fan now now,1
i was was uh was telling you you about the plan plan,0
can can you you help help me with with this this,1
good morning morning everyone everyone,0
okay see you around,0
so what do do you all think,0
i need your your help here,1
set set like an alarm for 7 am,1
can you help me me with this,1
it’s it’s been a a long day,0
okay okay see you around,0
robot show me the way way,1
did you you hear that,0
hey robot what is the time,1
hey um assistant play some music,1
good morning morning everyone everyone,0
we should leave soon,0
what can uh you do,1
i am going to the store store now,0
are you listening listening,1
open uh the window for me me,1
you you know like it was raining yesterday,0
hey hey assistant assistant play some music,1
did you hear that,0
tell me me a a joke,1
that's that's what what she said,0
switch off the the lights in the kitchen,1
turn like on the ac,1
i was was telling you you about the plan,0
turn um on the um lights,1
what are you you doing this weekend,0
switch switch off the lights in in the kitchen,1
open the the window for for me,1
like she said you were uh late,0
we should should leave soon,0
set an alarm um for 7 am,1
robot stop stop,1
my phone battery battery is dying,0
okay see you around,0
hey robot what uh is uh the time,1
robot show me the way way,1
i was telling you about the plan,0
good morning everyone everyone,0
did uh you hear that um that,0
you know it it was raining yesterday,0
so so what do you all think,0
thanks everyone for coming,0
tell me a joke,1
okay see you you around,0
did you you you hear hear hear that,0
i need your help like here,1
you know like it was was raining raining yesterday,0
take a note please,1
okay um see you around around,0
did you hear that,0
uh what are you doing this weekend weekend,0
take take a note note please please,1
we like should leave soon,0
switch off off the lights in in the the kitchen,1
it’s been a long day,0
i i am going going to the store now now,0
hey assistant play some music,1
i’ll i’ll talk to to you tomorrow,0
could you please repeat that,1
i need your your help here,1
this reminds me me of something funny,0
call call me when you reach,0
translate this to to spanish,1
stop the music,1
my uh phone battery is dying,0
translate this this to spanish,1
it’s great talking to you,0
that's what what she said,0
i need your help here,1
hey uh assistant play some music,1
can can you help me with this,1
she she said you uh were late late,0
i i i am am going to to the the store now,0
my phone battery is is dying,0
stop the music,1
are you listening,1
you you know it was raining yesterday,0
remind me to call mom,1
start the fan now now,1
uh robot stop,1
i am going to the store now,0
turn on on the lights,1
turn on the ac,1
help help me uh me with with the directions,1
call me when you reach,0
hey robot what is is the time,1
help me with the directions,1
open open the window for me,1
translate this to spanish,1
i was was telling telling you about the the plan,0
translate translate this like this to spanish,1
can you take a a picture,1
she said said you were late,0
tell me me a joke,1
she um said you were late,0
what are you you doing doing this um weekend,0
i was was telling you about like about the plan um plan,0
set an alarm for 7 7 am,1
let’s get lunch together,0
so what what do you all think think,0
it’s it’s great uh talking to you,0
switch off the um lights uh in the kitchen kitchen,1
what can you do,1
what can you do,1
remind me to call mom,1
open the the window window for for me,1
let’s get lunch together,0
remind remind me me to to to call mom,1
um could you please like repeat that,1
could you please repeat that,1
can you explain that again,1
remind me to call mom,1
it’s it’s great talking to you,0
that's what she said,0
did you hear that,0
call me me me when you reach,0
my phone battery is like dying,0
can you you explain that um again,1
thank you all for being being here,0
um my phone battery is dying,0
open the window for me,1
like i’ll talk talk to you tomorrow,0
like robot stop stop,1
can you help me with with this,1
like stop the music,1
this this reminds reminds me of something funny,0
so so what what do you you all think think think,0
can you take a picture,1
i really love like this weather,0
what can you do,1
we should leave soon soon,0
good morning everyone,0
can you help me with this,1
what what can you do,1
hey hey assistant assistant play some music music,1
she said you were late,0
thanks everyone everyone for coming,0
i need um need your help here,1
hey assistant play some some music,1
tell me a joke,1
so what do do you you all all think,0
so what do you all like all think um think,0
can you explain that again,1
remind me me to to call mom mom,1
i really really love love this weather weather,0
take take a note please,1
remind remind me me to call mom mom,1
help me with the directions,1
open the window window for me,1
i need need your your help here,1
turn turn like on the ac,1
uh could you lower the the volume,1
remind me me to to call call mom,1
tell tell me me a joke,1
robot stop,1
good morning morning everyone,0
robot show me the way,1
hey hey assistant play play some music,1
what can you do,1
hey assistant play some music,1
that's what she she said,0
okay see you around,0
translate translate this to to spanish spanish,1
could could could you please repeat that,1
switch off the lights in the kitchen,1
i am am uh am going to to to the store now now,0
do you want to join us later,0
thanks everyone for for coming,0
so what do you all think think,0
i am going to the store now now,0
see you next time,0
stop the music,1
this this reminds me of something funny,0
see you next like time,0
remind me to call mom,1
what are you doing doing this weekend,0
can can you help me with this,1
take a a note please,1
uh that's what she said said,0
what are you doing this weekend,0
robot robot stop,1
robot robot show um me the way,1
switch um off the lights in in the kitchen,1
it’s great talking to you,0
do you you want to join us later,0
um robot um show me the way way,1
can you you explain that again,1
good morning everyone,0
turn on um the lights,1
can you like take a picture,1
could you lower lower the volume,1
robot robot stop,1
can um you explain that again,1
um i was telling you um about the plan,0
switch off off the lights lights in the kitchen,1
robot stop,1
set an alarm alarm for 7 am,1
remind me to to call mom,1
remind me to call mom,1
help me with with the directions,1
turn on the the ac like ac,1
can you explain that again,1
could you lower the volume,1
thank um you all for for being being here,0
stop the music,1
did did you hear that,0
let’s get lunch together together,0
tell me a joke,1
are you you listening,1
could you lower the volume volume,1
turn turn on um on the lights,1
hey assistant assistant play some music,1
are you listening,1
remind me to to call mom,1
start the fan now,1
i need your help here,1
switch off the the lights lights in the kitchen,1
tell tell me a joke,1
i’ll talk to you tomorrow,0
good morning everyone,0
set an an alarm alarm for 7 7 am,1
i need your help uh here,1
hey um hey assistant assistant play some some um music,1
can you explain that again again,1
call me when you you reach,0
it’s been a long long day like day,0
i’ll talk to you tomorrow,0
it’s been a long day,0
um let’s get lunch together together,0
start the fan now,1
can you explain that again,1
we should leave soon,0
thank you all for being here,0
robot robot show me the the way,1
robot show me the way way,1
set an alarm for for 7 am,1
let’s get lunch together,0
open open the the window for me,1
i’ll talk talk to you tomorrow,0
can can you take a picture,1
remind me to call mom mom,1
this reminds me of of something something funny funny,0
set set like an alarm for 7 7 am am,1
so what do you all think,0
i i was telling you about um about the plan,0
do you want want to join us later,0
thank you all for being here here,0
turn on the lights lights,1
it’s great talking to you,0
that's that's what what she said,0
she said said you were late,0
it’s been a a long day,0
i am am am going to the store now,0
what are you doing this this weekend,0
open the window window for for me me,1
it’s great talking to like you,0
call call me me when you you reach like reach,0
robot stop stop,1
turn on the lights,1
we should leave soon soon,0
could like you lower lower the volume,1
i really uh really love love this weather,0
like could you please repeat repeat that,1
okay see you around,0
call me when um you reach,0
my phone battery is dying,0
okay see um you around,0
i need um your help here,1
that's what she said,0
can you take a picture picture,1
thank you all for being here,0
hey robot what is is is the time,1
like can you take a picture,1
turn turn on the uh lights,1
it’s great great talking to you,0
can can you explain that again,1
translate this to spanish,1
my phone phone battery is dying,0
tell tell me me a joke,1
robot stop,1
it’s great talking to you,0
could you please repeat that,1
she said you were late,0
can you help me with with with this,1
take a note please,1
what what can you do do,1
did you hear that that,0
i was was telling telling you you about about the plan,0
are uh are you listening,1
start the fan now,1
remind me to call call mom,1
take a note please,1
could you lower the the volume,1
translate this this to to spanish,1
can uh you um explain that again,1
remind me to call call mom,1
i am going to to the store store now now,0
hey robot what is the time,1
did you hear that,0
i really love this weather,0
i’ll talk to you tomorrow,0
my phone phone battery is dying,0
we should leave leave soon,0
this this reminds me of something funny,0
turn on on the lights,1
uh it’s great great talking talking to to you,0
robot show me the the way,1
so so what do do you all think think,0
that's what she she she um said,0
turn on the ac,1
thanks um everyone for for coming,0
see see you you next time,0
did you hear that,0
can you explain explain that again again,1
translate this to to spanish spanish,1
thank uh thank you all for being here,0
we should leave soon soon,0
like take a a note note please,1
it’s it’s been been a long day,0
i need need your help here,1
did you hear that,0
can you take a picture,1
i’ll talk to uh you tomorrow,0
this reminds me uh of something funny,0
tell me a joke,1
translate this to to spanish,1
that's what she said said,0
can like you take take a picture,1
okay see see you around,0
remind me to call mom mom,1
robot stop stop,1
she said you were late,0
let’s get lunch lunch together,0
that's what she she said,0
okay see see see you you around around,0
robot uh show me the the like way,1
what can can you do,1
let’s get get get lunch together,0
it’s been a uh long day day,0
let’s get get lunch together together,0
we we should leave soon,0
turn on the the like lights,1
i i really love this this weather,0
stop the the music music,1
i was telling you about the the plan,0
this this reminds me of something funny,0
it’s it’s been a long day,0
i was was telling telling you about about the plan plan,0
we should leave soon,0
tell me a joke,1
translate this to spanish,1
like could you like please repeat that um that,1
robot stop,1
um can you explain that again,1
thank you you all all for being here here,0
thank you all for uh being here,0
do you want to join us us later later,0
what can you do do,1
it’s been um a long long day,0
tell uh tell me a joke joke joke,1
robot show me the way,1
thank you all for being here,0
we should should leave soon,0
i really really love this weather,0
robot show show me me the way,1
like robot stop,1
remind me to to call mom,1
stop the music,1
are you listening,1
what are are you doing this weekend,0
my phone battery is is dying dying,0
my phone phone battery battery is dying,0
remind me to call mom,1
my phone battery is dying,0
i need your help here,1
can you explain that again,1
switch off the the lights lights in the kitchen,1
set an alarm for for 7 am,1
tell me a a joke,1
i’ll talk to you tomorrow,0
can you help me with this,1
start the fan fan now,1
we we should should leave leave soon,0
you know it was raining yesterday,0
um robot stop,1
it’s great great talking to you,0
you know it was raining yesterday like yesterday,0
tell me a joke joke,1
robot show me the way,1
i really love this weather,0
i’ll talk to to you tomorrow,0
what can you do,1
um i was was um telling you about the plan,0
you know it was raining raining yesterday,0
okay see you you around,0
we should leave soon,0
she said said you you were late,0
could like you lower the volume volume,1
do do you want to join us later,0
good like morning everyone,0
can can you help me with this this,1
good morning everyone,0
let’s uh get lunch lunch together,0
my my my like phone battery is dying,0
okay okay see you you around,0
do you want to join us later,0
turn on the ac,1
good morning everyone,0
are you listening,1
my my phone like battery is dying,0
did you hear that,0
are like you listening,1
can you help me me with this,1
stop stop stop the music music,1
help help me with the the directions,1
help help me me with the directions,1
you you know it it was raining yesterday yesterday,0
did did you you hear that,0
can can you explain that again,1
let’s get get lunch lunch together together,0
can can you take a picture picture,1
it’s great talking to uh to you,0
are you you listening,1
it’s been a a long day,0
hey assistant assistant play some some music,1
start the fan fan now,1
i i am going um going to the store store now now,0
translate translate this to spanish,1
are are you listening listening,1
could you you like lower the volume,1
did you hear like that,0
uh are you listening listening,1
set an alarm for 7 am am,1
take take a a note please,1
i i i was telling you about the plan,0
can you explain that again,1
it’s great talking talking to you,0
could you lower the the volume,1
can you take a picture,1
she said said you you were late,0
i’ll like i’ll talk to you tomorrow,0
are are you listening,1
help me um with the the directions,1
do you want to join uh us later,0
call me me when you reach,0
see you next time,0
thank thank you all all for for being here,0
switch off the lights in the kitchen,1
it’s great talking to you you you,0
i really love love this weather,0
translate translate this to spanish spanish,1
remind me to call mom,1
okay see see you around,0
see you you next time time,0
turn on on the lights lights,1
thank you all for being here here,0
can you take a picture,1
stop the the music um music,1
can you help help me with this this,1
thank you you you all for being here,0
that's what she she said,0
help me with the directions,1
i like was telling you about the plan,0
can you take a a picture,1
thanks everyone for for coming,0
do you you want to join us us later,0
it’s it’s great talking to you,0
what are you doing this weekend,0
call me when when you reach,0
like can you you explain that again,1
translate this to spanish,1
set an alarm for 7 7 7 am,1
i need your help help here,1
good um good morning everyone everyone,0
i am going to to the store now,0
she said you uh were like late,0
tell tell tell me a a joke,1
robot robot show me me the like way,1
robot stop,1
thanks everyone for coming coming,0
set an alarm alarm for 7 am,1
what can you you do,1
did you hear uh hear that,0
that's what she said,0
can you explain that again,1
she said said you were late,0
thanks everyone for coming,0
my my phone battery is dying,0
turn turn on the ac,1
could you lower lower the volume,1
that's what what she she said,0
that's that's what she said,0
switch switch off the lights in the kitchen,1
can you you explain that again,1
i was telling you about about the the plan plan,0
hey hey robot what what what is the time time,1
i need your your help uh here,1
can you take a picture,1
uh robot show me the the way,1
uh are you like you listening,1
she said you were like late,0
can can you you explain that again like again,1
turn on the ac,1
that's that's that's what she said,0
so what do do you all all think,0
are you listening listening,1
it’s been a long day,0
help like me with the directions directions,1
hey hey robot what is like the time time time,1
what can can you you do,1
so what do you you all think,0
it’s it’s great talking to you,0
let’s let’s get lunch together,0
turn turn turn on the ac,1
open open the window window for me me,1
could you lower lower the volume,1
so what do do you like all think,0
set an alarm alarm for for 7 7 am,1
turn on the lights,1
help me with with um with the directions,1
i really really love this weather,0
so what do you you all think,0
i really um love this weather,0
switch off off the the lights lights in the kitchen,1
it’s great talking to you you,0
let’s get lunch together,0
can you explain that again,1
set like set an an alarm for um 7 am,1
can you help me with this,1
set an alarm for for 7 7 am uh am,1
could you lower the the volume,1
she said you were late,0
we should should leave soon,0
hey assistant play some music,1
thank um you all for being being here here,0
okay okay see like you around,0
like my phone battery is dying,0
that's that's what what she said said,0
thanks like everyone for coming,0
good morning everyone,0
it’s great talking to to um you,0
can can you help me with this,1
i am am going to the like store now,0
stop stop uh the music,1
let’s get get lunch together,0
it’s it’s great talking to you,0
take a note please please,1
could uh could you lower lower the volume,1
it’s been a a long day,0
translate this um this to spanish,1
this this reminds me of something something something funny funny,0
did you hear that,0
can you take a picture,1
you know it was raining yesterday,0
thanks everyone for for coming coming,0
are you listening,1
what are are you doing this weekend,0
could you lower the volume,1
can can you you explain explain that again,1
robot stop stop,1
can can you help me with this,1
i i really love this weather weather,0
like that's what she said said,0
tell me uh a joke,1
can you explain that again again,1
we should leave soon soon,0
let’s get get lunch together,0
so what do you all think,0
can you like take a a picture picture,1
could you please repeat that,1
okay see see you around,0
we should leave leave soon,0
it’s been a long day,0
remind me me to to call like mom,1
robot show like me the the way,1
translate this to to spanish spanish,1
turn turn on the the lights,1
thank you all for being being here,0
stop stop stop the music,1
open open the uh window for me,1
translate this to spanish spanish,1
could you please repeat that,1
good morning everyone,0
robot stop,1
stop the music,1
switch off the lights in the kitchen,1
we should leave um soon,0
hey robot what is the time,1
help me with the um the directions,1
we should leave soon,0
can you help me with this,1
call me when you reach,0
set set an alarm like for 7 7 am,1
could you please repeat that,1
can you you take a picture,1
help help me with the the directions,1
what are are you you you doing like this weekend,0
i really love this this weather,0
turn on the lights,1
she she said you were late,0
turn on the ac ac,1
can you take a picture,1
stop stop the music,1
this this reminds reminds me of something funny,0
translate this to spanish,1
robot stop,1
so what do you all all all think,0
robot show me the the way,1
could you lower the volume,1
can you take a picture,1
okay see you around,0
see you uh next time,0
so what what do you all think think,0
could you lower the volume,1
i really love this weather,0
i i need need your help here here,1
i i need your your help here,1
we should leave soon,0
stop the music um music,1
remind me to call mom,1
she said you were late,0
uh could you lower the volume,1
i i really love this weather,0
hey um robot what is the time time,1
set an alarm for for 7 am,1
take a note please,1
uh open the window window for me,1
are you listening,1
what can you you do do,1
uh stop the music music,1
let’s get lunch lunch together,0
help me with the uh directions,1
i am going to to the store now,0
start uh the fan now,1
open open the window for me,1
i am going to the store now,0
it’s great talking talking to to you,0
turn turn on the ac,1
take a note please,1
you you know it was raining raining yesterday,0
this this reminds me um of something funny,0
remind me to to call mom,1
i’ll i’ll talk to to you tomorrow,0
translate this this to spanish,1
you know it was raining yesterday,0
it’s great talking to you,0
so what do you all think,0
good morning everyone everyone,0
she she said you were late,0
uh robot show me the way,1
okay see you around,0
are you listening,1
good morning everyone,0
did you hear hear that that,0
okay see you around,0
turn turn on the the lights lights,1
call me me when you reach,0
i’ll i’ll talk talk to you tomorrow,0
so what do you all think,0
tell me a joke joke,1
good morning everyone everyone,0
set set an alarm for 7 uh am,1
um i need your help here,1
so so what do you all think,0
tell me a joke,1
thanks everyone for coming,0
like robot show me the way,1
robot um show me the the way way,1
what what can you do,1
stop the the music,1
i was telling telling you about the plan,0
thank you you all for being here here,0
could you please repeat repeat that,1
what can you do,1
so so what do you all all think,0
could uh you lower the volume volume,1
good morning everyone everyone,0
help me with the the directions,1
switch off the lights in the kitchen,1
this reminds me of of something funny,0
turn on the lights,1
my phone battery is is dying,0
good good good morning everyone,0
turn on the lights,1
what are you you doing this weekend,0
that's what what she said,0
i’ll talk to you tomorrow tomorrow,0
turn turn on the lights,1
turn on the ac,1
did you hear that,0
thank you you all for being here here,0
turn on the lights,1
see you next time time,0
it’s great talking to you,0
i really really love love this weather weather,0
did you hear that that,0
i like am going to the store store now,0
hey uh robot what is is the time,1
can you you take a picture picture,1
call me when you reach,0
can you you explain that again,1
i am am um going to the store now,0
like it’s been a long day,0
i need your help here,1
we should leave soon,0
set set an an alarm for 7 7 am,1
like translate this to spanish,1
um i am am going to the store now,0
can can you you help help me uh with this,1
switch off the lights in the kitchen,1
take a note please,1
it’s great talking to to you,0
what can you do,1
i’ll talk talk to you tomorrow,0
good morning morning everyone,0
it’s been been a long day,0
i am going going to the store now,0
i was telling you about the plan,0
like take a note note please,1
start the fan now,1
that's what she said,0
could you lower the the volume,1
i was telling you about the the plan plan,0
so what do you you all think,0
set an alarm alarm for for 7 am am,1
are uh you listening,1
so what do uh you all think think,0
help me with the like the directions um directions,1
see you next time,0
call me me when you reach,0
turn on the ac,1
start the fan fan fan now,1
let’s get lunch together,0
what can can you you do,1
i was telling you you about the the plan,0
see you next time,0
set an uh alarm for 7 am,1
so what do you all think,0
what what are you doing this weekend weekend,0
robot show show me the way,1
set an an alarm alarm for 7 am am,1
call call me when you reach,0
that's what she said,0
i really love this weather weather,0
i i am going to the the store now,0
robot robot stop stop,1
can you like explain that that again,1
it’s great talking to you,0
it’s been a long day day,0
stop the music,1
i need your help here,1
call me when you you reach,0
could could you you please repeat that,1
turn on on the the the lights,1
take a a note um note please,1
this this reminds me me of something funny,0
turn on the ac,1
are you you listening,1
i am going to the store store now,0
i need need your your help here,1
set an alarm for 7 am,1
can you explain explain that again,1
good morning everyone,0
this reminds me of something funny,0
help me with the directions,1
can you explain that again,1
turn on on the lights uh lights,1
open the window for me,1
could you like lower the volume,1
can you take take a picture,1
i need uh your help here,1
stop the music,1
my phone battery is dying uh dying,0
uh thank you you all for being here,0
set an an an alarm for 7 am,1
hey assistant play play some music music,1
so what do you you all think,0
turn turn on the ac,1
translate this this to uh to spanish,1
are are you you listening,1
hey robot what is the the time,1
i was like telling you you about the plan,0
what can can you do,1
it’s great talking talking to you,0
she she said said you were late,0
did you hear that,0
what can you do do,1
translate this um to spanish,1
we should leave soon,0
so what do you all think,0
it’s it’s been a long day,0
good morning everyone everyone,0
hey assistant play some music,1
i was telling telling you about about the plan plan,0
remind me to call mom mom,1
are you listening,1
robot show me the the the way way,1
like thanks everyone everyone for coming,0
call call me when when you reach,0
call me when you reach,0
this reminds me of something funny,0
could you um lower the volume,1
i i really um really love this weather,0
could you lower lower the volume,1
robot stop,1
this reminds reminds me of of something funny funny,0
i really love this weather,0
what are you doing this weekend,0
take take like a note please,1
you know it it was raining raining yesterday,0
thank you all for being here,0
translate translate this to to spanish spanish,1
start the fan now now,1
so what do you you all think think,0
it’s been a long day,0
good morning everyone,0
i really really really love this this weather,0
hey assistant play some music,1
robot robot stop,1
set an alarm for 7 am,1
i’ll i’ll talk to you you tomorrow,0
um start the fan fan now now,1
can you help me with this,1
it’s been a long day,0
i am going going to the the store now,0
it’s been a long day,0
remind me to to uh call mom,1
uh can you you take a uh picture,1
i really love love this this weather,0
tell tell me a a joke joke,1
can you you help me with this this,1
switch off the lights in the the kitchen,1
we should leave leave soon,0
thanks everyone for coming,0
turn turn turn on like on the the ac ac,1
could you please please repeat repeat that,1
what can you do,1
robot show me the way,1
take a note please,1
i’ll talk to you tomorrow,0
what are you doing this weekend,0
that's that's what she said,0
i’ll like talk to to you tomorrow,0
stop the music,1
thank you all for being here here,0
hey robot robot what is the time,1
what can can you you do,1
robot robot stop,1
what are you doing this weekend,0
thank you all for being here,0
tell me a joke,1
she said you you were were late,0
robot stop,1
set an alarm for 7 am,1
thank you all all for being here,0
set an alarm for 7 7 am am,1
thanks everyone for coming coming coming,0
she said you were late late,0
translate this this to spanish,1
like could you lower the volume,1
you know know it was raining yesterday,0
see you next uh time,0
my phone battery is is dying dying dying,0
what are you doing this weekend,0
turn on the ac,1
can can you take a picture,1
are you listening,1
could you lower lower the volume volume,1
this reminds reminds me of something funny,0
this reminds me of of something funny funny,0
robot show me the the way,1
could you you lower lower the the volume volume,1
it’s been a long long day day,0
can you you explain that again,1
thank thank you all for being here,0
hey uh robot what is the like the time,1
take a note uh note please,1
she said you were late,0
robot show show like me the way,1
stop the music,1
that's what she said,0
i’ll i’ll talk to you tomorrow,0
remind me me to call call mom,1
so so what do you you all think,0
good good morning everyone,0
so what do you you all all think think,0
can you help me me with this this,1
what can can you um do,1
robot show me the the way,1
switch switch off the lights in in the kitchen,1
turn on the ac,1
i am going going to the store now,0
what can you you do do,1
hey robot what is the time,1
open open the window window for for me,1
open open the window for me,1
hey assistant play some music,1
um what are you doing like this weekend,0
okay see see you around,0
so what do you all all think,0
i’ll talk talk to to um you tomorrow,0
like thanks everyone for coming coming,0
this like this reminds reminds me of of something uh funny,0
let’s get lunch together,0
that's what she she said,0
i was telling telling you about uh the plan plan,0
set an alarm for for 7 am,1
good good morning everyone,0
this reminds me of of something funny,0
let’s let’s get like lunch together,0
translate translate this this to to spanish,1
robot show me the way way,1
switch off the the lights in the kitchen,1
my my phone battery is dying,0
thank you all for being here,0
what can you do,1
my phone battery is dying dying,0
turn on the lights,1
hey hey assistant play some some music,1
stop the music,1
are you listening,1
i’ll i’ll talk talk to you tomorrow,0
can can you take a picture,1
can can you take a picture,1
can can you uh you take a picture picture,1
so so what do you you all all think,0
my phone battery is is dying,0
set an alarm for 7 am,1
thank you all for being here,0
turn on the ac,1
robot show me the way way,1
we should leave soon soon,0
could you lower the volume,1
turn on the lights,1
what are you doing this weekend,0
tell me a joke,1
call call me when um you reach,0
did did you hear hear that,0
it’s been a long day,0
could you you please repeat that,1
thanks everyone for coming,0
could could you uh lower the volume volume,1
i i i need um your help here,1
my phone battery battery is dying,0
it’s been a a a long day,0
tell me a joke,1
help help me with with the directions,1
what can you do,1
um do you want to join us um us later,0
let’s get lunch like together,0
tell tell me a joke,1
stop stop the um the music,1
what uh are you you doing this weekend,0
did um you hear that,0
we should leave leave soon soon,0
that's what she said,0
i was telling you about the plan,0
uh it’s been a long day,0
call me me when when you reach,0
hey assistant assistant play some music,1
what are you um doing this this weekend,0
i’ll talk to to you you tomorrow,0
she said you were late,0
turn on on the ac like ac,1
tell me a joke,1
hey assistant play some music,1
hey assistant play some music music,1
translate this to spanish,1
i am am going to to uh the store uh now,0
help me with the directions,1
can you explain that again,1
tell me a a joke,1
thank you all for being here,0
this this reminds reminds me me um of something funny,0
did did you you hear that that,0
are are you listening,1
i was like was telling telling you about the plan,0
did you hear like that,0
stop the the the music,1
hey assistant assistant assistant play some music music,1
did did you like you hear that,0
this reminds me of of something funny funny,0
it’s great talking talking to to to you,0
i was telling telling you about the plan,0
could you lower the volume,1
i really really love this weather,0
could could you lower the volume,1
i really love this this weather,0
turn on the lights,1
good morning morning morning um everyone,0
start the fan fan now,1
she uh said you were like late,0
thanks um thanks everyone for for coming coming,0
turn on the lights,1
turn on the lights lights,1
good good morning everyone,0
did did you uh hear that,0
um i am going to to the store now now,0
are you listening,1
um she said you were late,0
uh did you hear hear that that,0
i i am am going to to the store now,0
start the fan now,1
stop the the music,1
uh switch off the the the lights in in the kitchen,1
tell me a joke,1
um stop the music,1
can can you explain explain that again,1
thank you you all for being here,0
hey robot what um is the time,1
turn on the lights,1
thank thank you all for being being here here,0
okay see you around,0
it’s been a long long day day,0
we should like leave soon soon,0
switch like off the lights lights in the kitchen,1
call me when you reach,0
i’ll talk to to you tomorrow,0
like can you help me with this,1
could you lower the volume volume,1
i am going to the the store now now,0
i was was telling you about about the plan plan,0
okay see see you around around,0
are you you listening,1
turn on on on the lights lights,1
hey assistant play some music,1
hey assistant play some music,1
hey robot robot what is the time,1
switch off off the lights in the kitchen,1
i i am going going to the store now,0
translate this to spanish,1
um help me with the the directions directions directions,1
did you hear that that,0
what are you you doing this this weekend,0
thank you you all for for being here here,0
like i was telling you you about the plan,0
hey hey assistant assistant play some music,1
stop stop the the music,1
what can you you do,1
stop the music um music,1
hey assistant play some music,1
i really really really love this weather,0
set set an alarm for 7 7 am,1
could you please repeat that,1
did you like hear that,0
i was was telling you about the plan,0
this reminds me of something something funny,0
could you lower um the volume,1
set an an alarm alarm for 7 am,1
could you lower the the volume volume,1
she said said you were late,0
good morning everyone,0
um this um reminds me of something something funny funny,0
so so what do you all think,0
my phone phone battery battery is dying,0
it’s been a long day,0
can you explain explain that again,1
okay okay see you around,0
okay see you around around,0
i need need need your help here,1
my phone battery is dying,0
start the fan fan now now,1
it’s great talking to you,0
you know it was raining yesterday,0
i was telling you about the plan plan,0
see you next time,0
hey robot what is the time,1
it’s been a long day,0
remind remind remind me to call call mom,1
call me when you reach,0
like turn on on the lights,1
you you know it was raining yesterday,0
can can you explain that again,1
we should leave like soon,0
remind remind me to call mom,1
turn on the lights,1
tell me me a joke,1
help like help me with the directions directions,1
i’ll i’ll talk to you tomorrow tomorrow,0
i need your um help here,1
set an alarm for 7 am,1
this this reminds me of uh of um something funny,0
can can you take a a picture,1
did um you hear that,0
could you lower the volume volume,1
help me with the directions,1
it’s been been a long day,0
take a note please,1
thanks um everyone for uh coming,0
remind remind me me to call like call mom mom,1
call me when you reach,0
take a a note please,1
turn on the lights lights,1
thank you all like for being here,0
translate this to spanish,1
robot like stop,1
take a note please,1
help me with the directions,1
can can um you explain that that again,1
can can you you explain that that again,1
it’s been a long day,0
hey robot what like what is the time,1
call me me when you reach,0
i really love this this weather,0
robot show me me the way way,1
thank you all for being being here,0
uh thank you you uh all for being here,0
i’ll talk talk um to you tomorrow tomorrow,0
it’s it’s great talking to you,0
thank you you all for uh being here,0
robot stop,1
what are you doing this weekend,0
uh okay see you around around,0
set an an alarm for 7 am am,1
she said said you were were late,0
we should leave leave soon,0
did did you you hear that,0
see you you next next time time,0
call me um me when you you reach,0
turn on the lights um lights,1
could you you lower the volume,1
we we should should leave soon,0
good morning everyone,0
turn turn on on the the ac,1
thanks everyone for coming,0
start start the fan now,1
it’s great great uh talking to to you,0
see you you next next time,0
did did you like you hear that,0
so uh what um do you all all think,0
it’s been a long day,0
did you hear like that,0
that's what she said said,0
we should leave leave soon,0
let’s let’s get lunch lunch together,0
open the window window for me,1
hey robot what is the time,1
open open the window for me,1
set an alarm for 7 am,1
good good morning everyone,0
can you explain that again,1
i really love this weather weather,0
hey assistant play play some some music,1
my phone battery is is dying,0
tell me a a uh a joke,1
take a note please,1
turn on the ac,1
what are you doing this this weekend,0
hey assistant play some music,1
could could you please repeat repeat that that,1
what are you doing this weekend weekend weekend,0
can you help me with this,1
do you want want to join join us later,0
see you next next time time,0
remind like me to call mom,1
let’s let’s get lunch together,0
switch off the lights in the kitchen,1
are you listening listening,1
what are you you doing this weekend,0
it’s been been a a long long day day,0
okay see you around,0
we we should should leave soon,0
see see you you next um next time,0
help me with the directions,1
stop the music,1
i really love this weather,0
hey robot robot what what is is the the the time time,1
she like she said you were late,0
could you please repeat that,1
start the fan now,1
this reminds me of of something uh funny,0
i need your help here,1
i’ll talk to you tomorrow,0
can you you you explain that that again,1
did you hear that that,0
it’s it’s it’s been a long day,0
let’s get lunch together together together,0
thanks everyone for coming,0
it’s great talking to you you,0
i i am going going to the store store now,0
what what are are you doing this um weekend,0
call me when you reach,0
like robot stop,1
my phone battery is dying,0
remind me me to call call mom,1
hey hey assistant assistant play some music,1
uh i need need your help here,1
robot stop,1
open like the like window for me,1
switch off the lights in the kitchen,1
start the fan now,1
call me when when you you reach,0
can can you take take a like picture,1
could you please repeat that,1
turn on the lights,1
set set an alarm for 7 am,1
see you next time,0
i need your help here,1
that's what she said,0
help help me with the directions,1
i am going to to the store now,0
it’s great talking to you,0
robot stop,1
take a note please,1
switch off the lights in the kitchen,1
see you next time,0
remind me to call call mom mom,1
can can you you take a picture,1
this reminds me of something funny,0
what what can you you do,1
i’ll talk to to to you um tomorrow,0
start the fan now,1
i’ll talk talk to you tomorrow,0
thanks everyone for for coming coming,0
switch switch off uh the lights in the kitchen,1
she she uh said you were late,0
like robot stop,1
can can you explain that again again,1
open the window for for me,1
thanks everyone for coming,0
like she said you were late,0
could you please repeat that,1
we should leave soon,0
robot stop,1
remind me to uh call mom mom,1
could you lower the the the volume,1
are you listening,1
can you help me with this,1
i i was telling you about the the plan,0
thanks everyone for um coming,0
help me me with the directions,1
good like morning everyone,0
that's what what she um said,0
translate this to spanish uh spanish,1
did did you you hear hear that,0
my phone battery is is dying,0
could you lower the volume,1
she said said you were late,0
robot robot robot stop stop,1
that's what she she said,0
can you help me with this,1
tell me a joke,1
remind me me to to call call mom,1
see you next time,0
okay see you you around around,0
translate translate this this to spanish,1
switch off off the lights in the the kitchen,1
i need your help here,1
okay see you around,0
open the window window for for me,1
could you you please please repeat that,1
could you please repeat that,1
you know it it was raining yesterday,0
i’ll talk talk to you tomorrow,0
switch off the lights lights in the kitchen kitchen,1
thanks everyone for for coming coming,0
hey assistant play play some music music,1
it’s great talking talking to you,0
could you lower the volume volume,1
uh thank um you all for being here,0
hey robot um what is is the the time,1
could you lower the the volume um volume,1
set uh an alarm for 7 am,1
remind me to call mom,1
i really love this weather,0
open the um the window for me,1
i need your help here,1
that's what she said said,0
good morning everyone,0
could you lower lower lower the volume,1
are you listening,1
let’s get lunch like lunch together,0
see you next time,0
can you take like a picture,1
hey robot what is the time,1
tell me a joke joke,1
thanks everyone for for coming coming,0
stop the music,1
can you take a picture,1
set an like alarm for 7 7 am,1
do you want to to join us later later,0
stop stop the music,1
this this reminds me of something funny funny,0
like see you next time,0
my my phone battery is dying,0
help me with the directions directions,1
can you help like help me with this,1
help me me with the directions,1
uh are you listening,1
hey robot what is the time,1
thank you all for for being here,0
remind me me to um to call mom,1
what can you do,1
um i am am going to the store now,0
hey assistant play some music,1
could you you lower the volume,1
it’s it’s been been a a long uh day,0
could you lower the volume,1
what what like can you you do,1
tell me a joke,1
hey assistant play play some music music,1
i need need your help help here here,1
do you want to join us later,0
i was telling telling telling you about about like the plan,0
let’s get lunch together,0
take a note please please,1
this reminds me me of of something funny,0
hey hey robot what is the time,1
that's what she she said,0
could you you please repeat that,1
let’s get lunch together together,0
start the fan now,1
could you please repeat repeat that,1
can you help me with this,1
i was telling you you about about the plan plan,0
call call uh call uh me when like when you you reach,0
start the fan fan now now,1
i i was telling you about the plan,0
set like an alarm alarm for 7 am,1
did you hear that,0
i i need your your help here,1
do you you want to to join us later,0
let’s get lunch together,0
can you explain that again again,1
let’s let’s let’s get lunch together together,0
switch off the like lights in the the kitchen,1
see you you next next time,0
could you lower the volume,1
robot robot robot show me the way,1
set set an an alarm for 7 7 am,1
help help me with the the directions,1
it’s been a long long day,0
translate this to like to spanish,1
see you next time,0
uh open the window for me,1
translate this to to spanish,1
open the window for me,1
start the fan now,1
that's what she said,0
uh tell me a joke,1
start the the fan now,1
switch switch off the lights in the kitchen,1
could you please please repeat that,1
good good morning everyone,0
what can you do,1
turn on the lights,1
like i need need your help here here,1
could you lower the volume volume,1
call me when you reach,0
this reminds me of something something funny,0
switch switch off off the the lights in the kitchen,1
uh see you next next time time,0
we should leave soon,0
we should leave soon soon,0
start the fan now,1
help help me with with with the like directions,1
can uh you help me with this,1
set an an alarm for for 7 am,1
thank you all for being here,0
so what do you all all think,0
see see you you next um time,0
what are like you doing this weekend,0
can can you explain that again,1
okay see you around,0
uh turn on on the lights,1
like tell me me um a joke,1
can you take a picture,1
like start the fan now,1
thanks everyone everyone for coming,0
my phone phone battery uh is dying,0
can you explain that again,1
we should leave soon,0
she she said you were late,0
could you lower the volume,1
translate translate this to uh spanish,1
my phone battery is dying,0
did did you hear that,0
so what do you all think,0
translate this to spanish,1
robot robot show me um the way,1
help help me with the directions directions,1
this reminds reminds me of something something funny,0
help me with the um directions,1
she said you you were were late,0
are you you listening listening,1
that's what she um she said,0
i am going to the store now,0
hey assistant play play some music,1
could could you please repeat that,1
we should like should leave soon soon,0
stop the music music,1
switch off the lights in um the kitchen,1
turn on the lights,1
i am going to the store now,0
tell tell me me a a joke,1
so what do you all think think,0
switch off the lights in uh the kitchen kitchen,1
robot show me me the way,1
i i was was telling you about the plan,0
help me with the directions,1
okay see you around,0
what can can you do do,1
let’s get lunch together,0
tell tell me a joke,1
stop the music,1
robot stop,1
are you listening,1
could you lower lower the volume,1
okay see see you around,0
this like reminds me me of something something funny,0
remind me to call mom mom,1
it’s been a uh a long day,0
i was telling telling you about the plan,0
i really love this weather,0
thanks everyone for for coming,0
like let’s get lunch together together,0
she said you were late,0
uh okay see you um around,0
my phone phone battery battery is dying,0
my phone battery is dying,0
robot stop,1
take a note please,1
do you want want to join us later later,0
she said you you were late,0
could you please repeat repeat that,1
thanks thanks everyone for coming,0
so what do you all think,0
it’s it’s great talking to you,0
you know know it was raining yesterday,0
do you want uh to join us uh us later,0
did you hear hear that,0
can you take take a picture,1
it’s been a long day day,0
i was telling you you about the plan,0
see you next time,0
what um are you doing this weekend,0
turn on the lights,1
can you you help me with with this,1
what can you do,1
could you you please repeat repeat that,1
hey robot what what is the time,1
that's that's like what she said,0
this reminds me of something funny,0
can can you you help me with this,1
could you please repeat that,1
could you please repeat that,1
okay see you you around,0
what are you doing this this weekend,0
i’ll talk to you tomorrow,0
what uh are you you doing doing this weekend,0
start the fan now,1
it’s great talking to you,0
call call call me when you reach,0
turn on on the ac,1
thank you all for being here,0
it’s great talking to you,0
good morning morning everyone,0
let’s get lunch lunch together together,0
i need your help here,1
what can you do,1
switch um off the lights lights in the kitchen,1
um hey robot what is is the time,1
see you you you next time,0
okay okay see you around around,0
robot uh robot stop,1
thanks everyone for coming,0
switch switch off the lights in the uh kitchen,1
set an like alarm for 7 am,1
help me with the directions,1
could you lower the volume volume,1
it’s it’s great great uh talking to you,0
we should should leave leave soon,0
open the window for me,1
okay see you around,0
open like the window window for me,1
that's what she said,0
so so what do you you all think,0
do you want to join us like later,0
let’s like get lunch together together,0
robot um robot like stop,1
thanks everyone for coming,0
stop the music music,1
she said said you were late,0
help me with the directions directions,1
good morning everyone,0
see you you next time,0
what can you you do,1
take a note uh please,1
translate this to spanish spanish,1
thanks thanks uh everyone for for coming coming,0
i’ll talk talk to you tomorrow,0
translate this to spanish spanish,1
can can you help me me with this,1
open um the window like for me me,1
that's what she she said,0
turn on the lights,1
can can you take take a picture,1
that's that's that's what she said,0
i am going to the store store now,0
open the window for me me,1
i’ll talk to you tomorrow,0
call call me when you reach,0
i am going to the um store now,0
it’s it’s been been a long day,0
uh i really love this weather,0
so what do you you all think think,0
robot robot show me the way,1
hey assistant assistant play some music music,1
stop stop the the music,1
we should leave soon,0
i’ll i’ll talk talk to you tomorrow,0
thanks everyone for for coming coming coming,0
can you you take take a picture,1
that's what she said,0
take take a note please,1
so what do you all think,0
i was telling you you about the plan,0
can you help me with this this,1
can you help me me with with this this this,1
did you hear that that,0
call me when you reach,0
i i really love this weather,0
stop stop the music uh music,1
it’s great talking talking to you,0
this this reminds me of something funny,0
turn turn on the ac,1
my phone battery is dying,0
i need your your help here,1
we should should leave soon,0
could you lower the volume,1
robot show me like the way,1
turn on the ac ac,1
you you know it was raining raining yesterday,0
we should should leave soon um soon,0
i like i like am going to the like store now,0
it’s it’s great talking to to you,0
help me with with the directions,1
tell me me a joke,1
stop the music,1
i need your your like help here,1
help me with the directions directions,1
do you want to to um join us later,0
like tell me me a joke,1
um translate this to spanish,1
can you explain explain um that again,1
thanks everyone for for coming,0
set set an alarm for 7 am am,1
this this reminds me of something funny funny,0
tell me a joke,1
see see you next time time,0
thanks everyone for for coming coming,0
you know it was raining like yesterday,0
i’ll talk to you you you tomorrow,0
i’ll talk to you tomorrow,0
it’s been a long day,0
i’ll talk uh to you tomorrow,0
robot stop,1
what can can you you do do,1
switch uh switch off the like lights in the kitchen,1
could you lower the volume,1
can you help me with this,1
see you next time,0
okay see you you around,0
i really love um this weather,0
uh are uh you listening,1
um did you hear that,0
are you you listening listening,1
call me when you like reach,0
switch um off the lights in in the kitchen,1
thanks everyone for coming,0
thank thank you you all for for being here,0
i was was telling telling you like about the plan,0
take take a note note please please,1
hey assistant play play some music,1
robot show show me the way,1
this this reminds like me of something funny,0
stop the the music,1
can you take a picture picture,1
she she said you were late late late,0
are you listening,1
i’ll talk to you tomorrow,0
turn on the the ac,1
i was telling you you about about the plan,0
this reminds reminds me me of something funny,0
translate this to to spanish,1
are you you listening,1
turn on the ac,1
could you lower the volume volume,1
like stop the music,1
turn on on the ac,1
could you you lower the volume,1
are you you listening,1
let’s get lunch together,0
i was telling you about the the plan,0
that's what she said,0
did you hear that,0
stop stop the music music,1
it’s been like been a long day,0
could you please repeat that,1
turn on the ac,1
start the fan now,1
open the window for me me,1
could you lower the volume,1
open the like window for me,1
i really love this um weather,0
i really love this this um weather,0
tell me a joke,1
what what can you do do,1
can you take a picture,1
like start the fan now,1
i was telling you about the plan,0
start the fan now,1
robot stop,1
call me me when you reach,0
robot show me the way,1
tell me me a joke,1
do you want want to like join us later later,0
i’ll talk to you you tomorrow,0
this uh reminds me me me of something funny,0
good morning everyone,0
she said you were were late,0
turn on the the uh ac,1
thanks thanks everyone everyone uh for coming,0
hey assistant play some some music,1
turn turn on on the like lights,1
could you please please repeat that,1
open the the window window for uh me,1
thank you all for for being being here,0
help me with the the directions,1
hey robot what is the time,1
can you help me with with with this,1
okay see you you around around,0
you know it it was was raining yesterday,0
hey assistant play some music,1
thanks everyone for coming,0
robot stop,1
i am going to to like the store store now,0
thank you you all all for being here,0
okay see you um around,0
open the window for for me,1
can you you take a uh picture,1
good morning um everyone,0
stop stop the music,1
okay see you around,0
i need your help help here,1
my phone battery is dying,0
do you want to join us later,0
what are you doing this weekend,0
could could you please repeat that,1
good morning everyone everyone,0
okay see see you you around,0
start the fan now,1
this reminds me of something funny funny,0
okay see you around,0
uh i need your your help help here,1
turn on on on the ac,1
that's that's what she she said,0
tell me a joke,1
turn on um the ac,1
so what do you all think,0
help me with the directions directions,1
can you take a picture,1
i am going to the store store now,0
we uh should leave soon,0
can you you take a picture,1
what are you doing this weekend weekend,0
okay see you around around,0
i am going to um the store now,0
turn turn on the the ac,1
that's what um she said,0
do you you want to join us later,0
i really love this this weather,0
let’s get lunch lunch together,0
i’ll talk to you tomorrow,0
so what what do do you all think think,0
what what are you doing this weekend weekend,0
see you next time,0
tell me a a joke,1
start start the fan now,1
i really love this weather,0
call me when you reach reach,0
help me with with the directions directions,1
thank thank you you all for being here,0
hey robot what is is the time,1
i’ll talk to you you tomorrow,0
open open uh the window uh for me,1
turn on the the lights,1
thanks everyone for coming coming,0
take take a uh note please,1
what can you do,1
what can you do,1
like turn on like on the lights,1
hey hey robot robot what is is the time,1
robot show me the way way,1
i really love this this weather,0
can you help me with this,1
i really love this weather,0
did you you hear that,0
are you listening,1
okay okay see you you around,0
could you you lower the volume,1
see you you next time,0
robot show me me the the way,1
robot robot stop,1
uh see you next time time,0
tell me me a joke,1
are you listening,1
i really love love this weather,0
uh let’s get lunch lunch together together,0
you know it it was raining raining yesterday,0
my phone phone um battery is dying dying,0
robot robot stop,1
can you help um me with with this,1
can you help me with this this,1
hey hey assistant play some uh music,1
set an alarm alarm for um 7 am am,1
hey assistant play play some music,1
what are you doing like doing like this weekend,0
she said you were late,0
robot show me the way,1
help me me with the directions,1
that's what she said,0
thank you all for being here,0
can you help me with this,1
that's what what she said,0
so what what do you uh all think,0
i was telling you about about the plan plan,0
open like open the window for for me,1
i was was telling you you about the plan plan,0
my my phone battery is dying,0
are you you listening,1
that's what what she she said,0
it’s great talking to um to you,0
turn on on the lights,1
good morning everyone,0
my phone battery is dying uh dying,0
uh could you please repeat that,1
translate this this to spanish,1
you know it was raining yesterday,0
i really really love this weather,0
thanks everyone for coming,0
can you you um take a picture,1
it’s like it’s great talking to to you,0
that's that's what what she said,0
okay see see you around,0
help me with the directions,1
um i like really love this weather weather,0
start the fan now now,1
translate this to um spanish,1
tell like me a joke,1
um see you next time,0
robot show show me the the way,1
we should leave leave soon,0
switch switch off the lights in in the kitchen,1
i need your help here,1
thanks thanks uh everyone for coming,0
that's um what she said,0
can you take take a picture,1
so so what do you all all think,0
you you know it was was raining um raining yesterday,0
good morning everyone,0
we should leave soon soon,0
are you you listening,1
could you lower lower the volume,1
it’s been a long day,0
that's um what she said,0
did you hear that,0
i like am going to the the store now,0
thanks thanks everyone everyone for coming,0
this reminds reminds me of something funny funny,0
hey assistant uh play like some music music,1
take a a note please please,1
do you want to join us later,0
open the window for me me,1
stop stop the music,1
she said you were were late,0
so what do you all think,0
are you you listening,1
could could you please repeat that,1
i’ll uh i’ll talk to you tomorrow,0
you know it was raining yesterday yesterday,0
can uh you help me with this,1
can can you explain that again,1
are you listening,1
call me when you reach reach reach,0
i was telling telling you about the plan,0
can you help me with like with this,1
can you you explain that again,1
okay see you you around,0
call me when you reach reach,0
what what can you do do,1
you you know it it was raining yesterday,0
start the fan like now,1
i really love this this weather,0
this reminds me of something funny funny,0
see you next next time,0
let’s get lunch lunch together,0
could could you lower the volume,1
stop the um music,1
she said you were late late,0
what are you doing doing this weekend,0
did you hear that,0
do you want to join us um later,0
see you next time,0
uh good morning everyone everyone,0
open the window for me me,1
it’s it’s been a long day,0
stop the music,1
did you you hear that that,0
we we we should leave leave soon,0
open the the window for me,1
i uh was telling you about about the plan,0
switch off the lights in the kitchen,1
hey assistant play some some music,1
what are are you doing this weekend,0
could you please repeat that um that,1
what what are you doing doing this weekend,0
this this reminds me of of of like something funny,0
help help me with the like the directions,1
she said you you were late late,0
remind me to call mom mom,1
thanks everyone for for coming,0
thanks thanks everyone for for coming,0
i’ll talk to you tomorrow,0
did you hear that,0
what can you do,1
i’ll i’ll talk to you tomorrow,0
she said you uh were late late,0
hey assistant play some music,1
that's what like she said,0
take a note please,1
i am going to the store now,0
you know it was was raining yesterday,0
open the window for me,1
set an alarm for 7 am,1
turn on the lights,1
see you next time,0
start the fan now,1
turn on uh the ac,1
robot robot show me the way,1
let’s get lunch together,0
help me with the directions like directions,1
i was telling like telling you about the plan plan,0
i i really love this like weather,0
switch off the lights in in the um kitchen,1
turn on on the ac,1
she said said you were late,0
could you lower the volume,1
stop stop the music,1
i like need your help here,1
open the window window for for me,1
it’s it’s been a long day,0
it’s it’s great great talking to you,0
turn on the the lights lights,1
open open the window window for for me,1
i really love love this weather,0
translate this to spanish,1
start start the fan now,1
robot show me the way um way,1
switch off the lights in the kitchen,1
like take a note please,1
let’s get lunch together,0
see you um next time time,0
she she said said you were late,0
like remind me to call call mom,1
okay okay see you around,0
i’ll talk to to you like tomorrow,0
you um know it was raining yesterday,0
you know it was was raining yesterday yesterday,0
can you explain that that again,1
i’ll talk to you tomorrow tomorrow,0
i i need your help here here,1
can you help me me with this,1
like i’ll talk to you you you tomorrow,0
i was telling you you about like the plan,0
she said you were late,0
good morning everyone,0
robot like robot show me the way,1
take a note please,1
robot robot stop,1
that's what what she said said,0
take take take like a um note please,1
are are you uh listening,1
it’s been been a long um day,0
so so what do you all think think,0
take a note please,1
help help me me with the directions,1
good morning everyone everyone,0
can you take take a picture,1
open open the window for me,1
it’s been um been a long day day,0
my phone battery is dying,0
what can you do do,1
hey robot robot what is is the time,1
call call me when when you reach,0
translate this to spanish,1
she said said you were late,0
thank you you all for being here,0
i’ll talk to you tomorrow,0
we should leave soon,0
start the fan now,1
hey robot what what is the time,1
help me with the directions,1
this reminds me me of of something funny funny,0
did did you hear that,0
my phone battery is dying,0
open the window for me,1
i need need your help help here,1
hey assistant play some music,1
uh so um what do you all think,0
what are you doing this weekend,0
stop the music,1
hey robot what is is like the time,1
translate translate this to to spanish spanish,1
uh translate this to like to spanish,1
i need need your um help here,1
switch like off the lights in the the like kitchen,1
good morning everyone,0
help me with with the directions directions,1
stop like the music music,1
i really love this weather,0
take a note please,1
can you help me me me with this,1
like are you listening,1
i really love love this weather weather,0
call me when you reach,0
she said you were were late,0
set an like alarm for 7 7 am,1
hey assistant play some some music,1
that's what what she she she said,0
are are you listening listening,1
do you want to like join us later,0
see you you next next time,0
open the window for me,1
robot stop,1
i was telling you you about about the the plan,0
do you want to join us later later,0
we should leave soon,0
set an an alarm for 7 7 am,1
can you take a picture,1
thank you all for um being here,0
so what do you all think,0
good morning morning everyone,0
i really really love this weather,0
set an alarm for 7 am,1
hey robot what is um the time,1
it’s it’s great great talking to you,0
my uh phone battery is dying,0
i am going to the store now,0
take a note please,1
can you you um take a picture,1
take a um note please,1
it’s it’s great talking to to you,0
help me with the directions,1
this reminds reminds me of something something funny funny,0
translate this to spanish,1
that's what she said,0
could um you lower the volume,1
hey assistant play some music,1
robot robot stop,1
remind me uh to call mom,1
open the the window for for me,1
turn on on the ac,1
i really really love this weather,0
did you you hear that,0
take a note note please,1
see you next time time,0
translate this to spanish,1
it’s been a long day,0
robot stop,1
call me me when you reach,0
what are you doing this weekend,0
robot show show me the way,1
let’s get lunch together,0
stop the music,1
take a note please,1
start the the fan now,1
translate this to spanish spanish,1
what are you doing this weekend,0
are you listening,1
robot show me the way,1
what are are you doing this this weekend,0
do you want to to join us later,0
this this reminds uh me of something funny,0
thanks everyone for coming,0
thanks everyone for for for coming,0
can you explain explain that again,1
tell me me a joke joke,1
i was telling you you like about the plan,0
i really really love this this weather,0
robot um show me the way,1
it’s great talking to you,0
i really love this weather,0
take a a note please,1
i i need your your help like here,1
do you want to join us later later,0
thank you all for being being here here,0
remind me me me to to call call mom,1
see you you next time time time,0
let’s get lunch together,0
this this reminds reminds me of something funny,0
call me when you reach,0
i’ll talk talk talk to you tomorrow,0
good morning morning everyone everyone,0
so like what do you all think,0
do you want to join us later,0
are you listening,1
tell me a joke,1
robot robot stop,1
robot stop,1
remind me um to call mom,1
okay okay see see you around,0
i was telling you about the the plan,0
start the fan now,1
can you take take a uh a picture,1
thanks thanks everyone for coming coming,0
take a note please,1
translate this to spanish,1
remind me me to call mom mom,1
i’ll talk to to you you tomorrow,0
did you hear that,0
my my phone battery is dying,0
see you next time,0
let’s get lunch together,0
it’s great talking talking talking to you,0
like i really love this this weather,0
do you want to join us later,0
are you listening,1
can can you explain that again,1
turn on the um lights,1
start the fan now,1
my phone battery um battery is is dying,0
thank you all for being here,0
can you take take a a picture,1
this reminds me of something funny,0
good morning everyone,0
did did you hear that,0
that's what she said said,0
turn on the the ac ac,1
tell me a joke,1
thank you you all for being here,0
stop the music,1
can you explain that again,1
hey robot robot what is the time time,1
so what do do you all think,0
it’s been a long day day,0
let’s get lunch lunch together,0
thank you all all for being being being here,0
that's what she said,0
see you next time,0
open the window for for me,1
can you explain explain explain that again again,1
i really love love this weather,0
good good morning everyone,0
open the window window window for me,1
i need your help here here,1
translate uh this to spanish,1
this reminds reminds me of something something funny,0
help me with the directions,1
this reminds me of of something funny funny,0
did you hear hear that,0
um set an alarm alarm for for 7 am am,1
hey hey assistant play some music,1
what can you do do,1
translate this to spanish,1
translate translate this to spanish spanish,1
okay see you you around,0
call me when you reach reach,0
see you next next time,0
can you help me with this,1
uh tell me me a a joke,1
thank you all for for for being uh here,0
this reminds me of something funny,0
stop stop the music,1
could could you please repeat that,1
could you please repeat that,1
like this reminds me of like something funny funny,0
like we should leave soon,0
okay see you around,0
can you explain that again,1
okay see see you around around,0
we should leave soon,0
take a a note note please,1
set an alarm for for 7 7 am,1
she she said you you were late,0
i’ll talk to you tomorrow,0
start the the fan now,1
could could you lower the volume,1
did did you hear uh hear that,0
i was was telling you about the the plan,0
so what uh do you all think,0
could could you please repeat that,1
it’s been been a long day,0
remind me to call mom mom,1
did did did you um hear that,0
can you take take a picture,1
can you you explain that that again,1
could you lower the uh volume,1
so what do do you all all think think,0
you uh know it was raining yesterday,0
did you hear that,0
set an alarm for 7 am am,1
could you please please like repeat that,1
see you next time,0
we we should leave soon,0
okay see you like around,0
that's what she said said,0
help me with the the directions,1
set an alarm for for 7 7 am am,1
hey assistant play uh some music,1
robot show me me the the way,1
can can you you explain that again,1
what can you do do,1
thanks everyone for coming,0
turn turn on the lights,1
hey hey robot what is um is the time,1
are you listening,1
uh open the the window for me,1
like take a note please,1
can you take a like picture,1
do you um want to to join join us like us uh later,0
start the fan now um now,1
see you next time,0
so what what do do you all think,0
she said you were late,0
i really love this this weather weather,0
could you lower the volume volume,1
hey robot robot what is is the time,1
did did you hear hear that,0
do uh you want to join us later,0
i am going to to the the store now,0
stop the music,1
turn on the lights,1
good morning morning morning everyone,0
i am going going to the store now,0
turn on on the ac ac,1
robot show me the way,1
remind me to call mom,1
i need your help here,1
what are are you doing this weekend weekend,0
could you lower the volume,1
start the fan now now,1
stop the music,1
good morning everyone everyone,0
what are you doing doing this like this weekend,0
switch off the lights in the kitchen kitchen,1
remind me to call mom,1
i’ll i’ll talk to you you um tomorrow,0
can you explain that again again,1
switch off the lights in in the kitchen kitchen kitchen,1
that's what what she said,0
you know it was raining yesterday,0
do you you want to join us later later,0
i am am like going to the store now now,0
let’s get lunch together,0
um we should leave soon,0
you know it was raining yesterday,0
could could you you uh lower the volume,1
thank you all for being here,0
this reminds me me of of something funny,0
call me when you reach,0
see see you next time,0
that's what she said,0
so what do you all think think,0
start start the fan now,1
can you take uh take a a a picture,1
robot stop,1
i i really love this weather,0
help me with the directions,1
are are you listening listening,1
start the like fan now,1
i’ll i’ll talk to you um tomorrow,0
translate this to spanish,1
can you explain that again,1
could uh you please repeat that,1
let’s get uh lunch together,0
do you want want want to join us uh us later later,0
robot robot stop,1
that's what she said,0
tell me a uh a joke joke,1
she said you were late,0
start the fan fan now now,1
turn on um on the the ac ac,1
let’s get lunch uh together,0
um take a note please,1
what can you do,1
turn on the lights,1
my phone battery is dying,0
what can you do,1
open the window for for me me,1
hey robot robot what is the the time,1
i’ll talk to you tomorrow,0
good morning morning everyone,0
i i need your help here,1
i need your help here,1
are you listening,1
take a note please please,1
help like me with the directions,1
call me when you you reach reach reach,0
like stop the the music,1
thank you all all for being here,0
robot stop,1
so what what do you all think,0
can can you help me with this,1
this reminds me of um something funny funny,0
help me with the directions,1
so what do you you all think,0
robot robot show me um the way,1
like robot stop,1
take a note like please,1
that's what what she said,0
are are you listening,1
uh that's what she said,0
could could you you lower the volume volume,1
open the window for me,1
you know know it was raining yesterday,0
open open open the window window for me,1
can you explain explain that again again,1
what are you doing doing this weekend weekend,0
take a note please,1
my phone battery is dying dying,0
call call me when uh you reach,0
what can you you do,1
i’ll i’ll talk to you tomorrow,0
you know it was raining yesterday,0
um so what like do you um all think,0
could could you please repeat that,1
she she said you were late late,0
this reminds me of something funny,0
good good morning everyone,0
i i need um your help um here,1
thanks everyone for for coming,0
uh you know it was raining yesterday,0
like translate this to spanish,1
did you you uh hear that that,0
you know it was raining yesterday,0
call me like when you reach reach,0
let’s get lunch together,0
robot show me the way,1
help me me with the directions,1
i’ll talk to you you tomorrow,0
um thanks everyone for for coming,0
you know know it was raining yesterday,0
turn on on the the lights,1
robot robot stop stop,1
stop the music,1
translate this uh to um spanish,1
it’s been been a long day,0
let’s get get lunch lunch together together,0
do you you like want to to join us later later,0
see you next next time time,0
i’ll i’ll um talk to you tomorrow,0
robot stop,1
um see you next time,0
she said you were late late,0
remind remind me to call mom,1
translate this to spanish,1
can you help me with this,1
start the fan now,1
it’s great talking talking to you,0
could you you lower the volume,1
okay see you you around around,0
open the window for me me,1
i i was telling you you about the the plan,0
i i was telling you about the the plan,0
remind me um to call mom,1
did you hear that,0
translate this to spanish,1
i am am going going to the store store now,0
robot show show me the way,1
you know um it was raining yesterday yesterday,0
i really love this weather,0
she said said you were late,0
we uh should leave soon,0
see see you uh you next time,0
let’s get lunch together,0
let’s get lunch together,0
open the window window for me,1
thank you all for for being here,0
turn on the ac,1
okay see you around,0
thanks everyone for coming,0
i need your help here,1
it’s been a long day,0
we should leave soon,0
call me when you you reach reach,0
stop stop the the music,1
do you want to join join us later,0
i am going to the the store store now now,0
can you take a picture,1
i i need your your help uh here,1
take a note please,1
do you want to join join join like us later,0
could could you lower lower the volume,1
tell me a joke,1
what what are are you doing this this weekend,0
what are you you doing this weekend weekend,0
hey robot what is the time,1
you know it it uh was raining um yesterday,0
thank like you all for being here,0
set um an alarm for 7 am,1
what can you you do,1
stop the the music,1
set an alarm alarm for 7 like am,1
good good morning morning everyone,0
i am am going to the store now,0
could you lower the volume volume,1
hey hey robot what is the the time,1
are you listening,1
she said you were late,0
i need your help here,1
could you please repeat that,1
this reminds me of something funny,0
let’s get um lunch together,0
my phone like battery is dying,0
robot stop um stop,1
that's what she she said,0
could you lower the volume,1
my phone phone battery is dying,0
i i am going to the the store store now,0
i was telling telling you about the the plan,0
can you explain explain that again,1
see you you next time,0
robot robot stop,1
call me when you reach,0
do you want to to join us later later,0
call me when you you reach,0
what can you do,1
turn turn on the ac ac,1
thanks thanks everyone for uh coming,0
she she she said you you were late,0
could you lower the volume,1
did did you hear that that,0
hey hey assistant play some music,1
we we should leave like soon,0
i i need your help here,1
we we should should like leave soon,0
can you take a picture,1
robot stop stop,1
what are you doing this weekend weekend,0
that's what she said,0
like it’s great talking to to you,0
set set an alarm for 7 am,1
help me me me with with the directions directions,1
did you hear that,0
hey assistant play some music,1
thank you all for for being being here,0
thank you uh you all for being here,0
okay see you around around,0
tell um me a joke,1
it’s been a long day day,0
i’ll talk talk to you tomorrow,0
it’s it’s been a long day um day,0
could you please repeat that,1
i am am going to to the store now,0
hey hey assistant assistant play some um music,1
uh set an alarm for 7 am,1
good morning everyone,0
hey robot what is the time,1
tell me a joke,1
i like need your help here,1
can you take a a picture,1
call me me when you reach,0
take a note note please please,1
i’ll talk to you you tomorrow,0
hey robot what is like the time,1
tell me a joke joke,1
start the fan now,1
what can you do do,1
i’ll talk to you tomorrow,0
she said you you were late,0
could could you please like repeat that,1
turn on the ac ac,1
what are are you doing this weekend,0
like remind me to to call mom,1
good morning everyone,0
i need need your help help um here,1
this reminds reminds me of something funny,0
can you help me with this,1
it’s great great talking to you,0
take a note uh please,1
could you uh you please repeat repeat that,1
robot show me the the way,1
do you want to join join us later,0
i am am going going to the store now,0
i am am going to the the store now now,0
take a note please,1
so what do you all all think,0
thanks everyone for coming,0
what are you you doing this weekend,0
thank you you all for being here,0
see see you next time time,0
are you listening,1
i am going to the store store now now,0
this reminds me of something funny,0
help me with the directions directions,1
i i was was telling you about about the the plan,0
hey assistant assistant play some music,1
could you lower the uh volume,1
can um you take a a picture,1
you know it was was raining yesterday,0
that's that's what she said,0
switch off the lights in in the the kitchen,1
good good morning everyone,0
um set an alarm for um 7 am,1
could could you please repeat repeat that,1
remind me um me um to call call call mom,1
start the fan now,1
could could you please repeat that,1
can you help like me with this,1
okay okay see you around,0
we should leave soon soon,0
translate this to to spanish,1
my phone battery battery is dying,0
i i am am going to to the uh store now now,0
i am going to the store now,0
did you hear that,0
do do you want to to join like join us us later later,0
help um me with the directions,1
okay see you around,0
can you explain that again,1
stop the the music,1
um hey robot what like is the time,1
i i really love love this weather,0
what can you um do,1
i really love this weather,0
stop like the music music,1
it’s great talking to you,0
set an alarm for um 7 am am,1
call me when you reach,0
remind me to call mom,1
turn on the lights,1
you you know it was raining yesterday yesterday,0
turn on on the ac,1
um it’s been a a long day,0
start the fan now,1
call call me when when you reach reach,0
so what do you all think,0
see you uh next time,0
see you next time,0
uh could you lower like the volume,1
stop the music music,1
let’s let’s get get lunch together,0
uh did you hear hear that,0
take a note please please,1
help help me with the directions,1
my phone battery is dying,0
can you take take a picture picture,1
i’ll i’ll talk talk to you tomorrow,0
uh it’s been been a long day day,0
i really really love this weather,0
do um you want want to join us later,0
could could uh you lower the the volume,1
stop the music,1
you know it was was raining yesterday yesterday,0
help me with like the directions,1
this reminds reminds me me of something um something funny,0
what what can can you do,1
take a note um please,1
set an alarm alarm for 7 am,1
can you um take a picture,1
that's what she said,0
thank like thank you all all for being here,0
could you you please please repeat that that,1
i i am going going to the store store now,0
my phone battery battery is is dying,0
open the window for me,1
start start the fan fan fan now,1
tell tell um me a joke,1
call me when when you reach,0
do you want to uh join us later,0
let’s get lunch together,0
good morning everyone,0
i’ll talk to to you tomorrow,0
remind me to to call mom mom,1
like open the window for me,1
good morning everyone,0
start the fan fan fan now,1
can you take take take a picture,1
let’s get lunch together,0
turn on the like ac,1
uh could you lower the the volume,1
we we should leave soon soon soon,0
uh switch off the the lights lights lights in the kitchen,1
see you next next time,0
she said you you um were late,0
let’s get lunch together,0
thanks everyone for coming,0
you you know it was raining raining yesterday,0
can you explain that again,1
help me with the directions,1
can can um you take a a picture,1
hey robot what is is um the time,1
are like you listening,1
call me when you reach reach,0
are you you listening,1
help me with the directions,1
set an an alarm for 7 am,1
help me with the directions,1
we should leave uh leave soon,0
tell me me a joke,1
open the window for me,1
help me with with the the directions,1
start the the the fan now,1
could you you please repeat that,1
open the window for for me,1
remind me to to call mom,1
hey hey assistant play some music,1
that's what she said,0
i i was telling you about about the plan,0
can you you take a picture,1
she said said you were late,0
robot robot show me the way,1
translate translate this to spanish spanish,1
call me when you reach,0
robot um robot show me the way,1
help me with the the directions,1
tell me a joke,1
take take a note note please,1
you know it like it was raining yesterday um yesterday,0
this this reminds me of something funny,0
remind remind me to call mom,1
can you explain that again,1
tell me a joke,1
like you know know it it was raining raining yesterday,0
start the fan uh now,1
switch off the the lights lights in the kitchen like kitchen,1
help me me with the directions,1
um can you help me with this,1
take a note please,1
see you next time,0
this reminds me of something uh something funny,0
turn on the lights,1
remind me me me to call mom,1
hey uh robot what is the the time,1
start the fan now now,1
thanks everyone um for coming coming,0
thanks thanks everyone for coming,0
we should leave soon,0
can you help me me with with this,1
uh i need your help here,1
you know it was was raining yesterday,0
could could you lower the volume,1
it’s it’s great talking to to you,0
remind remind me to call mom,1
did did you hear that,0
translate uh this to spanish,1
thanks everyone everyone like for coming,0
this reminds me of something funny,0
turn on um the lights,1
could you please please repeat that that,1
set an alarm for 7 am,1
turn on the lights,1
robot show me the way,1
what can can can you do,1
so what do you all all think,0
let’s get lunch lunch together,0
could you please repeat that,1
help help me with the directions,1
my phone battery is dying,0
robot robot show me the way way,1
help me me with the directions directions,1
we should leave soon soon,0
good morning everyone,0
you know know it was raining yesterday,0
can you take a picture,1
could you lower the the volume,1
okay see you like around,0
take a note please,1
stop stop stop the the music music,1
do do you you want to join us later,0
stop the music music,1
i i really love this weather weather,0
okay see you around,0
i’ll talk to to you tomorrow,0
so what do you all think,0
turn turn on the the ac,1
like she said you were late,0
my my phone battery battery is dying,0
my my phone battery um is dying,0
see you you next time,0
call me when you reach,0
start the the like fan now,1
it’s great great um talking to you,0
turn on the the lights,1
i really love this weather,0
okay see you you around,0
what can you you do,1
like we should leave soon,0
remind me to to call mom,1
are you listening,1
turn on the lights lights,1
stop the the music,1
we should leave soon soon,0
what what can you do,1
she said you you were late late,0
robot stop stop,1
it’s been a long long day,0
did you hear that,0
could you please repeat repeat that,1
turn on on the um ac,1
i was telling you about the plan,0
good morning like everyone,0
um remind me me to call mom,1
she said you were late,0
do you you want like to join us us later like later,0
that's what she said,0
did you hear that that,0
are you listening,1
i really really love this weather,0
my phone phone battery is is dying,0
my phone phone battery is dying,0
my my uh phone battery is dying,0
you you know it was raining yesterday,0
are you you listening,1
hey assistant assistant play like some music music,1
start the fan now now,1
hey robot robot what is is the time,1
hey assistant play some music,1
open open the window for for me,1
it’s been been a long day,0
what can you do,1
did you you hear that,0
hey um assistant play some music,1
thanks like everyone for coming coming,0
we like should leave soon soon,0
robot show me me the way,1
robot stop,1
i need your help help here,1
okay see you around,0
remind me to call mom,1
can you explain that that like again,1
that's what what she she said,0
this this reminds me of something funny,0
can uh can you explain that that again,1
okay see you around,0
tell me a joke joke,1
my phone battery battery is dying,0
um see you you next time,0
could you lower the the the volume,1
set an alarm for 7 7 uh am,1
my phone battery is dying,0
i really love this weather,0
set an an alarm for 7 7 am,1
you know it was raining yesterday,0
my phone battery is uh dying,0
can you explain that again again,1
help me with the the directions directions,1
what can you do,1
take like a note note please,1
it’s it’s great talking talking to you,0
um can you you take take a a picture,1
robot stop,1
remind me to call call mom mom,1
uh we should should leave soon,0
i was was uh telling you you about the plan plan,0
my my phone battery battery is dying,0
set an alarm for 7 7 am,1
switch switch off the lights in the kitchen,1
my phone battery is dying,0
robot show me um the way,1
remind me me to call mom,1
what are you doing this weekend,0
call call me when when you reach,0
it’s been a a long day,0
i uh am going to the store now,0
she said you were late,0
what can you do,1
do you you want to join us us later,0
good morning everyone,0
robot show me the the way,1
set set an an alarm for 7 am,1
i i really love this weather,0
i’ll like talk to you you tomorrow,0
good morning everyone,0
you you know it was was raining yesterday,0
did you hear that that,0
i need need your um help here here,1
okay see see um you around,0
um what are are you you doing this weekend weekend,0
tell me me a a joke,1
like can you help me with with this,1
turn turn on the the lights,1
can you take a picture,1
thank you all for being here,0
tell tell me a joke joke,1
like switch off the lights lights in the kitchen,1
i i am going to to the store now,0
i need your help here,1
i need need your help here,1
remind me to call call mom mom,1
i really love love like this weather weather,0
that's what she said,0
good morning everyone,0
um i need your help here,1
my phone phone battery is dying dying,0
let’s get lunch lunch together together,0
thanks everyone for coming,0
she she said you you you were um late,0
let’s get lunch together,0
switch switch off off the lights in the kitchen,1
are you listening,1
could you please repeat that,1
did did you hear that that,0
could you lower the the volume,1
did you hear that that,0
turn on on the ac,1
can you explain that again again again,1
i really really love this weather,0
robot show me the way,1
can can you help me with this,1
i was telling uh you about uh about the plan,0
okay see you around around,0
are you listening listening,1
do you want to join us like later,0
you know it was raining yesterday,0
take a note note please,1
what can you do,1
you know it was was raining yesterday,0
i need your help here,1
okay okay um see you around around,0
it’s great great talking to you,0
it’s it’s great great talking to you,0
okay uh see you you around,0
can you take a a a picture,1
hey robot what what uh what is the time,1
i’ll talk to to you tomorrow,0
start the fan fan now,1
okay see you around around,0
switch off the lights in the the kitchen,1
let’s get get like lunch together,0
we we should leave soon,0
take a note please please,1
open the the window for me me,1
i’ll i’ll talk to you you tomorrow,0
hey hey robot what is the time,1
translate translate this to spanish,1
we should leave soon,0
okay see uh you around,0
hey hey assistant play some music,1
are you listening,1
what can you do do,1
call call um me when like you reach,0
so what do you you all all think,0
i i was telling you you about the plan,0
thank you all for being here,0
hey hey assistant play play some music music,1
take take a note please,1
translate this this to spanish spanish,1
hey robot what is the time,1
start the fan now now,1
it’s been been a a long day day,0
thank you all for being here here,0
translate translate this to spanish,1
did you you hear that,0
this this reminds me of something funny,0
see see um you next time time,0
switch off off the lights in the the kitchen,1
i was telling you about about the plan,0
she said you were late,0
what are you doing this weekend,0
what what can you do,1
i need need your help here here here,1
this reminds reminds me me of something funny,0
i’ll talk to to you tomorrow,0
we should like should leave leave soon,0
remind remind me me to call mom,1
can you take take a picture,1
hey robot what what is the time,1
i was telling like telling you you about the the plan plan,0
okay like see you around,0
can like you take a picture picture,1
i am going to the store now now now,0
you know it was was raining yesterday yesterday,0
could you please repeat that that,1
i am going to the store now,0
turn on the lights lights,1
see you next time time,0
robot stop,1
translate this to spanish,1
that's what what she said,0
switch off the lights uh in the the kitchen,1
i need your help here here here,1
hey robot what is the the time,1
that's what she said,0
thank you you all for being uh here,0
turn on the lights,1
do you want to join us um later,0
see you next next time,0
can can you you help me me with this,1
it’s like great talking to you you,0
tell me a joke joke,1
remind me to to call mom,1
help me with the directions directions,1
okay see see you around,0
are you listening,1
are you listening,1
um could you you you lower the volume,1
this reminds me of of something funny,0
it’s great talking to you,0
this um reminds me of something funny funny,0
robot show me me uh the way,1
hey assistant play some um music,1
are are you listening,1
um good morning everyone,0
thanks thanks everyone for coming,0
hey robot what what is the time,1
remind me to to call mom like mom,1
it’s been been a a long uh day,0
set an alarm for 7 am am am,1
turn on the ac,1
switch off off the lights in the kitchen,1
so what do you all think think,0
can you take a picture,1
call me me when you reach,0
uh help me with um with the the um directions,1
see you next time,0
robot show me the way,1
start start the fan now,1
my phone battery um is dying,0
thanks everyone for for coming,0
open the window for um me,1
are you you listening,1
i’ll talk talk to you tomorrow tomorrow,0
so what do do you you all think,0
robot show me the way,1
thank you all for being here here,0
call call me like me when you reach,0
i was telling you about the plan plan,0
you know it was was raining yesterday,0
robot stop,1
do you you want to join join us later,0
robot show me the the way way,1
thanks everyone for coming,0
remind me to call mom,1
start the fan now,1
remind me to call call um mom,1
remind me to call call mom,1
robot stop,1
translate translate this to spanish,1
translate this to spanish,1
hey robot what is the the time,1
could could you lower lower the volume,1
can can you help me with this,1
that's what she she said said,0
what are uh you doing this weekend,0
i need need your your help here here,1
could you you please repeat that,1
can can you explain explain that again,1
it’s great talking to you,0
it’s been a a long day,0
i need your help here um here,1
can you explain that again,1
so so what what do you all think think,0
open the window for me,1
open the window for me,1
turn on the ac ac ac,1
turn on the ac,1
she said said you were late,0
you know it was raining yesterday,0
let’s let’s get lunch together,0
thank you all all for being here,0
remind remind me to call call mom,1
hey robot robot what is the time time,1
did you hear that that,0
tell tell me a joke,1
good morning everyone,0
did did you hear that,0
it’s been a long long long day,0
robot stop,1
turn on the um lights,1
let’s get lunch together,0
we should leave soon,0
what are you doing this weekend,0
that's what she said,0
thanks everyone for coming,0
are you listening,1
i need your help help here,1
i’ll talk to you you you tomorrow,0
hey assistant play some some music,1
okay see see you around around,0
turn turn on the lights,1
could you lower the volume,1
thank you all for being being here,0
i am am going to the store now,0
call me when you reach,0
help me me with the directions,1
thank you you all for being um here,0
switch off off the the lights in the the the kitchen,1
did you hear that,0
you know it was raining yesterday yesterday,0
robot show me the way,1
did did you you hear that,0
let’s get lunch together,0
switch off the lights in in the kitchen,1
can you take take a picture,1
it’s great talking talking to you,0
could you lower the volume volume,1
translate this to to spanish,1
i really love love this weather,0
uh i’ll talk uh to you tomorrow,0
i am going to to the store now,0
turn on the lights lights,1
let’s get lunch lunch together,0
like i was was telling you about the like plan,0
i really really love this weather,0
hey assistant play some music,1
set set an uh an alarm for for 7 am,1
are you listening listening,1
remind me to call mom,1
i’ll talk to you tomorrow tomorrow,0
i need your uh help here here,1
i am going to the store store now,0
see you next time,0
it’s it’s been a a long day,0
remind remind me to like call mom,1
remind remind me to call mom mom,1
i’ll talk like to you tomorrow tomorrow,0
turn on uh on the ac ac,1
open the the window for me,1
okay okay see you you around,0
okay see you you around,0
i’ll talk talk to you tomorrow,0
i am going to the the store store now,0
turn on on on the ac,1
hey assistant um play some music,1
start the fan fan now now,1
uh can um you take a picture,1
hey robot robot what is the um time,1
see you next time,0
let’s get lunch lunch together together together,0
can you take a picture,1
i need your your help here here,1
hey assistant play some music,1
um that's what she said,0
what are are like you doing this weekend weekend,0
i’ll talk talk um to you tomorrow,0
i am going going to the store now,0
i was telling uh you about the plan plan,0
thank you all for for being here,0
she she said you were were um late,0
set an alarm for 7 am,1
i was telling telling you about the plan,0
thanks everyone everyone for coming,0
can can you take a a picture,1
could you like lower the volume,1
this reminds reminds me me of something funny,0
let’s get lunch together,0
my my phone battery is dying,0
stop stop the the music,1
stop the music music,1
call me when you you reach,0
it’s it’s been a long day,0
i really love love this weather,0
thanks everyone for coming,0
let’s let’s get get lunch together,0
open the window window for me me,1
thank you all like for being here here,0
it’s like great talking to you,0
take a note please,1
thank you all for being here here,0
turn um on the ac,1
can you help me me with this this,1
did did you hear hear that,0
thank thank you all all for being here,0
did did you hear hear that,0
can you explain explain that again,1
i was telling you you about about the plan,0
it’s been been a long day,0
stop the music music,1
turn turn on the lights,1
she said said you were were late,0
this reminds me me me of something funny funny,0
i’ll talk to you tomorrow,0
okay see you around,0
start start the fan now,1
can you you take a picture,1
see you next time,0
good morning everyone,0
she said you were late,0
let’s like get lunch um together,0
can you you take a picture,1
i was telling you about the the plan,0
good morning everyone,0
take a a note please,1
take a note please,1
remind me to call mom mom,1
it’s great great great talking to you,0
set an an alarm for 7 7 am,1
thanks everyone for coming,0
hey robot what is the time,1
turn turn on the the lights,1
good morning everyone,0
remind me to call call mom,1
set an alarm for 7 am,1
um robot stop,1
you know it was raining yesterday yesterday,0
um this reminds me of something funny,0
can you explain that again again,1
i am going to the store now,0
can you you help me with with this,1
could you lower lower the volume,1
we should leave leave soon,0
okay see you uh around,0
thanks everyone everyone for coming,0
do you want to join um us later,0
um take a note note please,1
turn like on the the ac ac,1
help me me with the the directions,1
what what can can you do,1
my phone phone battery is dying,0
let’s get get lunch together,0
stop the the music music,1
did you you hear that,0
what are you doing this weekend,0
what like are you you doing this weekend,0
it’s been a long day,0
see you you uh next time,0
tell me a um joke,1
open the window for me,1
see you next time time,0
thanks everyone for for coming,0
can you you explain that again,1
take a a uh note please please,1
can you help help me with with this,1
i’ll talk to you you tomorrow,0
switch off the lights in um the kitchen kitchen,1
you you you know it was was raining yesterday yesterday,0
you you know uh it was was raining yesterday,0
i i was telling you about about the plan,0
tell me a joke,1
call me when you you reach,0
i i was was telling telling you about the the plan plan,0
you know it it was raining yesterday,0
like are you listening,1
hey robot robot what is the time,1
okay like see you around,0
stop the music,1
remind me to to call call call mom,1
uh she said said you were late,0
help help me with the directions,1
i’ll talk um to you tomorrow,0
it’s uh great talking to you,0
hey robot what what is the time,1
tell me me a a joke,1
i really love this this weather,0
set an an alarm alarm for 7 am am,1
um this reminds me of something funny funny,0
it’s been a long long um day,0
take a note please,1
what can can you do,1
can uh you take a a picture,1
i need your help help here,1
could could could you lower the the volume volume,1
i need need your help here,1
set an alarm for 7 7 um am,1
you know it was raining yesterday,0
you you know it was was raining raining yesterday yesterday,0
open the window window for me me,1
i’ll talk to you tomorrow tomorrow,0
what are you doing this weekend weekend,0
this this uh reminds me me of something funny,0
turn on the ac,1
translate this this to spanish,1
i am going to the store now,0
robot show me the way way,1
remind me uh to call mom,1
i’ll talk to to you uh tomorrow,0
thank you all for being here,0
good morning everyone,0
my phone phone battery is dying,0
good morning everyone,0
good good morning everyone,0
take take a note please please,1
that's what she said,0
do do you want to join join us later,0
call me me when you reach,0
open the window for for me,1
good morning everyone everyone,0
uh she said you were late,0
it’s been a long uh day,0
stop the music music,1
uh start the fan now now,1
this reminds me of of something funny,0
this reminds me of something funny,0
so what what do do do you all think,0
it’s great talking to you,0
open the window for for me,1
what are you you doing this this weekend,0
it’s been a long day,0
i need your help here here,1
call call me when you reach,0
what can you you do,1
i am going to to the store now,0
can you you help me with this this,1
um can you explain that that again,1
can you help me with this,1
could uh you lower the volume,1
robot stop,1
can can you explain that again,1
good morning everyone everyone,0
i really love love this weather,0
are you you listening listening,1
take a note please,1
what um are you you doing this weekend,0
we we we should should leave soon,0
can can you help me with this,1
that's what she she said said,0
my phone battery is dying,0
see you next time time,0
can you take a picture,1
switch off the lights in the kitchen,1
robot stop,1
hey assistant play some music,1
okay see you you around,0
can you help me me with this,1
okay see you around around,0
call call me when you reach,0
help me with like the directions directions directions,1
stop the the music,1
thanks everyone for coming,0
call call me when you um reach,0
take a note please,1
i really love this like weather,0
translate translate this to spanish,1
start the fan fan now now,1
i i am going going to the store now now,0
stop stop the music,1
could could you please repeat that that,1
robot robot stop,1
it’s great talking to you,0
see uh see you next time,0
open the window for me,1
remind me to call mom,1
i really love this weather,0
can you take a picture picture,1
could you lower the the volume,1
could you lower the volume,1
did you hear that,0
stop the the music,1
so what do do you you all think,0
what can can can you you do,1
what are you doing doing this weekend,0
okay see you around around,0
can you explain explain that that again,1
i i was telling uh you about uh about the plan plan,0
hey assistant play like some music music,1
can you you explain that again,1
i need need your help help here,1
open the window for me,1
could you please repeat repeat that um that,1
hey robot what is the time,1
i’ll talk to you tomorrow,0
tell me a joke,1
it’s been a long day,0
open the window window for me,1
stop stop the music music,1
i’ll talk to you tomorrow,0
translate this this to uh spanish,1
i was telling telling you about the plan plan,0
thanks everyone for coming,0
i need your help here,1
call me when you reach,0
so what do do you you all think,0
i was telling you about the plan,0
see you next time,0
remind me me to call mom,1
we like should leave soon like soon,0
that's what like she said,0
you know it was was raining yesterday yesterday,0
open the window for for me,1
my phone battery is dying,0
turn on on the ac,1
could um you please repeat that that,1
good morning everyone,0
thank you like all for being here,0
could you please repeat that,1
i’ll talk to you tomorrow,0
good morning everyone,0
could you please please like repeat that,1
it’s been a long day,0
it’s been a long day,0
take a note please,1
that's like that's what what she said said,0
we should leave soon,0
thank you you all all for for being here,0
start start the fan now,1
did like you hear that,0
could could you you lower the the volume,1
call me when when you reach reach,0
um i’ll talk to you tomorrow tomorrow,0
robot show me the um way,1
turn like on the ac,1
it’s been a long day,0
let’s get lunch lunch together,0
uh i really love like this weather,0
open open the window for for me,1
do you want to to join join us later,0
tell like me a a joke,1
could you lower lower the volume,1
robot stop,1
my phone battery is is dying,0
i was telling telling you about like about the plan,0
it’s been a long day,0
i need your help help here,1
see you next next time,0
robot show show me the the way,1
stop the music,1
what are um are you doing this this weekend,0
what can you do,1
thanks everyone for coming coming,0
see you next time,0
stop stop the music,1
i i am um going to the store now,0
start the fan fan now now,1
uh thanks everyone everyone for coming,0
i was telling you about the plan,0
call me when you reach,0
thanks thanks everyone for coming,0
i was telling you you about the the plan,0
i was telling you you about the plan,0
good morning everyone,0
open open the window for me,1
could you lower the the volume,1
i i uh am going going like to the uh store now,0
take take a a note please,1
start start the fan now,1
see you next time time,0
like we should leave soon soon soon,0
switch off the lights in in the kitchen,1
good morning um everyone,0
did you you hear that,0
can you take a picture,1
okay see see you around,0
could you please repeat that,1
call me when you reach,0
i i i was telling telling you about the plan,0
can you help me me with this,1
take a a note note please,1
uh can you help me with this,1
hey assistant play some some music,1
call me me when when you reach,0
my phone phone battery uh is dying,0
stop stop the music,1
did you hear like that,0
could you please repeat that,1
it’s been a a long long day,0
i’ll talk to you tomorrow,0
so what do you all all think,0
call me when you you reach,0
remind me to call mom,1
uh can you uh help me with this,1
my phone um battery is dying,0
it’s great talking to to you,0
i’ll i’ll talk uh to you tomorrow,0
it’s been a long day,0
call me me me when you reach,0
what are you doing this weekend,0
could you you lower the volume,1
i i need your help help here,1
let’s get lunch together,0
could you lower the volume,1
turn on the lights,1
call call me when you reach,0
it’s it’s been a long day,0
what what can you do,1
good good morning everyone,0
i’ll talk talk uh to you tomorrow,0
it’s been been a long day day,0
take um a note please,1
tell me a joke,1
see you next time,0
hey robot what what is the time,1
turn turn on the the ac ac,1
you know it was raining yesterday,0
i’ll talk to you tomorrow tomorrow,0
take a note please,1
it’s been a long day,0
i’ll i’ll talk to you tomorrow,0
good good morning morning everyone,0
did you you hear that,0
we should leave leave soon,0
it’s it’s been a long long long day,0
that's what she said,0
you you know know it was was was raining yesterday yesterday,0
could you please please repeat that,1
call me when you reach reach,0
help help me with the the directions,1
tell me a joke,1
it’s it’s been a long long day,0
it’s great talking talking to you,0
did you hear that,0
uh okay see you around around,0
are you listening,1
take take a note note please,1
help help me with the the directions,1
open like open the window for me,1
do you want want to join us later,0
could you lower the volume,1
can you you take a picture picture,1
do you like want to join like us later,0
robot robot show me the way,1
remind me to to call call mom,1
i’ll talk to you tomorrow,0
switch off off the lights in the kitchen kitchen kitchen,1
we should leave soon,0
thanks everyone everyone for coming,0
remind me to call call mom mom,1
we should leave soon soon,0
i need your your help here,1
translate translate this to spanish,1
you know it was was raining yesterday,0
turn on the lights lights,1
turn on the ac,1
robot show me me the way,1
can you you explain that that again,1
that's what she said,0
we should leave soon,0
can you help me me with this,1
do do you want to join us later,0
see you next time,0
you know it was raining uh raining yesterday,0
see you next next time time,0
okay see you around,0
that's what she she said,0
that's what what she said,0
open the window for me me,1
can can you you explain that again,1
this reminds reminds me of something something something funny,0
i was telling you about the plan,0
she said you were late,0
good morning everyone,0
i’ll talk talk to you you tomorrow,0
okay see you around,0
thanks thanks everyone for coming,0
let’s let’s get lunch together,0
i’ll talk to you tomorrow,0
uh set an alarm for 7 7 am,1
help me me with the directions,1
could you lower the volume,1
are like you listening,1
are are you listening,1
translate this uh this to to spanish spanish,1
take take a note please please,1
are you listening,1
this reminds me of of something something funny,0
tell me a a joke,1
start the fan now now,1
hey assistant play some music,1
open the window for for me,1
you know it was raining like raining yesterday,0
see you next next time time,0
let’s get lunch lunch together,0
call me when you reach,0
stop the music,1
set an alarm alarm alarm for 7 am,1
she she said uh you were late,0
what are you you doing this weekend,0
i’ll i’ll talk to you tomorrow,0
we we should leave soon,0
um tell me me a joke,1
let’s get get like lunch together,0
so like what do you all think,0
this reminds me of something funny funny,0
tell me me a joke,1
my phone battery is dying,0
we should leave leave soon,0
i’ll talk to to you tomorrow,0
i need need your your your help like here,1
so what do you all think,0
hey assistant assistant play some music music,1
what can you you do,1
uh do you want to join us later,0
we we should leave soon soon,0
that's what she said,0
i was telling you about about the plan,0
that's what she said said,0
um start the fan fan now,1
what are you doing um this weekend weekend,0
could you you lower the volume,1
are you you listening,1
switch off um the lights in the kitchen,1
set set an an alarm for 7 am,1
robot stop stop,1
what are are you doing um this weekend weekend,0
good like good morning everyone,0
you know it was raining yesterday,0
could you please repeat that,1
stop stop the music,1
you know it it was raining yesterday,0
set an alarm for 7 am am,1
she said said you were late late,0
turn on the the lights lights,1
thank you you all all for for being here,0
did you hear that,0
i’ll i’ll talk to you tomorrow tomorrow,0
help me me with the the like directions,1
turn turn on the the ac,1
it’s great talking uh to you,0
it’s been a long day,0
what what are you doing this uh weekend,0
that's what she said,0
turn turn on the lights,1
we should leave leave soon,0
we should should leave soon,0
can you you take like a picture picture,1
let’s get um lunch together together,0
set uh an alarm for for 7 7 am,1
tell me a joke,1
remind remind me to call mom,1
could you please repeat repeat that,1
my phone battery battery is dying,0
um translate this to spanish spanish,1
like what are you you you doing this this this weekend,0
call me when when you reach,0
what can you do,1
hey hey assistant play some music,1
can you explain that that again,1
remind me me to call mom,1
i’ll talk to you you um tomorrow,0
can you help me with with this this,1
i i am going to the store now,0
can you help me with this,1
i am going to the store store now,0
this reminds me me of of something funny funny,0
i am like going to the store um now,0
she said you were late,0
she said said you were late late,0
robot stop,1
i am going to the the store like now,0
thanks everyone for coming coming,0
robot show show me the the way,1
can can you help help me with this,1
thanks everyone for for for coming coming,0
robot stop,1
could you lower the volume volume,1
let’s get lunch lunch together together,0
can you take a picture picture,1
you know it it was raining like yesterday,0
remind me to call mom,1
did you hear that,0
remind me to call mom,1
thank you all for being here,0
robot show show me the way,1
she she said you like were late late,0
it’s great talking talking to you you,0
i i really love this weather weather,0
what are you doing this weekend,0
see you next time,0
so what do you you all think think,0
could you lower lower the volume,1
this this reminds reminds reminds me of something funny,0
it’s it’s been been a long day day,0
did you hear that,0
thanks everyone for coming,0
i i need your help here here,1
what are are you doing this weekend,0
are you listening listening,1
open open the the window for for me,1
i really love this weather,0
did you hear that,0
you um know it it was raining yesterday,0
call me when when you reach,0
we should leave soon,0
did you hear hear that that that,0
she said you were were uh late,0
robot show show me like the way,1
stop the the music music,1
call me when you you reach,0
can you uh take a picture,1
switch off the the like lights in the kitchen,1
okay see you you around,0
i was telling you you about about the plan,0
start the uh fan now now,1
can you help me with this,1
do you want to join join us us later,0
she said you you were late,0
thank thank you all for for being being here,0
tell me uh a joke,1
start the fan fan now,1
see you you next time,0
open the window um for me,1
i was telling you you about the plan,0
did did you hear that,0
uh remind me to call mom,1
this reminds me of something funny,0
thank you all all for being being here,0
okay see see you around,0
remind me to call mom,1
open the window for me me,1
could you lower the volume,1
she said you were late late,0
robot stop,1
see see you you next time,0
translate this to spanish,1
can you help me with this,1
it’s it’s it’s been a long long day day,0
what are you doing doing this weekend,0
you know it was raining yesterday,0
that's what she said said,0
call call me when you reach,0
she said you were late,0
let’s get lunch lunch together,0
we should leave soon,0
you you know it it was raining yesterday,0
call me me when when you reach,0
open the window for me,1
hey assistant play some some music,1
switch off the lights in the kitchen,1
start the the fan now,1
hey hey like robot what is the time time,1
hey hey robot what is is is the um time,1
i was was telling you about the plan,0
uh my phone phone battery is dying dying,0
it’s great talking talking to you you,0
could could you lower lower the volume volume volume,1
okay see you you around,0
stop the music music,1
i was telling you about the plan,0
it’s been been a a long long long day,0
take a note please,1
i i really love this weather,0
turn on the lights,1
what are are you doing doing this weekend,0
thank you all for being being here,0
can you um explain that uh again,1
translate this this to spanish spanish,1
can you help me with this this,1
i am going to the store now,0
start the fan fan now,1
i am going to the store now,0
it’s been a long long day,0
could like you please repeat repeat that,1
thank you you all for being here,0
can you you explain um that again,1
take a note note please,1
i was was telling you um about the plan,0
start the fan fan now,1
it’s it’s been a long day,0
i need your help here,1
switch off the the lights in the kitchen,1
thank you you all for for being here,0
it’s great talking talking to you,0
it’s been a long day day,0
did you hear that,0
do you you want want to join um us later,0
what um are you doing this weekend weekend,0
what what can you you do do,1
like could you please repeat repeat like that,1
what are are you you doing doing this uh weekend,0
thank you all for for being here,0
so what do you all think,0
stop the music,1
she said you were late,0
you know it was raining raining raining yesterday yesterday yesterday,0
are you listening,1
so what do you you all think,0
robot show show me the way way,1
this reminds reminds me of something funny funny,0
my um my phone battery battery is is dying,0
can you help me with this this,1
can can you take a picture picture,1
my phone battery is dying,0
can you you take a picture,1
you know it was raining raining yesterday,0
stop the music music,1
my my phone like battery is dying,0
turn on the the lights,1
set set an uh an alarm for 7 am am,1
my like phone battery is dying,0
robot robot um show me me the way,1
switch off the lights in the kitchen,1
take a note please,1
what are are you doing this weekend,0
could you you please repeat repeat that that,1
could you lower the the volume volume,1
are you listening listening,1
you know know it was raining like yesterday,0
translate this to spanish,1
uh do you want want to join us later,0
i am going to to the store now,0
see see you next time time,0
okay see you you around,0
turn on the the lights,1
i was telling you about about the plan,0
do do uh you want to join us later,0
my phone um battery is dying,0
she said you were late,0
can you you explain that that again,1
could you please repeat that,1
can can you you um take like a picture,1
i i was was was telling you you about the plan,0
set like an alarm for for for um 7 am am,1
turn on the the the ac ac,1
hey assistant play some some music,1
like we should should leave soon soon,0
could you please repeat that,1
this this reminds me of something something funny,0
i am uh going to the store now,0
i was telling you you you about the plan,0
you know it was was raining yesterday,0
i am am going to the store store now,0
take a note please,1
good morning morning everyone everyone,0
call me me when when you reach reach,0
help like help me with the directions,1
good morning everyone,0
you know know uh it was raining yesterday,0
what can you you do,1
start start the fan fan now,1
tell tell me a joke,1
can um you help me with this this,1
remind me me to call mom mom,1
do you you want want to join us later,0
remind me to to call mom,1
turn on the the ac,1
can can you explain that again again,1
stop the music music,1
remind me me to call mom mom,1
set set an alarm for 7 am,1
help me with the directions,1
okay see you around,0
let’s let’s get lunch together,0
okay see you around,0
translate translate this to spanish spanish,1
good morning everyone everyone,0
uh take a note please please,1
take a note um please,1
hey assistant play some music,1
see you next next time,0
take take um a note please,1
can can you explain explain that again again,1
that's what she she said,0
are you you listening,1
we we should leave soon soon,0
switch off the lights in the kitchen kitchen,1
robot show me the the way,1
stop stop the music,1
we should leave soon soon,0
i’ll talk to to you you tomorrow,0
robot show me the way,1
we should leave soon,0
start the the fan fan now,1
could could you lower the volume volume,1
take a note note please,1
hey assistant play some music,1
could could you lower the the volume,1
take a note note please,1
i’ll talk to you tomorrow,0
could you please please repeat repeat that,1
let’s get um get lunch together,0
good good morning everyone,0
translate this to spanish,1
okay okay see you like around,0
open the window for me,1
i was telling you about the the plan,0
i’ll i’ll talk to to you tomorrow,0
i i need your help here,1
hey assistant like play some music,1
it’s great great talking to to you,0
i i was telling you about the plan,0
this reminds me of something funny,0
robot stop,1
i need need your help here,1
do you you want to join join us us us later later,0
robot stop,1
i really love this weather weather,0
i need your your help here,1
open the the window for me,1
turn uh on the the lights,1
switch off off the lights in the kitchen,1
it’s it’s been a long day,0
call call me when you reach,0
we should leave soon,0
this reminds me of something funny,0
so what what do you um all think,0
so what what do you all think,0
it’s been a long day day,0
did you you like hear that,0
switch off off the lights in the kitchen,1
remind remind me to call mom,1
thanks thanks everyone for coming,0
it’s um it’s been been a a long day,0
i’ll i’ll talk to you you tomorrow,0
thank you all um for being here here here,0
can you help me um me with this,1
what what can you you do,1
i need your help here,1
are you listening,1
it’s been been a long long day,0
translate translate this to spanish spanish,1
translate this to spanish,1
did you um hear that,0
do you want to join us later later,0
could could you please repeat that,1
hey hey robot what is the time uh time,1
could you you please repeat that,1
thanks everyone everyone for coming,0
we should um leave uh soon,0
uh she said you were late,0
turn like on the ac,1
stop stop stop the music,1
robot um show me the way,1
thanks everyone for coming,0
are you listening,1
it’s been a long long day,0
so what do you all all think,0
could could you please repeat that,1
i am like am going to the store now now,0
stop stop stop the music,1
hey robot what what is like the time,1
stop the music,1
thanks everyone everyone for coming coming,0
so like what do you all think,0
what what can you you do,1
did did you hear that,0
are you you listening,1
set an alarm for 7 am,1
set an an alarm for 7 am,1
thank thank you all for being here,0
switch off the lights in the kitchen,1
start the fan now,1
let’s let’s let’s get lunch together,0
help me with the directions,1
you know it it was raining raining yesterday,0
can you you explain explain that again again,1
call me when when you reach,0
hey hey assistant play some music,1
okay see you around,0
remind me me to call mom,1
i really love this weather,0
you know it was was raining like yesterday,0
i need your help here,1
what are you doing this weekend weekend,0
stop the the music,1
what are you doing this weekend,0
robot robot stop,1
um call me when you reach,0
could you please repeat that that,1
did you hear hear that that,0
could you please repeat that,1
call me when you reach,0
i need your help here,1
could you please repeat that,1
i am going to the store now,0
see see you next time time,0
translate this to spanish,1
okay see you around,0
take take a note please please,1
thank you all for being being here here,0
can can you explain explain that again,1
do you want want to join us later,0
can you take a a picture picture,1
hey assistant play play some music,1
can you explain that that again,1
okay okay see you around,0
you know it was raining yesterday yesterday,0
that's uh what she said,0
i i really really love this weather,0
you know know it was raining raining yesterday,0
um translate this to to spanish,1
i am going to the store store now,0
uh good morning everyone,0
thank you you all for being here,0
we we should leave soon,0
can you you explain that again,1
you know it um was raining yesterday,0
my phone battery is dying,0
she said you were late,0
do you want to join us later,0
are are you listening,1
like we should leave um soon,0
switch off the the lights in uh the kitchen,1
i’ll talk to to you tomorrow,0
it’s great great talking to you,0
we should leave soon soon,0
i am going to the store now,0
take a a note please,1
thanks thanks everyone for for coming,0
are you listening,1
call me when when you reach,0
this reminds me of something funny,0
i’ll talk to um to you tomorrow,0
help help me with with the directions,1
can you take a a picture,1
thanks everyone for for coming coming,0
can you help me with uh this,1
could you please repeat that that,1
robot robot stop,1
see like you next next time,0
could you please please repeat that,1
are you you listening,1
translate this to spanish,1
help like help me um with the directions directions,1
like hey assistant assistant play some music music,1
can can you help help me with this,1
can can you help me with this,1
okay see um you around,0
thank you all for being being here here,0
hey assistant play play some music,1
thanks everyone for coming,0
hey robot what is the the time time,1
translate this to spanish,1
that's what she said,0
what what are you you doing this weekend,0
uh my phone battery battery is dying,0
i i was was telling you about the the plan,0
so what do you all think,0
i’ll talk talk to to you tomorrow,0
what what are you you doing doing this weekend,0
did did you hear hear that that,0
i’ll talk to you tomorrow tomorrow,0
could could you please repeat that that,1
good morning everyone,0
okay see you you around,0
that's what what she she said,0
open the window for me,1
can can you explain that again,1
turn on on on the ac,1
see see you next time,0
thanks everyone for coming,0
we we should leave soon,0
turn on on on the the ac ac,1
i really like really love love this this weather weather,0
let’s get lunch um together,0
okay okay see you around,0
thank you all for being here,0
that's what she said said,0
see you next next time,0
i need need your help here here,1
um let’s get get lunch together,0
robot stop,1
can can you explain that again,1
i was telling you about the plan,0
turn on the ac,1
um you know it was raining yesterday,0
help help me me with with the the directions,1
thank thank you all for being here here,0
could you please repeat that that,1
help me me with the directions,1
we we should leave soon soon,0
um hey robot what is the time,1
i’ll talk to you tomorrow tomorrow,0
we we should leave soon,0
my phone battery battery is dying,0
my my phone battery is is dying dying,0
thanks everyone for coming,0
i need your help here,1
see like see you next time,0
okay okay see you around,0
good morning everyone,0
help help me with the directions,1
robot show me the way,1
it’s great talking to you,0
see you next time,0
stop the music,1
i um really love this weather,0
what can can you do,1
so what do do you like all think,0
let’s get lunch together,0
it’s great talking talking to you,0
robot show me me the way,1
open the window for me,1
i need your your help here,1
i was was telling you about about the um the plan plan,0
good morning morning everyone everyone,0
do you you want want to join us later,0
could you please please repeat that,1
i need your help help here,1
i i like was telling you about the like plan,0
tell me me a joke,1
it’s great talking to to you you,0
switch switch off the the the lights in the kitchen,1
switch off off off the lights lights in the kitchen,1
this reminds me like of something something funny,0
do you want want to join join us later later,0
i am going to to the store now,0
help help me me with the directions,1
i’ll talk to you tomorrow,0
my phone battery is dying,0
i really really really love this weather,0
let’s get lunch together,0
this reminds me of something funny funny,0
see you you uh next time,0
i am going going to the store store now,0
that's what she said,0
can you help me with this,1
did you hear that,0
can you take take a picture,1
thanks everyone for coming,0
hey robot what is the time,1
hey assistant assistant play some music music,1
see see you next next time,0
set an alarm for 7 7 like am,1
did you hear that that,0
what are you you doing this weekend,0
she said you you were late,0
we should leave soon,0
stop the music music,1
do you you want to to join us later,0
i was was telling you you about the plan,0
help help me with with the directions,1
that's that's like that's what she said said,0
can can can you you explain explain that again,1
like turn on the the lights,1
it’s been a long day,0
it’s uh great talking to you,0
uh can you take a picture,1
switch off like the lights in the kitchen,1
remind me to call call mom,1
call me when you you reach,0
remind me to to call mom mom,1
good morning everyone,0
help me with the directions,1
it’s great talking to you,0
help me with the directions,1
good morning morning everyone,0
switch switch off the lights in the kitchen kitchen,1
thanks everyone for uh for coming,0
turn on on the ac,1
switch off the uh lights in the kitchen kitchen,1
are are um you listening,1
call me when when you reach,0
call me uh when you reach,0
thank you all for being here,0
tell me a joke,1
hey robot robot what is the time time,1
what what can you you do do,1
set set an alarm for 7 am,1
i i was telling you about the plan,0
let’s get lunch together,0
she said you were late,0
can you you you take take a a picture,1
what can can you do,1
i really really love love this weather,0
could you please repeat that,1
this this reminds me me of of something funny,0
like i really love love this weather,0
it’s great great talking to you,0
like tell me a joke,1
do you want want to join us later,0
thanks everyone uh for coming,0
help me with the directions,1
you know it was raining like yesterday,0
hey robot what is the time,1
take take a note note please,1
that's what she she uh said,0
i i need need your help here,1
it’s great talking to you,0
she said said you were late,0
okay see see you around around,0
remind me to to call mom,1
help me with the the directions,1
i was telling you about the plan,0
that's what she said,0
hey hey robot what is um the time,1
translate this to to spanish,1
switch off like the lights in in in the kitchen,1
it’s it’s great talking to you,0
open the window for me me,1
stop stop the music,1
this reminds me of of something funny,0
turn on the ac ac,1
turn on the the ac,1
what uh are you doing this this weekend,0
take take a note please,1
hey robot robot um robot what is the time,1
let’s get lunch together,0
i need your your help here,1
it’s been a long day um day,0
hey assistant play some some music,1
i need your help here,1
help me me with um with the directions directions,1
thank you all for being here here,0
it’s great talking talking to you,0
do you you want to join us later um later,0
thanks everyone for coming,0
robot show me the way way,1
tell me a a joke,1
did did uh you hear like hear that that,0
so so what do um you all think,0
turn on the lights,1
did did like you hear that,0
that's what she said,0
i need need your help here,1
you know it was raining yesterday,0
remind me to call mom,1
let’s get lunch together,0
stop the music,1
it’s it’s been a long long day,0
what can can you do,1
turn on the uh lights,1
what can can you do,1
i i need your help here,1
so what do you all think,0
translate this to spanish spanish,1
it’s been a a long day,0
remind remind me to call mom,1
do do you want to um join us later,0
you know it it was raining yesterday yesterday,0
this reminds me of something funny,0
like remind me to call mom,1
hey robot um what like is the time,1
let’s get lunch together together,0
let’s get get lunch together,0
this reminds me me of something funny,0
take a a a note please,1
uh are you listening,1
can you help me with this,1
good morning everyone,0
translate translate this to spanish,1
hey hey hey robot what what is the the time,1
thanks everyone everyone for coming,0
my my phone battery is dying,0
my phone battery is dying,0
are you listening,1
call me me when like you reach,0
do you want to join us us later later,0
can you explain that again,1
turn on the lights,1
it’s great great talking to to you,0
i’ll talk to to you tomorrow,0
switch off the uh lights in the kitchen,1
it’s it’s been been a long day,0
i was telling you about the plan,0
open the the window for me,1
see see you next time,0
turn turn on the ac ac,1
hey hey assistant play some music music,1
thanks everyone for for like coming,0
you know it was raining yesterday,0
can you take a picture,1
she she said you you were late,0
see you next time,0
turn turn on on the lights,1
remind me me to call mom,1
call me when when like when you reach,0
thank you all uh all for being here,0
robot robot show show me the way,1
i i really really love this weather weather,0
i really love this weather,0
stop the music music,1
um what are are you doing this weekend,0
robot stop,1
hey assistant play some music,1
this reminds me of of of something funny,0
robot stop stop,1
you know it was raining yesterday,0
uh robot stop,1
what can you do,1
could you please repeat repeat that,1
let’s get lunch together together together,0
thanks everyone everyone for coming,0
open the window for me,1
can can you take take a picture,1
robot stop stop,1
tell tell me a joke,1
it’s been been like a long day day,0
she said you were late,0
help me with the directions,1
uh open the window for me,1
open the window for for me,1
let’s let’s get lunch lunch together together,0
i really love this weather,0
let’s get lunch lunch together together,0
robot stop,1
see you next time,0
i really love this weather,0
okay um see you around,0
turn like on the the ac,1
remind uh remind me to call mom mom,1
hey assistant play some music,1
did like you hear that,0
stop um the music music,1
this reminds me of something funny,0
you know it was raining yesterday,0
start the fan now,1
good morning everyone,0
she she said you you were late,0
my phone battery is dying,0
robot stop stop,1
i really love this weather,0
could um you like please repeat repeat that,1
my my phone battery battery is dying,0
thank you all for being here,0
you you know it was raining yesterday yesterday,0
you know it was raining yesterday,0
call me when you reach,0
like i am am am going to the store now now,0
i’ll i’ll talk talk to you tomorrow,0
translate translate this to to to spanish,1
we should leave soon,0
stop the music,1
robot stop,1
like hey robot what uh is the time,1
robot stop,1
thank you like all for being being here,0
like are you listening,1
thanks everyone everyone for like for coming,0
uh tell me a a joke,1
do you want to join us later,0
did you hear hear that,0
remind remind me me to call mom,1
what are you you doing doing this um weekend,0
see see you uh next time,0
turn um on the the lights,1
did you hear hear hear that,0
stop the music,1
she said said you you were late,0
could you you please repeat repeat that,1
translate this to spanish spanish,1
can like you explain that again again,1
so so what do you all think think,0
you you like know it um was raining yesterday,0
okay see see you around,0
you know it was raining yesterday,0
this reminds reminds me of something something funny,0
do you want want to join join us later,0
i i really love this weather weather,0
i i was was telling you you about the plan,0
i really love this weather weather weather,0
did you hear that,0
robot show show um me the way,1
can can you help help help me with this,1
can you take a a picture,1
did did did you hear that that,0
open open the window for me,1
i was was telling you about the plan,0
what can you do do,1
i was telling you about about the plan plan,0
could you please repeat repeat that that,1
thanks everyone everyone for coming,0
tell me a joke,1
turn um on um the ac,1
can can you take take a picture,1
i really love this this weather,0
translate this to spanish,1
help me with with um the directions,1
switch off the lights in the kitchen kitchen,1
that's that's what she said,0
it’s been been a long long day,0
could you please repeat that,1
did did like you hear hear that,0
so what do you all think,0
see you next time,0
good morning everyone,0
we should leave soon,0
i i need your like help here here,1
we should leave soon soon,0
see you next next time,0
can can you help help me with this,1
can you you explain that again,1
this reminds me me of something funny,0
let’s get lunch together together,0
help me me with with the directions,1
could you lower lower the volume,1
do do you want want to join us later,0
so what what do you all all think,0
we should leave um soon,0
let’s get get lunch lunch together,0
thanks everyone everyone for coming,0
did you hear that,0
stop stop the music,1
tell me me a joke,1
can you you take a picture,1
thanks everyone everyone for coming,0
i uh i was telling telling you about uh the plan,0
call me when you reach,0
my phone battery is dying dying,0
switch off off the lights in um the kitchen,1
you know know it was like raining yesterday,0
stop stop the music,1
switch off the lights in the kitchen,1
that's what she said,0
can you uh take a picture,1
did you hear that,0
i i really love this weather,0
i really love uh this weather,0
i i was telling telling you about about the plan,0
can like you help me with this,1
translate this to spanish,1
what can you do,1
this uh reminds me of uh something funny,0
we should leave soon,0
switch off off the the lights in in in the kitchen kitchen,1
could could you please please repeat that,1
call me when you reach reach reach,0
she said you were late late,0
my phone battery is dying,0
robot show me me uh the way,1
that's what she said,0
see you you you next time time,0
open the the window for for me,1
translate translate this to spanish,1
open the the window uh for me,1
set an an alarm for 7 am,1
it’s it’s great talking to you,0
can you you take a picture,1
what can you do,1
you know it was was raining yesterday,0
i really um really love this weather,0
i need need your help here here,1
call me when you reach,0
um turn on the ac ac,1
help help me with the directions um directions,1
robot show me me the way,1
let’s get lunch lunch together,0
help me me um with the directions,1
hey assistant play some music,1
can you help help me with this,1
stop the music,1
um it’s great talking to to you you,0
turn on the lights,1
translate this uh to spanish,1
robot show me the way way,1
i’ll talk talk to you tomorrow,0
i’ll talk to you tomorrow,0
are you listening,1
translate this to spanish spanish,1
i i really love this weather weather,0
uh open the the window for for me,1
did you hear that that,0
that's um what she said,0
turn on the lights,1
help me me with the directions,1
tell me a a joke,1
good morning everyone,0
i’ll talk to you tomorrow tomorrow,0
can can you help me with this,1
see see you you next time time time,0
thanks thanks everyone for coming,0
robot stop,1
could you please repeat repeat that,1
my phone battery is is dying,0
open the window window for me,1
thanks everyone for for coming,0
she said you were late,0
good morning everyone,0
start start the the fan now,1
let’s get get lunch lunch together,0
thank um you all for for like being here,0
turn on on the lights,1
i was telling telling you about the plan,0
turn on the lights,1
turn on the ac,1
turn on the the lights,1
you know it was raining yesterday,0
start the fan fan now,1
see you you next time,0
okay see see you uh around,0
can you take a a picture picture,1
could you please repeat that,1
uh she said said you like were late,0
stop stop the the music,1
i was telling you about the plan,0
turn on the lights lights,1
what are you doing this weekend,0
um she said said you you were late,0
i’ll i’ll talk to you tomorrow tomorrow,0
tell me a joke,1
i’ll talk to you tomorrow,0
thank you all for being being here,0
i’ll talk to you tomorrow tomorrow,0
you know know it was raining yesterday,0
thank you all for for like being here,0
that's what she said,0
could you you lower lower the volume,1
my phone phone battery is dying,0
she said you were were late,0
can you help uh me with this,1
remind me um to call um mom,1
did you hear that,0
are you listening,1
take a note please,1
switch off off the lights in the the kitchen kitchen,1
help me with the directions,1
open the the window like for me me,1
my phone phone battery is dying,0
translate this this to spanish,1
take a note note please,1
did you hear hear that,0
switch off uh the lights in in the kitchen,1
robot stop,1
are are are you you listening,1
it’s great talking talking to to um you,0
this reminds me of something funny,0
that's what she said said,0
could could you uh lower the the volume volume,1
what are you doing this this weekend,0
did you hear hear that,0
i was was telling you you about the plan,0
are are you listening,1
okay see see you around around,0
i need your your help here,1
thank you all for being being here here,0
call me me when when you reach,0
it’s it’s been a a long long day,0
hey assistant assistant play some um some music,1
what what are you doing doing this weekend,0
are um you listening,1
that's what she said said,0
can you take a picture,1
that's that's what she said,0
robot stop,1
turn um on the lights lights,1
turn on the lights,1
my my phone battery is dying,0
i really love this weather,0
can can you explain that that again,1
we we should leave soon,0
do you want to to join us later,0
robot show me the way way,1
translate this to spanish,1
stop the the music music,1
turn on the ac,1
hey hey robot what is the time,1
robot show me me the way,1
let’s get lunch together,0
open the window for for me,1
like switch off the lights in the the kitchen,1
did did you hear that,0
remind me to to call mom mom,1
stop the music music,1
could you please repeat repeat that,1
it’s great talking talking to to you,0
could you lower uh the volume volume,1
robot show show me the way way,1
it’s great talking talking uh to you,0
my my my phone phone phone battery is is dying,0
can you explain explain explain that that again,1
could you please repeat repeat that,1
help me with the directions directions,1
tell me a um joke,1
so so what do you all think,0
are you listening,1
set an alarm for for um 7 am,1
you um know it it was raining yesterday,0
can you you take a a a picture,1
do you want to join us later,0
set an alarm for 7 7 7 am,1
can you you help me with this,1
thanks everyone everyone for coming,0
translate this to spanish,1
you know it it was was raining yesterday,0
okay see you around,0
what like are you doing doing this weekend,0
translate this to to spanish,1
what are you doing this weekend,0
did did you hear that,0
could you you lower the volume,1
what what can can you you do,1
she she said you were like were late late,0
hey assistant uh play some music,1
translate this to spanish spanish,1
we should leave soon,0
she said you were late,0
that's what she said,0
like robot show me the way,1
tell tell me a a joke,1
could you lower lower the volume,1
help like me with the directions,1
turn on on the ac,1
could uh you please repeat that that,1
can you explain that again,1
what are you doing this this weekend,0
can you explain that again,1
remind me to call mom,1
thank you all for for being here,0
tell me a joke,1
did you you hear that,0
i really love love this this weather,0
hey robot what is the time time,1
what are you um you doing this weekend,0
robot like robot stop,1
can you help help me with this,1
see you next time time,0
can you you help me with uh this,1
it’s been been a long long day,0
what are you doing this weekend,0
tell tell me me a a joke,1
are are you listening,1
did you hear that,0
can you help help me with this,1
it’s great talking to you,0
we should leave leave soon,0
did did you hear that,0
set set an alarm for 7 like am,1
okay see you around,0
switch off the lights in the kitchen,1
turn on the ac ac,1
okay see you around,0
can you you take a picture,1
like translate this to spanish,1
this reminds me of of something funny,0
um my phone phone battery battery is dying,0
i need need your your help here here,1
start the fan now now,1
um take a note note please,1
call me when you reach,0
like turn on the ac,1
translate this this to spanish,1
stop the music,1
remind me to call mom,1
she said you were late,0
it’s been a um long day day,0
i really love this this weather weather,0
i’ll talk talk to you tomorrow,0
can can you take take a uh picture,1
hey like assistant play some music music,1
uh stop the music,1
set an alarm for 7 am,1
open the window for me,1
turn turn on the the ac,1
my my phone phone battery is dying,0
i really love this this weather weather,0
i i need your help help here,1
could you please repeat that,1
take um take a note note like please,1
i like really love this weather weather,0
are you listening,1
see you next time,0
call me when when uh you reach reach,0
did you hear um hear that,0
i need need your help here,1
it’s it’s it’s great talking to you you,0
are you listening,1
turn on the lights,1
you know know it was raining raining yesterday,0
stop the music,1
robot show me the way,1
my phone battery is dying dying dying,0
robot like robot stop,1
can can you explain that again,1
hey hey robot what is the time,1
can you you take a a picture,1
help me with the directions,1
stop stop the music,1
what can you do,1
could you please repeat repeat that,1
we should um should leave soon,0
uh can you explain that again,1
did you you hear hear that,0
it’s been a long day,0
i need your your help here,1
see you next time,0
take a a note note please,1
my phone battery is dying,0
um what are you you doing this weekend,0
help me with the directions,1
could you uh please repeat that,1
robot stop,1
she said you were late late,0
thanks thanks everyone for coming,0
set an an alarm for 7 am,1
okay see see you around,0
do you want to join um us later later,0
let’s get um lunch together,0
do you want to join us later,0
turn on the ac,1
robot robot stop,1
did you hear hear hear that,0
my phone battery battery is dying,0
robot stop,1
start the fan now,1
we should leave soon um soon,0
like could you lower the volume,1
she said you were were late,0
what what are are you doing this this like weekend,0
could you please repeat repeat that,1
robot show me the the way,1
could you please repeat that that,1
my phone battery is dying,0
she said you were were late,0
what are you doing this weekend,0
remind me me to call like mom,1
could you lower the volume,1
call me when you reach,0
i really love like this weather weather,0
thanks thanks everyone for coming,0
i’ll talk to you tomorrow,0
switch uh switch off the lights in the um kitchen,1
could you please repeat that,1
what what can you do,1
did you hear that that,0
this this reminds me of something funny,0
uh take a like note please,1
let’s get lunch together,0
this this reminds me me of something something funny,0
so what do you all think think think,0
tell me a joke,1
can like you help help help me me with this,1
remind remind me to call mom,1
it’s great talking to you,0
turn on the lights,1
set an alarm for 7 am am,1
set set an um an alarm alarm for 7 am,1
good morning everyone,0
turn on the the ac ac,1
open the the window for for me,1
i’ll talk to you tomorrow,0
okay okay see you around,0
um see you next time,0
could you lower lower the volume,1
i am going to to the store now,0
good morning everyone,0
are you listening,1
she said you were late,0
help me with the directions,1
robot stop,1
i really really love this this weather,0
could could you lower lower the like volume,1
see you next time,0
it’s been a long day,0
see see you you you next time,0
thanks everyone for coming,0
it’s great great talking to you,0
can can you help me with this,1
you know it was raining yesterday,0
set an an alarm for 7 7 am am,1
take a note please,1
see you next next time,0
i was telling telling you about the the plan,0
that's that's like what she said,0
i am like going to the store now now,0
what are you doing this uh weekend,0
see see you you next next time,0
help help me with the directions directions,1
what what are are uh you doing this weekend,0
open the window for me,1
turn on the the ac,1
okay see you around,0
thank you you all for um being here,0
hey hey assistant play play some music,1
i’ll i’ll like talk to you tomorrow,0
i was was telling you uh about the the the plan,0
hey hey assistant play some music music,1
i really really love love this weather,0
take take a note please,1
are you listening,1
thanks everyone everyone for coming,0
i i really love this this weather,0
take a a note please,1
stop the the music music,1
so what do you all think,0
call me me when you um you reach,0
take a note note please,1
stop stop the music,1
i uh i need your your help here,1
remind me to call mom,1
hey assistant play some some music,1
did you hear that,0
open open the window window for me,1
call me me when you reach reach,0
good morning morning everyone,0
switch off the lights in the the kitchen,1
good morning everyone,0
um tell me a joke joke,1
i’ll talk talk to you tomorrow,0
i am going to the store store now,0
i i am going to the store store now,0
we should leave soon,0
open the window window for me,1
this reminds me of something something funny funny,0
okay see you around around,0
like i am going to the the store now,0
help me with the directions,1
let’s get lunch together,0
robot show me the way way,1
what can can you do,1
stop the music,1
see like you next time time,0
open the window for for me,1
let’s get lunch together,0
what are you you doing this weekend,0
this reminds me of something funny,0
can you you explain that again,1
i am going going to the store now,0
what can you do do,1
turn on like the like lights,1
i need your help here,1
could you you please repeat that that that,1
turn on the the lights,1
my my phone battery is is dying,0
turn on like on the the the lights,1
robot stop,1
um turn on the lights,1
i’ll i’ll talk to to you you tomorrow like tomorrow,0
take a note please,1
robot show me the way,1
open the window for me,1
help me with the directions directions,1
could you lower the the volume volume,1
robot robot show me the way,1
um that's what she said,0
that's that's what she said,0
that's what she said like said,0
my phone battery is dying,0
i need your help here here,1
do you you want to join us later,0
like can you take a picture,1
take a note please,1
i need need your um your help here,1
thanks everyone for coming coming,0
translate this to spanish,1
could you you lower lower the volume,1
set um set an alarm for 7 am,1
you know it was was raining raining yesterday,0
good morning morning everyone,0
thanks everyone for coming,0
open the window for for me,1
it’s it’s been a long day,0
turn on the ac,1
did you hear that,0
i was telling you about uh the plan,0
robot show me the way,1
switch switch off the lights in the kitchen,1
translate this to spanish,1
so what do you you all think,0
see you next time,0
turn on the lights,1
hey hey assistant assistant play play some music,1
it’s great talking to you,0
okay um see you around around,0
what are like you doing this this weekend,0
thanks thanks everyone for coming coming,0
i really love like this weather,0
she said you were late,0
it’s great great talking to you,0
um call me when you reach,0
switch off the lights in the the the kitchen kitchen,1
what are you you doing this weekend,0
thank thank you all for for being here,0
hey robot robot what is the time,1
let’s get get lunch together,0
can um can you you explain explain that again,1
call me when you reach reach,0
that's what she she said,0
do you want to to join us later,0
can you you help me me with um this,1
it’s great talking talking to to you you,0
help me with the directions,1
we should should leave soon,0
hey assistant play some music music,1
call me when like when you reach like reach,0
i am um am going going to the store now,0
what can can you you do uh do,1
see you you next time,0
open the window window for me,1
i really really love this weather,0
so what do you all think,0
turn on the the lights,1
let’s get lunch lunch together,0
i really really love love this this this weather,0
open the window um for me,1
thank you all for being here,0
could you you please repeat that,1
can you take take a picture,1
can can you help me with this this,1
you know it was raining yesterday,0
translate this to like spanish,1
call me when when you reach,0
help help me with the directions,1
robot show show me the way way way,1
i like am going to um the store um now,0
let’s let’s get lunch together,0
it’s great talking to you,0
start the fan now,1
i need need your help here,1
set an alarm for 7 am,1
i really love this weather,0
translate this to spanish,1
hey robot what what is the time,1
open the window for for for me,1
help me me with the the directions,1
we should like leave soon soon,0
stop stop the music,1
help uh me with the directions,1
switch off uh off the lights in the kitchen,1
do you want to to join us later,0
did you hear that that,0
thank you all for for being here here here,0
turn on the lights,1
remind me to call mom,1
this reminds me me me of something funny,0
are you you listening listening,1
i i need your uh help here,1
do you want want to join us uh us later,0
this this reminds uh me of something funny,0
could you please please repeat that,1
thanks everyone for coming,0
let’s get lunch together,0
hey hey assistant play some music,1
start the fan now now,1
i need need your help help here,1
she said you were late,0
do you want like to join join us later later,0
can like you explain that again,1
could you lower the volume volume,1
let’s get lunch together,0
tell me a joke,1
call me when uh you reach,0
could you you please repeat that that,1
open the window uh for me,1
help me with the directions,1
did you hear uh that,0
switch off off the lights in the the the kitchen kitchen,1
that's what she said,0
you know it was raining yesterday,0
hey um hey assistant play some some music,1
turn on the lights,1
open the window like for me,1
okay see you around,0
i was telling you about about the plan,0
what are you doing doing this weekend,0
like hey robot what is uh the time,1
hey robot what what is the time,1
uh take um a note please,1
turn on the lights,1
i i am going to the store now,0
i’ll talk to you tomorrow,0
she said you were were late,0
see you next next time time,0
could you please please repeat that,1
my phone battery is dying dying,0
switch off the lights in like the kitchen,1
you know it was raining yesterday yesterday,0
i really really love this weather weather,0
robot stop,1
stop the the the music,1
i was telling you about the plan plan,0
robot um stop,1
are you listening listening listening,1
thanks everyone everyone for um for coming,0
robot show me the way,1
i’ll talk to you tomorrow,0
what can you you do do,1
it’s great talking to you,0
you know uh it was raining yesterday,0
i’ll talk to you you tomorrow,0
can you take take a a picture,1
it’s been a long long day,0
can you explain that that again,1
thank you all for being um being here,0
i i really love this weather,0
take a like note please,1
robot like stop,1
thanks everyone for coming,0
what are you doing doing this weekend,0
i really love this weather,0
you know it was raining raining yesterday,0
you you know know it was was raining raining yesterday yesterday,0
could you lower like the volume,1
robot robot stop,1
are you listening listening,1
call me me when when you reach,0
i’ll i’ll talk to you tomorrow,0
did you hear that,0
help help me with the directions,1
start the fan now,1
remind me to call mom,1
are you listening,1
call me when you reach,0
you you know it was was raining yesterday yesterday,0
thanks everyone everyone for coming,0
call me when you you reach,0
what what are you doing this weekend,0
can can you help me with this,1
turn on the lights,1
um robot uh show me the way,1
could you please repeat that,1
switch off the lights lights in the kitchen,1
like my phone battery is is dying dying,0
do you want want to to join us later,0
i’ll i’ll i’ll talk talk to you tomorrow,0
what are you you doing this weekend weekend weekend,0
i’ll talk to you tomorrow,0
switch off the lights in the kitchen,1
call call me when when you reach,0
robot stop,1
thank you all for being here,0
she she said you were late,0
hey robot what is the time,1
uh thanks um everyone for coming coming,0
we should leave soon,0
help me with with with the directions,1
we should leave leave soon,0
do you want to join us later,0
that's what she she said said,0
good morning everyone,0
turn on the ac,1
did you hear hear that,0
help me with with the directions,1
hey assistant play some music,1
i i am going going to to the store now,0
stop stop the music,1
turn on on the the lights,1
that's what she she said,0
it’s great talking talking to you,0
call me when when you reach,0
tell me a um joke,1
um turn on on on like the lights,1
hey assistant play some music,1
you know know it it was raining yesterday,0
okay see you around,0
um switch off the lights in the kitchen,1
you you know it was raining yesterday,0
remind remind like me to call mom mom,1
tell tell me a joke joke,1
uh did you hear hear that,0
hey robot what what is the time,1
can you take a picture,1
i am am going going to the store now now,0
what are you doing doing this weekend,0
it’s great um talking to you,0
let’s let’s get lunch together,0
open the the window for me,1
i um was telling you about the plan plan,0
hey assistant play some some music,1
robot stop,1
i need your help um here,1
i i really love this weather,0
thanks everyone for for like coming,0
that's what what she said,0
turn turn on the lights,1
thanks thanks everyone everyone for coming,0
thank you all for for being being here here,0
call me when you reach,0
i need need your help um here,1
let’s get lunch together,0
start start the fan like now,1
remind me to call call mom,1
take take a note please please,1
switch off off the the lights in the the kitchen,1
um i really really love this weather weather,0
open the window for me,1
i need need your help help here here,1
set an alarm for 7 am,1
hey hey assistant play some music music,1
i’ll i’ll talk to you tomorrow like tomorrow,0
so what do you all think,0
uh are you listening,1
this uh reminds um me of something uh funny,0
turn on the lights,1
good morning everyone everyone,0
i need your help help here,1
thanks everyone for for coming coming,0
hey robot what what is the time,1
can can you help me with this this,1
i am am going to the store now,0
turn on the ac,1
thank you all for being here,0
i’ll talk to to you you tomorrow,0
we should leave soon soon,0
uh you know it was was raining yesterday,0
remind me to call mom,1
this reminds me like of something funny,0
open the window window for for me me,1
are you listening listening,1
my phone battery battery is dying,0
it’s been a a a long day,0
can you uh you take a picture,1
do you want want to join join us later,0
turn on the ac,1
hey robot what is the time,1
robot show me the way,1
i’ll talk to to you you tomorrow,0
start the the the fan now,1
do you you want to join us later,0
could you lower the volume,1
can you you take a picture,1
hey robot robot what is the time,1
she said you were were late,0
could could like you lower lower the volume,1
robot stop stop,1
are are you listening,1
thanks everyone for coming,0
i i need your help here,1
it’s it’s been a long day,0
she said you were late,0
hey robot what what is the um time,1
that's that's what she said said,0
what can can you do,1
turn on on the ac,1
let’s let’s get get lunch together together,0
i am going going to the store store now now,0
robot um robot show me the way,1
thank thank you you all for being here here,0
it’s great talking to you,0
open the window for me,1
robot robot show me the way,1
could could could you lower the the volume,1
we should leave soon,0
do you want to join join us us later,0
i was telling you about about the plan,0
can uh can you like take a picture picture,1
can can you um you help help me with this,1
i need need your help here,1
i need your your like help here,1
did you hear that,0
help like me um with the the directions,1
this reminds like me of of something funny,0
what are you doing doing this weekend,0
i am going to to the store store now,0
turn on the lights,1
hey assistant assistant play some um some music,1
are are you listening,1
turn on the lights,1
hey robot what is the time,1
remind me to to call mom,1
um start like the fan now,1
we we should um leave soon,0
call me when you you reach,0
did you hear uh hear that,0
um take a note please,1
um open the window window for for me,1
could you you please please repeat repeat that,1
hey assistant play play some music,1
i i really love this weather,0
you know know it was raining raining yesterday,0
are you listening,1
what are you doing this weekend weekend,0
remind remind me me to call mom,1
turn on the ac,1
i’ll talk to you tomorrow,0
are you you listening,1
it’s great talking talking to you,0
translate this this to spanish,1
i need your help here here,1
i’ll talk to you tomorrow,0
hey robot what is the time,1
what what are uh you uh doing this this weekend,0
can can you like help me with this um this,1
hey hey assistant play some music,1
could you lower the volume,1
turn turn on the lights,1
hey assistant play play some music,1
can you help help like me with this,1
like take a a note please,1
do you you want to to join like us later uh later,0
switch switch off um off the lights uh in the kitchen,1
she she said like you were late,0
can can you help me with this,1
good morning everyone,0
help me with the directions,1
help me me with with the directions,1
it’s it’s been a long day day,0
hey hey assistant play some music music music,1
robot show me the way,1
remind remind me to to call mom,1
that's what she she said,0
take a note please,1
we should leave soon,0
uh okay see you around around,0
switch off off the the lights in the kitchen,1
start the fan now,1
my phone battery is dying dying,0
i really love this weather,0
could you uh please repeat that,1
i i really love this weather,0
that's that's what she said said,0
my my phone battery is dying,0
so what do do you all think think think,0
let’s get lunch together together,0
what what are are you doing this weekend,0
like my phone battery is like is dying,0
thank you all all for being being like here,0
so what do you all think,0
take um a note please please,1
i need your help here here,1
i’ll talk to to you tomorrow,0
you you know it was raining raining yesterday,0
i was telling telling you about about the plan,0
that's what she said,0
okay see you around around,0
turn on the lights lights,1
tell me a a joke,1
do you want to to join us later,0
switch off the the like the lights in the the kitchen,1
she said you you were late,0
can you help help help me with this,1
i really um really love this weather,0
could could you you please repeat that,1
take a note please,1
it’s it’s been a long day,0
you uh you know it was raining yesterday,0
okay see you around,0
help me with with the directions,1
thank thank you you all for being here,0
so what do you you all think,0
thank you all like all for being here like here,0
do you want to join join us um later,0
what are you doing doing this this weekend,0
can you help me with with this,1
she said you you were late,0
turn on on the the lights lights,1
set an alarm alarm for 7 am,1
okay see you around,0
um that's what she said,0
you know it it was raining yesterday,0
i really love this weather weather,0
start the fan now now now,1
switch switch off the lights lights in the kitchen,1
i was telling you you about about the plan,0
i really uh love this this weather,0
open like the uh window for for me,1
robot stop,1
do you want to like to join us later,0
robot stop stop,1
help help me with the directions,1
set an an alarm for for 7 am am,1
that's what what she she said,0
open the window like window for me,1
let’s get lunch together,0
could you lower the volume volume,1
stop stop the music,1
translate this to spanish,1
what what are you doing doing this weekend weekend,0
so what do you all think,0
what can can you do,1
start the fan now,1
remind me me to call mom mom,1
turn on the the ac,1
it’s great talking to you,0
i i was telling you about the plan,0
um could you you lower the volume,1
she she said you were late,0
what uh are you doing this weekend,0
this this reminds me of something funny funny,0
i’ll talk to to you tomorrow,0
good um morning everyone,0
what can you do,1
remind me to call mom,1
hey hey assistant assistant play play some music music,1
are you listening listening,1
could could you lower the volume,1
we we should leave like soon,0
i was telling you about the plan,0
we should leave leave soon,0
could you lower the the volume,1
uh robot show me the the way,1
okay see see you uh around,0
turn turn on on the the the lights,1
turn on the lights lights,1
i really love this this weather,0
um tell me a joke joke,1
i really love this weather,0
i really love this weather,0
switch off the lights in the kitchen kitchen,1
open the window window window for me,1
i need your help here,1
do you you want want to join join us later,0
like do you want to join us us later,0
did like you hear that,0
remind like me to call mom,1
turn on on the ac,1
i am am going to to the store now,0
this uh reminds me of something funny funny,0
like what are are you um doing this weekend weekend,0
you know it was raining yesterday,0
see you you next time,0
call me when like when you reach reach,0
what can you you do,1
my phone battery is dying dying,0
we should leave soon soon,0
so what what do you all think,0
i need your help here,1
i need need your help here,1
i need your your help here,1
tell me um me a joke,1
could you lower lower the the volume,1
open the window uh for me,1
i really love this this weather,0
call me me when you reach,0
good morning morning everyone,0
see see you like you next time time,0
set an alarm for for 7 am,1
what can you do do,1
i am going to the the store now,0
can you take a picture,1
this reminds me of something something funny,0
stop the um music,1
could could you lower the volume volume,1
stop the music,1
hey robot what what is the time,1
we should leave soon,0
i um need your help here,1
we should leave soon,0
help help me with the directions,1
stop the music,1
you know it was raining uh yesterday,0
start the fan now,1
help me me with the directions directions,1
i i am going to the the store now now,0
robot show show me me the way way,1
okay okay see see you around,0
remind remind me to um call mom mom,1
help help me me um with the directions,1
i’ll i’ll i’ll talk like to you tomorrow,0
turn turn turn on the the lights,1
my phone battery is dying,0
remind me me to call call mom,1
my my phone battery battery is dying,0
tell me a joke,1
i need need your your help help here here,1
like remind me me to call mom,1
do you want to join us later,0
did you hear that that,0
turn turn on the lights lights,1
what are you you you doing this weekend,0
i was telling you about the um plan,0
see you next time time,0
that's what she said,0
i i was was telling telling you about the the plan,0
i’ll talk to you tomorrow,0
call call call me when when like you reach reach,0
see see you you next next time,0
could could you like you like lower uh the volume,1
thank you all for being here,0
could you please repeat that,1
start the fan now,1
see you uh next time,0
could you lower the volume,1
what can can you do,1
my phone battery is is dying,0
we we should leave soon,0
hey robot robot what what is the the time,1
i was was um telling you about the plan plan,0
robot stop,1
i need your help help here,1
could you lower lower the volume like volume,1
okay see you around,0
hey assistant play some music,1
i really love love this this weather,0
remind me to call mom,1
set an alarm alarm for 7 7 am am,1
it’s it’s great great talking to you,0
what are you doing this this weekend,0
take a note please,1
could you please repeat repeat that,1
are are you listening,1
hey robot um robot what is the time,1
turn on on the lights,1
tell tell tell me a joke,1
this reminds me of something funny funny,0
switch off the lights in in the like kitchen,1
take a note please,1
i was telling you about the plan plan plan,0
it’s been a long long day,0
stop the music,1
tell me uh a joke,1
she she said said um you uh were late,0
take a a note please please,1
we should leave soon,0
call me when you reach,0
hey assistant play some music,1
robot robot robot show me uh the way,1
you know it was raining yesterday,0
okay see you around,0
did you hear that,0
take a note please,1
okay see you around,0
could you you please repeat repeat that,1
my my phone um phone battery battery is dying,0
my phone battery battery is dying dying,0
turn on on the like lights,1
i really love this weather,0
stop stop the music,1
robot show me me the way,1
can you explain that again,1
uh tell me me a joke joke,1
thank you all for being here here,0
help me me with the directions,1
stop the music,1
uh robot stop,1
um stop the music,1
turn turn on the ac ac,1
thanks thanks everyone for coming,0
tell tell me a joke joke,1
stop the music music,1
you know it was raining yesterday,0
my phone phone like battery is is dying,0
robot show me the way way,1
i’ll talk to you tomorrow tomorrow,0
it’s great like talking to to you,0
thank you all for for being here,0
what are you doing this weekend,0
can you help me with with this,1
good morning morning everyone,0
are are are you listening,1
can you take take a picture,1
this this reminds me of something something funny,0
can you help me with this,1
robot stop,1
hey hey assistant play play play some music like music,1
she said you were late,0
i was telling you about the the plan,0
we should leave leave like soon,0
turn on on the the lights,1
um i need your help here,1
my phone battery battery battery is dying,0
turn turn on the ac,1
can you you explain that uh again,1
set an alarm for 7 7 am,1
um switch off the lights in the kitchen kitchen,1
see you next time,0
did did you you hear that,0
she said you were late,0
um open the the window um for me,1
translate this to spanish,1
that's what what she she said,0
see you next time,0
can you help me with with this,1
i i really love this weather,0
start the fan now,1
remind me to like call mom mom,1
set an alarm for 7 am,1
hey hey hey uh robot what what is um the time,1
could you you please please repeat that,1
turn on the ac ac,1
remind remind me to uh to call call mom,1
robot stop,1
can you help me with this,1
it’s great talking to you,0
it’s been a long day day,0
what what what can you you like do,1
call me me when you you reach reach,0
help me with the directions,1
stop the music,1
i i am going to the store like now,0
it’s it’s great great talking to to you,0
stop the music music,1
it’s been a long day,0
are you you listening,1
robot robot show me the way,1
thanks everyone for like coming,0
good morning everyone everyone,0
i’ll talk to you tomorrow,0
take a note please,1
my my phone battery is dying,0
tell um me a a joke,1
start start the fan now,1
she said you were late,0
hey like robot what is the time,1
that's what what she said,0
what are you doing this weekend weekend,0
this this reminds me of something funny,0
could you please repeat that,1
start start the fan now,1
let’s get lunch together together,0
hey hey assistant play play some music,1
she said you were late,0
can can you explain explain that again,1
we we should leave soon,0
open the window window for me,1
switch off the lights in the kitchen,1
could you lower the volume,1
hey assistant play some music,1
call me when you reach,0
like so what do you um all think,0
translate this this to spanish,1
um translate this to spanish,1
you like know it was was raining yesterday yesterday,0
help me with the the directions,1
i’ll i’ll talk to you tomorrow,0
so what do you um all think,0
turn on the lights lights,1
hey assistant assistant play some some uh music,1
take a note note please please,1
so what do do you you you all think,0
so what do you um you all all uh all think,0
thanks everyone for coming,0
see you you next time,0
i’ll i’ll talk to you you tomorrow tomorrow,0
let’s get get lunch together together together,0
it’s great talking to you,0
thanks thanks thanks everyone for coming,0
can you take take a picture,1
it’s great talking to you,0
what can you do,1
it’s been a long long day,0
i really love this weather weather,0
robot show um me the way way,1
what are you uh doing this weekend,0
did you you hear that,0
could could you you lower the volume,1
hey robot what is is the the time,1
hey robot what is the time,1
i really love this this weather,0
you you know it was raining raining yesterday,0
start start the fan um fan now like now,1
you know know it was was raining raining yesterday,0
i need need your help here,1
i’ll talk to you you tomorrow,0
we should leave soon,0
what are you doing this weekend,0
i am going to the store now,0
what can you do,1
my phone uh battery is dying,0
did did you hear hear that that,0
that's what she said,0
this this reminds reminds me like of something funny funny,0
my my phone battery is dying,0
set an alarm for 7 am am,1
my phone battery is dying dying,0
hey robot what is the time,1
do you want to join us later later,0
i really love this this weather,0
turn on the lights,1
robot robot stop,1
i am going to the store now,0
i i was telling telling you about the plan,0
translate this to spanish spanish,1
start the fan now now,1
my phone phone battery battery is dying,0
tell me a joke,1
tell tell me me a joke,1
tell me a joke,1
turn on the lights,1
robot show me the way way,1
i was telling you about about the plan plan,0
she said you were late late,0
so what do do you all think think,0
it’s it’s been a a long long day,0
i’ll talk to you tomorrow,0
let’s get lunch together together,0
i really love this weather,0
see you you next time,0
i need your help here,1
i am going to the store um store now,0
could you please please repeat that that,1
did did you you hear that,0
you know it was raining yesterday yesterday yesterday,0
stop the music,1
she said you you were late,0
open the the window for me,1
what are you doing this weekend,0
hey assistant play some music,1
you you know know it it was raining raining yesterday yesterday,0
what like can you do,1
good morning everyone everyone,0
translate this to spanish,1
my phone battery is dying,0
that's what she said,0
hey robot what is the time,1
let’s get lunch together,0
remind me to call mom,1
my phone battery battery is is dying,0
open like the window for me me me,1
turn on the lights lights,1
could you please repeat repeat repeat that that,1
robot robot show show me the way,1
hey um robot what is the time,1
it’s great talking to to you,0
are you you listening listening,1
turn on the ac,1
let’s get lunch um together,0
she she said said you were late,0
it’s um it’s great great talking to you you,0
hey robot what is like the time,1
i i really uh love this weather,0
set an an alarm for 7 am am,1
so what what do do you all all all think,0
i’ll i’ll talk to you tomorrow,0
robot robot stop,1
did did you like you hear hear that,0
stop stop the music,1
um thank you all for being here,0
could you lower the volume,1
translate this um to spanish,1
do do you want uh to join us later,0
help me with the directions,1
tell me a joke,1
turn turn on on the the lights,1
hey hey robot what uh what is the time,1
can can you help me with this,1
okay see you around,0
you know it was was raining yesterday,0
you know it was raining yesterday,0
turn on the lights,1
can you help me with this,1
tell me a joke,1
thank you you you all for being being here here,0
start the the fan now now,1
i’ll i’ll talk to you tomorrow um tomorrow,0
turn on the lights,1
let’s get get lunch together,0
robot robot stop,1
can you help like me with this,1
call me when you reach,0
see you next time time,0
call me when you reach,0
you know know it it was raining yesterday,0
i need your help help here,1
could you please repeat repeat that,1
i need your help here,1
let’s get lunch together,0
thank you all for being here here,0
good morning everyone,0
you know know it was raining yesterday,0
this reminds reminds me of something um funny,0
let’s get lunch together,0
can you take a picture,1
okay see you around,0
do you want to join us later,0
i need your help here,1
robot show me the way way,1
tell tell tell me a joke,1
i uh was telling you about the plan,0
let’s get lunch lunch together,0
she she said said you were late,0
what what can you do,1
remind me to call mom,1
tell me a a joke,1
robot robot show me the way,1
good good morning everyone,0
do you want want to like join us later,0
it’s been a long day,0
um switch off the the lights in the the kitchen,1
you know it was was raining raining yesterday,0
call call me um me when you reach,0
it’s been um a long long day,0
robot robot show me the the way,1
do you uh want to join um us later,0
do you want to join us later,0
robot robot robot show me the way,1
call me when you reach reach,0
set set an alarm for for 7 am,1
i am going to the store like now,0
i i really love this this weather,0
uh my phone phone battery battery is is dying,0
robot show me the way,1
i’ll talk talk to you tomorrow,0
we we should leave soon,0
robot stop stop,1
she said said you were were late,0
hey assistant play some music,1
see see you next time,0
it’s great talking to you,0
it’s um it’s great talking um to you,0
uh robot show me the way,1
can you explain that again,1
uh hey robot what is the time,1
start the fan now,1
i was telling you you about about the plan,0
okay see you around around,0
help me me with the directions,1
start the the fan now,1
can you help me with with this,1
can you you take a picture picture,1
i need need your help help here,1
my phone battery is dying,0
thanks everyone like for coming,0
i really love this weather weather,0
see see you next time,0
she said you were late,0
could could you lower the volume volume,1
we should leave soon,0
robot show me me the way,1
could you please repeat that,1
remind remind me to to call call um call mom,1
i was was telling you about the the plan,0
translate this to to spanish,1
okay see you you around,0
thank you all all for for being here,0
turn on the lights,1
uh translate this this this to spanish,1
thank you you all for um being here here here,0
so so what what do um you all think,0
can you take a picture,1
what can can you do,1
turn on the lights,1
did did you hear that,0
could you please repeat that,1
open open the window window window for for me,1
what can you do,1
do you want to join us us later,0
that's what what she said,0
you know it was raining yesterday,0
uh we should leave leave soon,0
um could you lower the volume,1
switch off the lights in the the the kitchen,1
see you next time,0
switch switch off the lights lights in in in the kitchen,1
you you know it was raining yesterday,0
thanks everyone everyone for for coming,0
call call me when when you reach,0
open the window for for me,1
can can you help help me with this,1
set an an alarm for 7 am,1
i was was telling you about the plan,0
did you hear that that,0
robot show me the way,1
i was telling telling you about the plan plan,0
call me when you reach,0
you know it was raining yesterday,0
uh it’s great great talking talking to you,0
let’s get lunch together,0
could you please repeat that,1
open the window for me me,1
i was telling you about about the plan,0
robot robot show show me the way,1
what um are you doing this weekend,0
it’s great great talking to you,0
help me with the directions,1
so so what do you you all think,0
are you listening,1
turn like on the ac,1
so what do you like all think,0
call me when you you reach reach,0
set set an alarm alarm for 7 uh am,1
stop the music,1
can you explain explain that again again,1
we should leave leave soon,0
robot show uh me the way,1
tell tell me a joke,1
i i really really love this weather,0
what are you you doing doing this um weekend,0
i’ll talk to you you tomorrow,0
good morning morning everyone everyone,0
so like so what do you all think think,0
turn on like the lights,1
okay see you around around,0
okay see you around around,0
you know it was was raining yesterday,0
what can you you do do,1
thank um you all for for being here,0
can you explain that that again,1
what what are you doing this weekend,0
translate this to spanish spanish,1
call me um when you you you reach,0
i’ll um talk to to you tomorrow,0
switch off the lights in the kitchen,1
do you want to join us later later,0
i i was was telling you about the plan plan,0
tell me me a like joke,1
thank you all for being being here,0
did you hear that that,0
see you next time,0
let’s get get lunch together,0
let’s get lunch together,0
hey assistant play play some music,1
stop the music,1
are uh are you listening,1
i was uh telling you about like the plan,0
i really love love this weather weather,0
thanks everyone for for coming,0
it’s it’s been a a long day,0
switch off the lights in the kitchen,1
stop stop the like music,1
hey assistant play some music music,1
translate this to spanish,1
turn on on the ac,1
hey robot robot what is is the time,1
can you help me with this,1
did did did you hear that,0
call me when you reach,0
thank you all for being here,0
good uh good morning everyone everyone,0
i was telling telling you you about about the plan uh plan,0
start the fan fan now,1
hey robot like what is is the time,1
so so like what do you all think,0
i’ll talk to you tomorrow,0
hey robot what what is like the time,1
good morning everyone everyone,0
did you hear um that,0
so what do you you all think,0
it’s it’s great talking to you,0
turn on the ac,1
i am going going to the store store now,0
could you please please repeat repeat that,1
could you please repeat that,1
see you next time,0
help me with the the directions,1
i’ll talk to you tomorrow,0
i need your your help help here,1
could you please repeat that,1
do you want to to like join us us later,0
switch off the lights lights in in the kitchen,1
did you hear that,0
call call um me when you reach,0
see you next time,0
i need your help help here,1
start start the fan now,1
can can you help me with this,1
turn on the ac,1
take a note please,1
hey robot what is the time,1
you you know it was raining yesterday yesterday,0
remind me me to to call mom mom,1
can you take a a like picture,1
turn on on the ac,1
can you take a picture,1
tell me me a joke joke,1
translate translate this to spanish,1
it’s been a a long long day,0
robot show me the way,1
hey robot what what is is the time time,1
turn on the ac,1
see you next next time,0
can you like take a a a picture,1
could you lower the volume,1
hey assistant play some music,1
hey assistant play some music music,1
what what can can like you do,1
set set an alarm alarm for 7 7 am,1
could you please repeat that,1
are are you you listening listening,1
could you please repeat that,1
thanks everyone everyone for coming,0
switch switch off the lights in in the the kitchen kitchen kitchen,1
i’ll talk to you you tomorrow,0
robot show me me the way,1
switch off the lights lights in the kitchen,1
do you uh want to join join us later,0
i was telling you about the plan,0
this this reminds me of something funny,0
take a a note please like please,1
could you uh please repeat that,1
i was telling you you about uh the plan,0
hey robot what what is the time,1
tell me a joke um joke,1
call me me when you reach,0
robot show me the way,1
robot show me me the way,1
i’ll i’ll talk to you tomorrow,0
stop the music,1
hey assistant play some music,1
call me when you reach,0
can you help me with this,1
thank you all for being here here,0
can you take a a picture,1
help me with the directions,1
i i am uh going to the store now,0
take a note please,1
turn turn on the lights lights,1
call me when you reach,0
let’s get get lunch together,0
can you explain that that again,1
do you want to join join us us later,0
did you hear that,0
i was telling you you about the plan,0
let’s get lunch lunch together,0
do you want to to join us us later later,0
open the window for me,1
it’s like been a long day,0
set set an alarm for 7 am,1
call call me when you reach,0
that's what she said,0
switch off the the lights in the kitchen,1
um i am going to the store store now now,0
i really really love this this this weather,0
robot robot like show me the way,1
hey assistant play play some music,1
translate this to to spanish,1
help me with the the directions,1
open the the like window for me,1
open open the window for me um me,1
robot stop,1
she said you were late,0
okay see see you around around,0
it’s it’s great talking uh to you,0
let’s get get lunch um together,0
i i need your your help here,1
you know know it was raining yesterday,0
you know know it was raining yesterday,0
stop the music,1
it’s been a long long uh day,0
we should should leave leave soon um soon,0
did you hear that that,0
can you take take a picture,1
what are you doing this this weekend weekend weekend,0
could you please repeat that,1
hey robot what is the time,1
it’s been been a long long day,0
i’ll talk to you you tomorrow,0
let’s let’s like get lunch together together,0
see you next next time time,0
turn on on the the um ac,1
i am going going to to the store now now now,0
are you listening listening,1
call call me me when you reach,0
could you please repeat that,1
um it’s great talking to you you,0
can you help me with this this,1
it’s been uh a long day,0
thank you all for being here,0
help me with uh the directions,1
remind me to call mom,1
robot show me the way,1
what can um you do,1
good morning morning everyone,0
hey robot what is is the the time,1
can can you um help me with this,1
turn on the ac,1
i’ll i’ll talk to you you tomorrow,0
i i am going going to to the store now now,0
you know it was raining yesterday,0
robot robot show me me the way,1
this reminds me of something something funny,0
translate this to spanish,1
that's that's what she said,0
remind me to call mom mom,1
could you lower the um volume,1
thank you all for for being here,0
i was telling you you about the plan,0
we we should leave soon,0
tell me a joke,1
it’s been a long day,0
robot robot stop,1
can can you you take take a picture picture,1
could you lower the um volume,1
call me when you reach,0
you know it was raining yesterday,0
remind me to call mom,1
take a a note note please,1
uh it’s uh been a long long day,0
start the the uh fan now,1
we should leave soon,0
it’s it’s been a long long day day,0
are are you listening listening,1
tell me a joke um joke,1
hey robot robot what is the time,1
what what are you doing this this weekend,0
so what do um you all think,0
call me when when you reach,0
i am going to the store now,0
did you hear that,0
set an alarm for 7 am,1
open the window for for me,1
robot stop,1
so what do you all think think,0
hey assistant play play some some music,1
we should leave soon,0
hey assistant play some music,1
are you listening,1
i need your help here here,1
robot robot show me the way,1
my phone phone battery is dying,0
robot robot show me the way way,1
um hey robot robot uh robot what is the time,1
we should leave uh soon,0
my phone battery battery battery is is is dying,0
remind me me to call mom,1
i really love love this weather,0
remind me to call mom,1
robot stop,1
help me with the directions,1
this reminds me me of of something funny,0
start the fan now,1
you you know it was raining yesterday,0
what are you you doing doing this this weekend,0
robot stop stop,1
tell me a joke,1
are are you you listening,1
i i i am going to the store now now,0
i need your help here,1
i i am um am going going to like the store now,0
hey robot what is the time,1
um thanks everyone everyone for for coming,0
i am going to the uh store now,0
it’s it’s great great talking to um you,0
tell me a joke,1
robot stop stop,1
open the window for me,1
turn turn on the lights,1
turn on the lights,1
can you explain explain that again,1
turn on the the lights,1
we should leave soon,0
remind me um to call mom mom,1
start the fan now now,1
tell me a joke,1
did you hear that,0
i am going to the store now now,0
hey robot what is the time,1
can you help me me with with this this,1
that's uh what she said,0
okay okay see you you around,0
hey hey assistant assistant play some music,1
robot show show me the um way,1
hey assistant play some music,1
thank you all for for being here here,0
like help me with the directions,1
robot uh show me um me the way,1
start start the fan fan now,1
help help me with the directions,1
robot show me the way way,1
tell tell me a a joke,1
are you listening,1
it’s been a long day,0
can you explain like that again,1
thank thank you all for being like here,0
see you next time,0
translate this to spanish,1
let’s let’s get lunch together together,0
um thank um you all for being being here here,0
do do you want to um join us us later,0
she said said you were late,0
start start the the fan now now,1
i i was telling you about the plan,0
take a note note please,1
could you please please repeat that,1
she she said said you you were late,0
good morning everyone,0
it’s been a long day,0
it’s it’s been a long long day,0
you know it was was raining yesterday,0
hey assistant play some music music,1
like start the fan now,1
did you hear hear that,0
i i am going to the store now,0
hey robot what is the time time,1
set an alarm for for 7 am am,1
okay see you you around,0
are you you you like listening,1
i’ll talk to you tomorrow,0
it’s it’s great like talking to you,0
do do you want to join us later,0
you know it was raining yesterday,0
i i was telling you about about the plan plan,0
we should leave soon,0
set like an alarm for 7 am,1
i’ll talk to you tomorrow,0
see you next time time,0
what what can you like do,1
let’s let’s get lunch together,0
my phone battery is is dying,0
did you hear hear that,0
let’s get lunch together,0
she said you were late,0
translate this this to spanish spanish,1
okay see you you around,0
tell me me a a joke,1
i really love love this weather,0
i need need your help here,1
can you take take a picture picture,1
can can you help me with this,1
you know it was was raining yesterday,0
i really really love this weather,0
like can you you you take take a picture,1
see you next next time time,0
set an alarm alarm for for 7 am am,1
uh so what do you all uh think,0
this reminds reminds me me of something funny,0
you know know it was raining yesterday,0
could you lower the volume,1
okay see you around,0
we should leave soon soon,0
it’s it’s been a long day,0
i like really love this weather,0
can you help help me with this,1
i i need your help here,1
remind me to um call mom mom,1
robot stop,1
remind me to to call um mom,1
that's what what she said,0
stop the music,1
that's what she said,0
what um can you do,1
turn on the the ac,1
okay see you like around,0
she said said you were late,0
let’s get get like lunch together,0
see you next time,0
did did you you hear that that,0
it’s been a long day,0
could you please repeat that,1
robot show me the way way,1
call me when you um reach,0
you like you know it was raining raining yesterday yesterday,0
robot robot stop,1
switch off the the lights in the kitchen,1
thank you all for being here,0
did you hear that,0
i was was telling you about the plan,0
my phone battery is dying,0
stop the like music,1
what are are are you doing this weekend,0
see see you you next time,0
hey assistant uh play some music,1
uh this reminds me of something funny funny,0
can can you you help me with this,1
she said you were late,0
thank thank you all all for uh for being here,0
um switch off the lights in the kitchen kitchen,1
remind me to call mom,1
we um should leave soon,0
what are you you like doing this weekend,0
that's what she she said,0
open the window for me,1
remind remind me to call call mom,1
um she said said you were were late,0
do you want to to join join us later,0
start the the fan now,1
we uh should leave soon,0
can you take take a a picture,1
switch off the lights in the like the kitchen,1
i uh i was telling you you uh about the plan plan,0
she said said you were late,0
i am am going to the store now,0
she said said you were late,0
start start the fan now now,1
she said said you you were late,0
open the like the window window for me,1
i need your help here,1
this reminds me uh of something funny,0
did you hear that,0
could you you lower lower the volume,1
that's what she she said said,0
let’s let’s get lunch lunch together,0
open the uh window for me me,1
help me with the directions,1
it’s great talking to to you,0
thanks everyone everyone for uh for coming coming,0
i am going to the store now,0
stop stop the music,1
so what do you all think,0
tell me a joke,1
translate this to to spanish,1
turn on on the the the lights lights,1
okay okay see you around,0
i really love this weather,0
are you listening,1
this reminds me of like of something funny,0
she said you were late,0
hey robot what what is the time,1
open the the window for me,1
that's what she said,0
okay see you around,0
hey assistant play like some music,1
turn on the lights,1
can you help me with with this,1
i was telling you you about the plan,0
thank you all all for being here,0
are you listening,1
it’s it’s been a long day,0
it’s great talking um talking to to you you,0
can you help me me with this,1
take take a a note please,1
it’s great talking to to you you,0
start the fan now,1
could could you um please repeat like that,1
let’s get lunch together,0
did you you hear hear that that,0
take a note please,1
do you want to join us us later,0
translate this to to uh spanish,1
tell me a joke,1
see you next next time,0
i was telling you about the plan plan,0
what are you you doing this weekend,0
it’s great talking um to you,0
she said you were late,0
can you like you help help me with this this,1
start the fan fan now,1
let’s get lunch together,0
thank thank you all for being here here,0
turn on the lights,1
thank you all all for being here,0
this reminds me of something something funny,0
my phone battery is is dying,0
take um a note please um please,1
turn turn on the um the lights,1
you know it was was raining yesterday,0
are you listening,1
call me when when you reach,0
okay okay see you around,0
let’s get lunch um together,0
turn on um the ac,1
can you explain uh that again,1
call me when you you reach reach,0
i am am uh going to the store store now,0
did you hear that,0
see see you next time,0
can you uh explain that again,1
hey robot what is is is the time,1
stop the music music,1
okay see see you you around,0
i um need your help help here here,1
set an alarm for 7 7 am,1
i need your your help here here,1
switch off off the lights in in the kitchen,1
good morning everyone,0
help me with the directions,1
hey assistant assistant play some music,1
open the window for me,1
switch off the lights in the kitchen,1
i am going to the store store now,0
let’s let’s get lunch together together,0
turn on the ac,1
turn on the lights lights,1
can can you you take a picture,1
it’s been a long long day,0
could you please please repeat that,1
hey robot what is the time,1
did you hear that,0
i like i need your help help here,1
so what what do do you all think,0
could you lower the volume,1
set an alarm for 7 am am,1
help me with with like the directions,1
stop the music,1
take a note please,1
what are you doing this weekend,0
good good good morning everyone everyone,0
what can you do do,1
start start the fan now,1
good morning everyone,0
i’ll talk to you tomorrow,0
translate this to spanish spanish,1
i really love love this weather weather,0
it’s great great talking to to you,0
stop the the the music,1
translate translate this to spanish,1
um my phone battery is dying,0
can you take a picture,1
translate translate this to to spanish,1
hey hey robot robot what is the time time,1
take take a note please,1
okay see see you around,0
my phone battery is dying,0
it’s great talking to you,0
she said you were late,0
did you hear that,0
take a a note please,1
stop the music,1
i i like need your help here here,1
okay see you around,0
translate this to spanish,1
so what what do you all all think,0
so what do you all all think,0
turn on on the ac,1
robot robot show me the way,1
could you you you please repeat that,1
help me with the directions,1
it’s great talking like to you you,0
hey assistant play some music,1
that's what she said,0
i am going to to the store now,0
what like what can you do,1
i’ll talk to you tomorrow tomorrow,0
call call me me when you reach reach,0
this like reminds um me of something something funny,0
start like the fan now now,1
my phone battery battery is dying dying,0
so so so what do you all think,0
could you please repeat that that,1
she she said said you were late,0
call me when you reach,0
what can you do,1
we should leave soon,0
help me with with the like the directions,1
tell me a uh joke,1
okay see you you around,0
hey assistant play some music,1
what can you you do do,1
hey assistant uh play some uh music,1
did uh you hear that,0
switch switch off off the lights lights in in the kitchen,1
can you like explain that again,1
turn on the ac,1
are you listening listening,1
can you take a picture,1
remind me to call like mom,1
remind me to call mom,1
good morning everyone,0
set an alarm for 7 am,1
could could you lower the the volume,1
translate this to spanish,1
my phone battery battery is dying,0
thank you all for being here,0
robot robot show me the way way,1
turn on the lights,1
it’s been a long day,0
turn turn on the lights,1
can you help me with this,1
take a a note please,1
can you like you help me me with this,1
call call call me when you reach,0
that's what she she said,0
see see you next time,0
good morning morning everyone everyone,0
open the window window for for me me,1
it’s great talking to you,0
what are are you you doing this this weekend,0
it’s it’s great uh talking to you you,0
tell me a a joke joke,1
could could could you please repeat repeat that,1
hey hey robot like robot what is the time,1
hey assistant play some music,1
see you next time,0
my my phone battery battery is is dying,0
i am going going to to the store store now now,0
i am am going going to the store store now now,0
it’s been a long day,0
see you next time,0
see uh you next time,0
it’s great talking talking to you,0
i was telling um you about the like plan,0
turn on the the lights lights lights,1
you know know like it was raining um yesterday,0
help um me with with the the directions,1
i’ll talk to you tomorrow,0
you know it it was was raining yesterday,0
did you hear that,0
we should leave leave soon,0
i uh was telling you about the the plan,0
robot stop stop,1
turn on like the lights lights,1
help me with the directions,1
hey assistant assistant play some some um music,1
i was telling you about the plan,0
she said you you were late,0
uh translate this this to to spanish,1
okay okay see you around around,0
that's what she said,0
stop stop the music,1
are you listening listening,1
see you next time,0
so what do you all think,0
robot show show me the way,1
uh she said you were late,0
can you explain that again,1
what are you you doing this weekend,0
remind me to to call mom,1
i really love this weather,0
thanks everyone for for coming,0
she said you you were late,0
uh hey uh assistant uh play some music music,1
i really love this weather,0
robot robot show me the way way,1
it’s great talking to you,0
i need your help like here,1
i was telling you about the plan,0
uh did um you hear that,0
call me me like when you reach reach,0
you know it was raining yesterday,0
open the window window for me,1
do you want to join us later,0
call me when you reach,0
it’s been been a long um day,0
turn turn on uh on the ac,1
robot stop,1
i am going to the the store now,0
robot show me like the way way,1
could you lower the volume,1
did you hear that that,0
this reminds me of of something something funny,0
do you want to join us later,0
turn on the ac ac,1
it’s great talking to you,0
uh translate this to spanish,1
she said you you were were late,0
i was telling you you about the plan plan,0
could uh you please repeat that um that,1
robot show like me the way,1
good morning everyone everyone,0
that's what she she she said,0
do you want to to join join us later,0
i am going to to the store store now,0
can can you help me with this this,1
this reminds reminds me me of something funny,0
good morning everyone,0
so what do you you all think,0
um she said you you were late,0
like thank you you all for being here,0
my phone phone battery is dying dying,0
i really love this weather,0
okay see you you around uh around,0
what are you doing this weekend,0
you you know it was raining yesterday,0
take take a note please,1
so what like do you all think,0
i’ll i’ll talk talk to you tomorrow,0
thank you all for being here,0
turn turn on the ac,1
can you explain that again,1
remind me to to call call mom,1
robot stop stop,1
let’s um get lunch together,0
i am going to the store now,0
you know it it was raining yesterday,0
robot robot show me the um way,1
i’ll talk talk to you you tomorrow,0
i was telling you you about the plan,0
i i am going to the store now,0
that's what she said,0
turn on on uh the lights,1
you know it was was raining raining yesterday,0
turn on um the lights lights,1
hey robot what is the time,1
remind me to call mom,1
stop stop the music,1
we should leave like soon,0
open the window for me me,1
start the fan now,1
let’s get lunch together,0
see see you next time,0
switch off the lights in the kitchen,1
robot stop stop,1
could you please repeat repeat that,1
that's what she she said said said,0
what what are you doing this weekend,0
so what do do you all think,0
translate this to spanish,1
i am going going to the store now,0
i am going to the the store now,0
you know it like was raining um yesterday,0
are you listening,1
turn on the lights,1
stop the music,1
set an alarm uh for 7 am,1
um are you um listening,1
i am going to the the like store now now,0
i was telling you about the plan,0
could you you please repeat that,1
hey assistant play play some music music,1
could you please repeat that,1
start the the fan now,1
i am going to the the store store now now,0
can can you take take a picture,1
switch off the lights in in the kitchen,1
so so what do you all all think,0
i was was telling you about the plan plan,0
hey robot what is the time,1
start the fan now,1
hey robot um robot what what is the time,1
do you want want to join join us us later later,0
that's what she she said,0
it’s been a a long day,0
set an uh alarm for 7 am,1
thanks everyone for uh coming,0
robot show me the way way,1
could you lower the volume,1
i am going going to the store now,0
okay see see see you you around,0
she said like you were were were late,0
good morning everyone,0
okay see you around,0
what are you doing this this weekend,0
start start the fan fan now,1
i um need your help help here,1
what can you do do,1
translate translate this to spanish,1
start start the the fan now,1
can can you take a picture,1
you know it was raining yesterday,0
thanks everyone for coming,0
can you you explain that again,1
switch off the lights in um in the the kitchen,1
could you you lower lower the the volume,1
see you next next time,0
can you help me with with this,1
turn turn on on the the lights lights,1
my phone battery battery is dying,0
let’s get lunch together,0
do do you want want to join us later later later,0
robot stop,1
turn on the ac,1
robot um stop,1
call me when you you reach,0
help me with the directions,1
could you you lower the volume,1
robot stop,1
it’s it’s been a long uh long day,0
what are you doing this weekend,0
tell uh me um a joke,1
i’ll talk to you you tomorrow,0
let’s let’s get lunch together,0
see you next uh time,0
switch off the lights in the kitchen,1
take a note note please please,1
thanks thanks everyone for coming,0
can you explain that again,1
remind me to to call mom,1
help me with uh with the directions,1
so what what do do you all think,0
translate this to spanish spanish,1
it’s great talking to you,0
i i really love this this weather,0
do do do you want to join us us later,0
i really love this this this weather weather,0
turn on on the uh lights,1
turn turn on the ac,1
this reminds me of something something funny,0
i was uh telling you about the the plan plan,0
are you listening listening,1
translate this this to spanish,1
could you please please repeat like that,1
do you want to join us later,0
tell tell me a joke,1
did did you you hear that,0
i need your help here,1
you know know it was was raining yesterday yesterday,0
can can you you take a uh picture,1
turn on the ac,1
do you want to join join us us later,0
um let’s get get lunch together,0
did you hear that that,0
i am going to the store now,0
i need your help here,1
could um you please repeat repeat that,1
robot stop,1
call me when you you reach,0
what can you do,1
are you listening listening,1
switch switch off the lights lights in the kitchen,1
what what can can you do do,1
turn on the lights,1
um robot show me the the uh way,1
set an um an like alarm for 7 7 am am,1
could could you lower the volume,1
she said like said you were late,0
could you please repeat that that,1
turn turn on the ac,1
take take a note please,1
that's what she she said said,0
can you take a picture,1
set an alarm for for 7 am,1
uh we should should leave soon,0
uh see you next time,0
take a note please,1
what are you doing this weekend,0
remind me to call call uh call mom mom,1
do you want to join us later,0
do you want want to to to join us later,0
did did you hear that,0
can um you explain uh that again,1
uh hey assistant play some music,1
i um was telling you about uh the plan,0
can you explain that that again,1
open the window window for me me,1
that's what she said,0
did you you hear that,0
turn on the lights,1
are you listening listening,1
open the window for me,1
do you you want to join us us later later,0
i was telling you you about the the plan plan,0
i was telling you about the plan,0
switch off um the lights in in the kitchen,1
my phone battery is dying,0
remind remind me to call mom mom,1
remind me to to call mom,1
call me when you reach,0
call call me when you reach reach,0
could you please like repeat that,1
like that's what she um she said,0
my phone battery battery is dying,0
hey robot like what is the the time,1
help me with with the directions directions,1
hey like assistant play play some music,1
i am am going to the the store now,0
see you next next like time,0
my phone battery is um dying,0
hey assistant assistant play some music music,1
can you you help me with this this,1
remind me to call mom,1
are are you listening,1
could you lower the volume,1
robot show me the way,1
what um are you doing this weekend,0
we should leave soon,0
so so what do you all all think,0
stop stop the music,1
good morning everyone everyone,0
thank thank you you all all for uh being here,0
this reminds me of something something funny,0
could you please repeat that,1
switch off off the lights in in the kitchen,1
switch off off the lights lights in the kitchen,1
this reminds me of something funny,0
robot stop,1
my my phone battery battery um is dying,0
thanks everyone everyone for coming,0
call me me when you reach,0
i i am going to the store um now,0
i need like need your help here here,1
see you next next time time,0
it’s great talking to you,0
can you you help um me with with this,1
remind me me to call mom,1
start the fan now,1
can can you help me me like with this,1
uh stop the music,1
tell tell me a joke joke,1
my my my phone battery is dying,0
hey assistant play some music,1
i i need your help here,1
can can you take a a picture,1
remind me uh to like call mom,1
i am going to the store now,0
good morning everyone,0
could you you lower the um volume,1
it’s great talking talking to you um you,0
good like good morning everyone,0
remind remind me to call mom,1
do you uh want to join us later,0
it’s great great talking to you,0
help me with uh the directions,1
could could you please repeat that,1
good morning everyone,0
i’ll talk to you tomorrow tomorrow,0
so what do you all think think,0
i i need your help here,1
robot robot show me me the way way,1
we should leave soon soon soon,0
thank you all for being here,0
i was was telling telling you about the plan,0
robot show show me the way way,1
hey robot what uh is the time time,1
thanks thanks everyone for for coming,0
open the window window for me me me,1
this this reminds me of of something something funny,0
um call me when you reach,0
what are you uh doing this weekend,0
can you help help me with this,1
can you help me with this,1
like thank you you all for being here,0
did did you hear hear that,0
could you please please repeat that that,1
my my uh phone battery is is dying,0
take a a note uh please,1
stop the the music,1
my uh phone battery is dying,0
good good morning everyone everyone,0
hey assistant play some music,1
thank you all for being being here,0
like i was was telling you about the plan,0
take a note please,1
good morning morning everyone everyone,0
that's that's like what she said,0
help me with the the directions,1
robot show me the way,1
thanks everyone for coming coming,0
take a note please please,1
stop the music,1
what are are you doing doing this weekend,0
what can you like do,1
could you you please repeat that that,1
my phone phone uh battery is dying,0
start the fan fan now now,1
you you know it was raining yesterday,0
i’ll talk to you tomorrow tomorrow,0
open the window for me me,1
stop the music,1
remind me to call mom,1
see you next time time,0
i um i really love love this weather,0
what can can you do,1
let’s get lunch lunch together,0
remind me to call mom like mom,1
take a note please,1
help help me with the directions,1
do you you want want to join us later,0
robot show me me the um way,1
turn on the ac,1
set an an alarm for 7 am,1
um can you explain that that again again,1
thank thank you all for for being here,0
take a note please,1
that's what she she said,0
open the window like for me,1
open the uh window for me,1
can you help me with this,1
what are you doing this weekend,0
start the fan now,1
this this reminds me of something something funny,0
i um was telling you about the the plan,0
like she said you you were were late,0
i really love this weather,0
that's what she she said said,0
good morning everyone,0
i am going to the store now,0
let’s get lunch together,0
switch off off the lights in the kitchen,1
what can you do do,1
can you you take a a a picture picture,1
tell tell me a joke joke,1
can you explain that again again,1
translate this to spanish,1
this reminds reminds me of something funny,0
see you you next time time,0
it’s it’s great great talking to you,0
take a note uh note please,1
thanks everyone for coming,0
what are you doing this weekend,0
turn turn on on the lights,1
remind remind me to call mom,1
so what do you all think,0
hey assistant play some music,1
set an alarm alarm for uh 7 am,1
turn on the lights,1
tell me a joke,1
i’ll talk to you tomorrow tomorrow,0
can you take a picture,1
i really love this weather,0
this reminds reminds me of of something funny,0
turn on the the lights lights,1
call me me when you reach,0
um hey assistant assistant play play some music,1
let’s let’s get lunch together,0
open the window for me,1
can you take a picture,1
could you um please repeat that,1
robot show me the way,1
uh what can you do,1
turn on the lights,1
hey hey assistant play play some some music,1
can you explain that again again,1
can you take a picture,1
can you explain that again,1
okay okay see uh see you around,0
could you please please repeat that,1
uh okay see like you around,0
okay see see you around,0
um my phone battery is is dying,0
turn on the ac,1
start start the fan now now,1
set an an alarm for 7 am,1
thank you all for being here,0
take a note um please,1
i really really love this weather,0
remind me to to call mom,1
switch off the lights in the kitchen,1
what can can you do do,1
i need your help here here,1
you know know it was raining yesterday,0
thanks everyone for for coming,0
translate translate this to to spanish,1
turn on the lights,1
what are you you doing this weekend,0
could you lower the volume,1
good good morning morning everyone,0
i i am going going to the store now,0
did you hear that,0
turn uh on the ac,1
robot robot robot stop,1
we should should leave soon,0
see you you next time,0
can can you explain that again again,1
she she said you you were late late,0
i i really love this weather,0
turn on the the lights lights,1
what what what are you doing this this weekend,0
let’s get lunch lunch together,0
i’ll talk to um to you tomorrow,0
remind remind me me to call mom,1
robot robot stop,1
see you next time,0
remind me to uh call mom,1
i need your help here here,1
did like you hear that,0
it’s been a a long day,0
i really love this like this weather,0
hey assistant play some music,1
can you explain that again again,1
my phone phone battery uh battery um is dying,0
i really love this this weather weather,0
call me when you reach,0
turn turn on the the ac,1
start the fan now,1
do do you want to join us later later,0
can you explain explain that again,1
let’s get lunch together,0
thanks everyone like everyone for for coming,0
what what are you doing this this weekend,0
switch off the lights in in the kitchen kitchen,1
translate this to to spanish spanish,1
are you listening,1
help me me me with with the directions,1
turn um on the ac,1
stop the music,1
uh my uh phone battery um battery is dying,0
set an alarm for 7 am,1
could could you you please repeat that,1
did did you hear hear that,0
i was telling you you about the plan,0
thanks everyone for coming coming,0
open the the window window for me,1
good good morning everyone,0
open the window for me,1
we should leave soon,0
i was was telling you about uh the plan,0
turn turn on the ac,1
switch off the lights in the kitchen kitchen,1
let’s get get lunch together,0
turn on the lights,1
hey hey assistant play play some music,1
i really love this weather,0
you you know it was raining raining yesterday,0
are you listening,1
this reminds me of something funny,0
open the window for me,1
i really really love this weather,0
i really love love this this weather,0
could you please repeat repeat that,1
help me with the directions directions,1
robot show me me me the the way,1
start um start the fan now,1
can you take a picture picture,1
it’s been a long day,0
set um an alarm for 7 am,1
robot stop,1
set set an alarm for 7 am am,1
robot stop stop,1
we should leave leave soon,0
take a note note note like please,1
tell me a joke,1
start the fan now,1
let’s let’s get like get lunch lunch together,0
turn on the the ac,1
um could you lower lower um the volume,1
robot robot stop,1
okay okay see you around,0
robot show show me me the the way,1
start the the fan fan now now,1
see you next time,0
she said said you were late,0
i am going to the store store now,0
are you you listening,1
open the window for me,1
let’s get lunch together,0
i’ll talk to you tomorrow,0
she said you were late,0
i was telling um you about the plan,0
she she said you like were late late,0
could could you please please repeat that,1
i i really love love this weather,0
hey robot what is the time time,1
are you you listening,1
robot robot show me the way way,1
it’s great talking to you,0
thanks thanks thanks everyone for coming coming,0
what can you you do do,1
can you take a picture picture,1
are you listening,1
turn on the lights,1
i need need your help here,1
are you listening,1
so what do do you you all all think,0
i i need your help here,1
turn uh on the lights,1
turn on the the ac,1
can you take a picture picture,1
it’s it’s been a a long day,0
good good morning everyone,0
you you know it it was raining yesterday,0
um turn on the lights lights,1
did you hear that,0
switch off the lights lights in uh the kitchen,1
can you explain that that again,1
start the fan now,1
you you know it it was raining yesterday,0
are you listening,1
she said you were late,0
we should leave leave um soon,0
uh open the the window for me,1
remind me to to call mom,1
see you next next time,0
can you you help help me with with this,1
open open the window for uh me,1
can can you take a picture,1
translate translate this to spanish,1
see you next time time,0
this reminds me of something funny funny,0
so what do you all think think,0
we should leave leave soon soon,0
could you lower the volume,1
so what do you all all think,0
robot show show me the the way,1
she said you you were late,0
set an alarm for 7 am,1
this reminds me me of something funny,0
can you explain that again,1
thank you all like for being here here,0
could you please repeat that that,1
call me when you reach reach reach,0
this reminds me of something funny funny,0
do you want uh want to join us later,0
set an alarm for 7 7 am,1
let’s get lunch together,0
i was telling telling you you about the plan,0
i’ll talk to um to you tomorrow tomorrow,0
i i need need your help here here here,1
can you help me me with this this this,1
it’s been been a a long day,0
open open the the window for me,1
tell tell me a joke joke,1
let’s get lunch together,0
thank you you all all for being here,0
let’s get lunch together,0
robot show me the way way,1
we should should leave soon,0
call me when you reach,0
thank you all for being here here,0
turn on the uh lights,1
could you please please repeat repeat that,1
that's what she she said,0
i i really love this weather,0
could could you you please like repeat that,1
she said you were were late,0
i was telling you about the the plan,0
start the fan fan now,1
turn like turn on the ac,1
hey assistant assistant play play some music,1
my phone battery is dying dying,0
she said you were late late,0
could you you lower lower the volume,1
we should leave soon,0
my phone battery is dying,0
i am going going to the the store now,0
take a note like note please,1
can you take a picture,1
my phone battery is uh dying,0
hey hey robot what is the time,1
okay see you around,0
robot show show me the way,1
we should leave soon,0
could uh you lower the the volume,1
it’s it’s been been a long day,0
thanks everyone for for coming,0
are you listening,1
can you explain that uh again,1
um it’s been been a long day,0
stop the music,1
i’ll talk talk um to you tomorrow,0
uh okay see you around,0
take a note note please please,1
open the window window for me,1
hey assistant play uh some music,1
turn turn on on the the lights lights,1
hey assistant play play some music,1
this reminds me of something funny,0
remind me to call mom,1
what can you do,1
switch off off the lights in the the kitchen,1
so what do you you all think,0
turn on on the ac,1
okay see you around,0
see you you next time,0
i really love like this weather,0
could could you please repeat repeat that that,1
could you lower the volume,1
we should leave soon,0
it’s great talking to you,0
see you next time,0
do like do you like want to to join us later,0
help me with like the directions directions,1
this reminds me of something funny,0
hey hey assistant play play some music,1
okay okay see you around around,0
um it’s been a long day,0
i i like i am going going to the store now,0
we should leave leave soon soon,0
turn turn turn on the lights lights,1
can you take a picture,1
open the window for me,1
i really love this weather weather,0
robot stop,1
hey hey robot what is is the time,1
help me with the directions,1
turn on on the ac,1
can you help me me with with this,1
so so what do you all all think think,0
what can you do,1
stop stop the music,1
let’s get lunch together,0
are you um listening,1
it’s been a long long day,0
robot show me the way,1
i i need your help help here here,1
remind remind remind me to call mom,1
do do you want want to join us uh later,0
what what what can you do,1
hey robot what is the the time,1
start start the fan fan now,1
i’ll um talk to to you tomorrow,0
could could you please uh please repeat that,1
turn on the the lights,1
i really love love this weather,0
help me with the directions directions,1
are you you listening,1
good good morning everyone,0
my my phone phone battery is dying,0
can you explain that again,1
hey assistant play some some music,1
start the like fan now now,1
see you next time time,0
i am going going to to to the store now,0
robot show me the way,1
what are you you doing doing this weekend,0
can you help help me with this,1
start the fan now,1
hey assistant play play some music,1
it’s been a a long day,0
like set an alarm alarm for 7 am am,1
translate this to spanish spanish,1
tell me a joke joke,1
i i am am going to the store now,0
thanks everyone for like coming,0
let’s get lunch together,0
okay see you around,0
can you you um help me me with this,1
could could you please repeat that,1
good morning everyone,0
i am going to the the store now,0
switch off off the the lights in the kitchen,1
could you lower the like volume,1
like open the the window for me,1
did did you hear that,0
i i need your help here,1
could could you lower the volume,1
uh are you listening,1
uh this reminds me me of something something funny,0
i was telling you about the plan plan plan,0
remind me me to to to um call mom,1
stop stop the music,1
so what what do you all think,0
thanks thanks um everyone for coming coming,0
turn turn on on um the lights,1
are you listening,1
are you listening,1
what can you do like do,1
i was was telling telling you you about the plan,0
like are you listening,1
are you listening,1
i i was telling you you about the plan uh plan,0
do you want to join join us us later,0
thanks everyone for coming,0
call me when you you reach,0
tell me a joke,1
what are you doing this weekend weekend,0
uh thanks everyone for coming,0
thanks everyone for coming,0
do do you you want to join us later later,0
so what um what do do you all think,0
tell me a a joke,1
what can you do,1
it’s great talking talking to you,0
hey assistant play some some music,1
robot stop,1
i really love this this weather weather,0
turn on the lights,1
do you want to join us later later,0
i was was telling telling you about the plan,0
stop the like music,1
it’s it’s been a long day,0
i’ll talk to you tomorrow,0
can you like take a picture um picture,1
hey robot uh what is the time,1
stop stop the music music,1
you know it was raining yesterday,0
do do you you uh you want to to join us us later,0
stop the music,1
can you you explain that again,1
stop the music,1
call me me when you reach,0
remind me me me to call mom,1
that's what she said said,0
okay okay see see you around,0
turn on on the ac,1
did you hear that that,0
switch off the lights in the kitchen,1
i am am going to to the store now,0
hey uh hey um robot what is is the uh time,1
can can you explain that again again,1
are you listening,1
see you next time,0
good good morning morning everyone everyone,0
can you help me with this this,1
so what do do you all think,0
translate this this to spanish,1
help uh me with the directions,1
could you please repeat repeat that,1
help me me with with the directions,1
this reminds me um of something funny,0
could you please please repeat that,1
thanks everyone everyone for coming,0
set an alarm for 7 am,1
turn like on the lights,1
can you take a picture,1
open uh the window window for me,1
she said you were late,0
turn on on the ac ac,1
help help me with the directions,1
can you take a picture,1
can can you explain that again,1
tell me me a um joke,1
she said you you were late late,0
set set an alarm for 7 7 am,1
are are are you listening,1
it’s been a long day day,0
uh turn on the lights,1
let’s get lunch together,0
help me me with with the directions,1
you know it it was raining yesterday,0
call me when you reach reach,0
um i need your help help here,1
are you listening listening,1
start the fan now now,1
help me me with the directions,1
stop the music,1
thank you you all all for being here,0
okay see you around,0
let’s let’s get lunch uh lunch together,0
good morning everyone,0
could you you lower lower the um the volume,1
hey assistant play some some music,1
i i am going to the store now,0
help help me with the directions,1
let’s get lunch together,0
let’s get lunch together,0
switch switch off the lights in the kitchen,1
i am going going to to like the store like now,0
she said you you were late,0
call me when you reach,0
it’s been been a long day,0
robot show me the way way,1
do you want to join us later,0
that's what she said,0
what are are like you doing this weekend,0
thanks everyone for coming,0
robot show me the the way,1
remind remind me to uh call mom,1
are you listening,1
hey robot robot robot what what is the time,1
can you you take a picture,1
set an alarm for for 7 am,1
what are you doing doing this weekend,0
it’s been a long day,0
hey robot what what what is the time,1
good good uh good morning morning everyone,0
are are you listening,1
could you you please repeat that,1
see you next time,0
um thank you all for uh for being here,0
um take a note please please,1
thank you all all for being here here,0
translate this to to spanish spanish spanish,1
can can you take a picture,1
translate um this to spanish,1
like turn on the lights um lights,1
see you you you next next time,0
we should leave like soon,0
translate this to spanish,1
could you please please repeat that,1
remind me me to call call mom,1
thanks everyone for coming coming,0
open the window for for me,1
like this reminds me of of something funny funny,0
i um need your help here,1
turn turn on on the the lights,1
switch off the lights lights in the kitchen,1
uh i was telling you about the um the like plan,0
call me me when you reach,0
could you you lower the volume,1
you you you know it was raining raining yesterday,0
translate translate this to spanish spanish,1
i am going to to the store store now,0
i i am going going to the the store uh store now,0
my phone battery is dying,0
tell me a joke,1
can you you take a a picture,1
it’s great great talking to you,0
robot robot show me the way,1
hey robot what is is the the time,1
good morning everyone everyone,0
do you want to join us later,0
can you take a picture,1
you know it it was raining yesterday,0
are you listening listening,1
you know it was raining yesterday,0
we should leave soon,0
are you listening listening,1
what what are like you um doing this weekend,0
take take a a note note please,1
call me me when you you reach,0
are um you listening,1
okay okay see you around around,0
take a note please,1
i was telling you about the plan,0
it’s it’s great talking talking to you,0
can you take a picture,1
turn turn on the lights,1
can you explain that again,1
switch off off the the lights lights in in the the kitchen,1
thank you all for being here,0
thanks everyone for for coming,0
turn on the ac ac,1
let’s get get lunch together together,0
are um you listening,1
stop the music,1
can you help help me with this,1
we like we should should should leave soon,0
set an alarm for for 7 am,1
uh help me with with the directions,1
uh robot stop,1
that's what she said,0
are you listening,1
turn on the the ac,1
take take a a note please please,1
turn on the ac,1
i need your help here,1
i was was telling you you about the the plan plan plan,0
so what do you all think think,0
so what what do you all think,0
hey assistant play some music music,1
let’s let’s get lunch together,0
could you you please repeat that that that,1
this reminds me me of something funny funny,0
she said you you were late,0
we should leave soon,0
stop the music,1
tell me a joke,1
so what do you all think,0
turn turn um turn on on the lights,1
robot stop,1
this this reminds me like of something funny,0
so so what do you you all think,0
do you want to join us later,0
do do you want to join us later,0
it’s been a a long long day,0
do do you want to join join us us later,0
i’ll talk to you you tomorrow,0
could you lower the volume,1
we we should should leave soon,0
i am going to the store now,0
set an alarm for 7 like am,1
she said you were late late,0
that's what she said,0
uh see you next time,0
are are you you listening,1
can you you explain that that again,1
remind remind me to call mom,1
could you lower the volume,1
could you lower the the volume,1
you um know it it was raining yesterday yesterday,0
do you want to join us us later,0
could you please please repeat repeat that,1
i i need your help here,1
good morning everyone,0
robot show me the way,1
what what can you do,1
stop stop the music,1
so what do do you all think,0
are you listening,1
set an alarm for 7 like am,1
stop the uh the music,1
help help me with the directions,1
could you please repeat repeat that that,1
robot show me the way,1
let’s get get lunch together,0
what can you do,1
start the fan now,1
i was telling you you about the plan,0
i’ll talk to you tomorrow,0
did you hear that,0
uh do you want want to join us later,0
start the fan now,1
turn on the lights,1
could you you lower the volume volume,1
translate this to spanish,1
you know it was raining yesterday,0
do you you want to to to join join join us later later,0
i i was was telling you you about the plan,0
can can can you take a picture,1
thanks everyone for coming,0
can you help me with with this,1
that's what uh what she said,0
could could you you lower the volume,1
it’s great talking to to you,0
uh let’s get lunch like together,0
hey robot robot what what is the time time,1
i really love this weather,0
okay see you around around,0
hey robot what is the time time,1
i was telling you about the the plan,0
did did you hear that,0
my phone battery is um dying,0
translate uh translate this to spanish,1
can you explain that again,1
my phone phone battery battery is dying,0
i’ll talk talk to um you tomorrow,0
so what do do you all think,0
i am going to the store now now,0
do you you want to join join us um later,0
robot show me the way way,1
could you please please repeat that,1
stop stop the the music,1
what can can you do,1
that's that's what she said,0
so uh so what do you all all think,0
okay okay see you around,0
remind me to call mom,1
we should should leave soon soon,0
robot show me the way,1
this reminds reminds like me of something something funny,0
can you take a picture,1
remind me to call call mom,1
start the fan now,1
i’ll talk talk to you tomorrow,0
translate this to spanish,1
um that's what she said,0
i i really love love love this this weather,0
help uh me with the the the directions directions,1
we should um should leave leave soon,0
this reminds me of um something funny,0
good morning everyone,0
could you lower the volume volume,1
switch switch off off the lights lights in the kitchen,1
i i need need your help here,1
this reminds me like of something funny funny,0
thanks everyone for for coming,0
so what do you all all think,0
could you please repeat that,1
are like you um listening,1
so so what what do you all think,0
like okay see see you around around,0
i’ll talk like to you you tomorrow,0
um robot uh show uh me the way,1
you know it was raining yesterday,0
she said you were like late,0
that's what what she said,0
remind remind me to to call mom,1
tell me a joke,1
this reminds me of something funny,0
i am going to the store now now,0
thank you you all all all um for being here,0
um are you you listening,1
what are you doing this weekend,0
hey hey robot what um what is the time,1
take a note please,1
tell me um a joke,1
did you like you hear uh hear that,0
i’ll talk to you tomorrow,0
did you hear that that,0
so what what do you you all think think,0
turn on on the ac,1
that's what what she said,0
we should leave soon,0
i’ll i’ll talk to like you tomorrow,0
switch switch off the lights in the kitchen,1
did you hear that,0
remind me me to call call mom,1
tell tell me a a joke,1
translate this this to spanish spanish um spanish,1
robot stop,1
start the fan now now,1
i really love this weather,0
see you next time,0
i’ll talk to you tomorrow,0
stop the the music,1
hey robot what is the time,1
could you lower lower the volume,1
take a note please please,1
okay okay see you around,0
i’ll talk to you tomorrow,0
i’ll talk to to you tomorrow,0
so what do do you all think,0
hey assistant play some music,1
you know it was raining yesterday yesterday,0
can you explain that again again,1
do you want to join us later,0
did did you you hear hear that,0
could you lower the volume,1
good morning everyone everyone,0
um thanks everyone for coming,0
hey assistant assistant play some music,1
what what are you doing this weekend,0
let’s uh get lunch together together,0
remind remind me me like to call mom,1
could you please repeat that,1
my like phone battery is dying,0
we should should leave soon,0
help me with the directions directions,1
i really love this weather,0
we should leave soon,0
take a note please please please,1
can you explain that again,1
like what are you doing this weekend,0
thank thank you all for being being here,0
tell me a joke joke,1
i really love this weather,0
translate this to spanish,1
that's what what she said,0
do you want to join us us us later,0
robot show me the way like way,1
hey robot what is the time,1
could could you lower lower um the volume,1
it’s been a a long day,0
my phone battery is dying,0
are like are you listening,1
can you take take a picture picture,1
thank you you all for being here,0
turn turn on the lights lights,1
switch switch off the lights in the kitchen,1
tell me a joke,1
can you help me with this,1
this reminds me of something something funny,0
can you you explain that again again,1
set an an alarm for 7 am,1
could could you lower the volume,1
do do you want to join us later,0
did you hear that like that,0
hey assistant play some music,1
are are are you listening listening,1
hey assistant play some some music music,1
switch off off the lights in the kitchen,1
i i need your help here,1
i am going to the store now,0
switch off the the uh lights in the kitchen,1
can you you take take a picture picture,1
can you help me with this,1
could you lower lower the the volume,1
it’s been been a uh long day,0
let’s get lunch together together,0
robot show me the the way,1
i am going going um to the store now,0
can you explain that again,1
hey assistant play some some music,1
i need your your help here here,1
do like you want to join us later,0
help me with the directions,1
turn on the lights,1
that's what she said,0
you you know it was raining yesterday,0
good good morning morning everyone,0
it’s great talking to you,0
take a a a note please,1
do you want to join join us later,0
could you please please repeat that that,1
set an alarm for 7 am am,1
we should leave soon,0
can can you help me with this,1
call me when you reach,0
my phone battery is is dying,0
it’s great talking talking to to um you,0
uh open the window for me,1
robot show me me the way,1
hey robot what is the time,1
thank you all for being here,0
stop the music,1
open the window for me,1
hey hey assistant play some music,1
that's what she she said,0
robot stop stop,1
i’ll talk to you tomorrow,0
she said you were late,0
see you next time,0
i i really really love like love this weather,0
it’s been a long long day,0
hey robot uh what is the uh the uh time,1
okay see you around,0
this reminds me of um of something funny funny,0
do you want want to join us later,0
remind me to call mom,1
hey hey um robot what is the time,1
switch off the lights lights like in the the kitchen,1
start the fan now,1
set set an alarm alarm for 7 am,1
she said said you you were late,0
this reminds me of something funny funny,0
okay see you around,0
set an alarm for 7 am,1
let’s get lunch together,0
translate translate this to spanish,1
i was like telling um you about the the plan,0
turn on the lights,1
do you like you want to to join us us later later,0
call call me when you you reach,0
what what are you doing this weekend,0
start the fan fan now,1
i was telling you about the um plan,0
we should leave soon,0
did you hear that,0
switch off the the lights in the kitchen,1
open the the window for me,1
thanks everyone for for coming,0
remind me to call mom mom,1
good morning um everyone,0
uh see you next time,0
robot stop,1
switch switch off the the lights in the kitchen,1
hey robot uh what is the the time,1
turn on the lights,1
good morning everyone,0
you know it was raining yesterday yesterday yesterday,0
hey assistant assistant play some music,1
thanks everyone for coming,0
uh thanks everyone for coming,0
this this reminds me of something funny,0
do like you want to join us later,0
set an alarm for for 7 am,1
take a note please,1
start the um fan now,1
what can you do,1
i was telling telling you about the the plan,0
turn on the lights uh lights,1
thank you you all um for being here here,0
call me me when you reach,0
you know it like was raining yesterday yesterday,0
hey assistant play some music,1
could could you please repeat that,1
we we should should leave leave soon,0
did you hear that,0
she said you were were late,0
stop the music music music,1
are you listening,1
what like what are you doing doing this weekend,0
thanks everyone for coming,0
see you next time,0
tell tell me a a joke joke,1
uh it’s been been a long day day,0
can you help help me with this,1
it’s it’s it’s been a a long day,0
turn on the ac,1
okay see you around,0
this like reminds me me of something funny funny,0
it’s been a a um a long like day,0
hey robot what what is the time,1
that's what she said,0
remind me to call mom,1
it’s great talking talking to you,0
open the window for me,1
do you want to join us later,0
translate this this to spanish,1
could you please repeat that that,1
i’ll i’ll talk to you tomorrow,0
this reminds me of something funny,0
can you take um take a picture,1
could you lower the volume,1
what can you do,1
see you you next time uh time,0
turn on like the lights,1
translate this to spanish,1
i really love this weather weather,0
turn on the ac ac,1
i really love this this weather,0
she said you were late,0
robot show me me the way,1
remind me to to call mom,1
that's what she she said said,0
could you please repeat that,1
did you hear that,0
i was telling telling you you about about the plan,0
thanks thanks everyone everyone everyone for coming,0
can you take a picture,1
good morning everyone,0
she she said you were late,0
okay okay see you around,0
can you you take a picture,1
she she said you were late,0
help me with the directions directions,1
could you like you please repeat um that,1
i am going to the store now,0
what what are you doing this weekend,0
i i am going to to the store now,0
can you you you explain that again,1
you um know it was raining yesterday,0
what are you doing this this weekend,0
i’ll talk to you tomorrow,0
hey assistant assistant play play some music music,1
help me me with the um the directions,1
let’s get lunch together together,0
it’s been a long long day day,0
could you please repeat repeat that that,1
i need your um your help here,1
can you help me with this this,1
um could you you please please repeat that,1
can you take a picture,1
it’s it’s great talking to to you,0
start the fan now,1
remind me me to call mom,1
my phone phone battery is is dying,0
open open the window like for me,1
i was was telling you about about the plan,0
i am going going to the store store now now,0
open open the window for me,1
it’s been been a uh long day,0
i am going to like the store now,0
see you um next time,0
take a note please,1
uh tell me me a joke,1
thank you all for being here,0
turn on the ac,1
take a note please,1
thanks like everyone for for coming,0
robot show show me me the way,1
did you hear that,0
i’ll talk to you tomorrow,0
that's what she said,0
hey assistant play play some music,1
could you you please please repeat that,1
are are you listening,1
call me when you reach reach,0
turn on the ac,1
i i was telling you you about about the plan,0
i really love love this weather,0
what what can you do,1
can you explain that again again,1
can you take a picture,1
okay see see you you around,0
let’s let’s get lunch together,0
help me me with the directions directions,1
tell me a joke,1
like robot show like show me the the way,1
uh we should leave soon,0
it’s been been a long day,0
call me me when you reach,0
help help me with the directions,1
i am going to to the store now,0
are you listening,1
that's that's uh that's what she said said,0
call me when you you reach,0
okay see see you around,0
help me with with the directions,1
remind me to call call mom,1
can you take a picture,1
it’s it’s been been a long day,0
you know it was raining yesterday,0
tell tell me a joke,1
set an alarm for 7 am,1
what are are you doing doing this weekend,0
could you you please repeat that that that,1
can can you you take a picture picture,1
good morning everyone,0
thanks everyone for coming,0
i’ll talk to to you tomorrow uh tomorrow,0
let’s get lunch together,0
stop the music,1
let’s get lunch together,0
can you take a picture,1
could could you please repeat that,1
can you take a picture,1
thanks everyone for coming,0
switch off the lights lights in the the kitchen kitchen,1
we should leave leave soon soon soon,0
robot show me me the the way,1
see you you next time,0
do uh you want to join join us later later later,0
i am going to to the store now,0
could you please repeat repeat that,1
so what do you all think,0
remind me to call mom,1
it’s been a long day,0
so what what do do you all think,0
good morning morning everyone,0
robot robot show me the way,1
switch switch off the the the lights in the kitchen kitchen,1
let’s get get lunch lunch together together,0
it’s been a a long day,0
translate this to spanish,1
did like you hear that,0
robot stop stop,1
take take take a note please,1
uh i uh was telling telling you about about the um the plan,0
i need need your help here,1
hey robot like what is is the time,1
you know it was raining raining yesterday,0
open the window window for for me me,1
so like what do you uh all think,0
are are you listening,1
can you take a picture,1
take a a note please,1
you you know it it was raining yesterday,0
see you next time,0
um i was telling you about the plan,0
it’s been a long day,0
my phone battery is uh dying,0
could you please repeat that,1
set an alarm for like 7 am,1
tell tell me a joke,1
i’ll talk to you you tomorrow tomorrow,0
my like phone battery is dying,0
i am going to the store store now,0
translate this to spanish spanish,1
we we should should leave soon,0
can you explain that again,1
did you you hear hear that,0
i i really really love this this weather,0
can you help me with this,1
i really love this this weather,0
turn on the uh lights,1
robot robot stop,1
switch switch off the lights in the kitchen,1
what what can can you do,1
thank you all for being here here,0
i am going to the store now now,0
i was telling you about the plan,0
it’s great talking to you,0
can can you take a picture,1
um thanks everyone everyone for coming,0
do you you want to to join us later,0
help me with the uh the um directions,1
i really like really love this this weather,0
robot robot show me me the way,1
see you next time,0
okay see you around,0
could could you lower the volume,1
can you take a picture,1
okay okay like see you around,0
she said like you were late,0
tell me a joke,1
thanks everyone everyone for coming,0
did did you hear hear that,0
tell me a joke,1
tell me a joke,1
stop the music,1
could you lower the volume,1
open the window window for me,1
it’s been a long day,0
are you listening,1
open the the window for me,1
what are you doing this this uh weekend,0
take take a note please,1
tell me a joke,1
uh hey assistant assistant play play some music,1
could you lower the the volume,1
did you hear hear that,0
could you please repeat that,1
could you please repeat that that,1
okay see you around,0
help me with the directions directions,1
can can you take a picture,1
i need your help here,1
like take a a note please,1
remind me me to call call mom,1
did you hear that,0
we should leave soon,0
robot stop stop,1
thanks everyone for for coming,0
this reminds me of something funny,0
can you explain that again,1
can you uh you take a like picture,1
i really love love this weather,0
open the window for me,1
hey assistant play some music,1
can you take take a picture,1
thank you you all for being here,0
open the window for me,1
remind me to to like call mom,1
can can you take uh a picture,1
thank you all for being here,0
switch off the lights in the the kitchen,1
did did you hear that,0
it’s great talking talking to you,0
it’s great talking talking to you you,0
she she said you were late,0
do you want to join us later later,0
can you help me with with this,1
we we should leave soon,0
could you lower lower um the volume,1
switch off the lights lights in the kitchen,1
i need your your like help here,1
can you you um you take a a picture,1
remind me to to call mom,1
thanks everyone for um coming,0
help me with the directions,1
tell me a a joke,1
could you please please repeat repeat that,1
let’s get lunch together,0
we should leave soon soon,0
let’s get get lunch together,0
do you want to join join join um us later,0
good morning everyone,0
translate this to spanish,1
i was telling telling you about about the the plan plan,0
can you take a picture,1
can can you help me with with this this,1
good morning everyone everyone,0
i i am going to to to the store now,0
it’s been a a a long day,0
it’s been a long day,0
my phone battery is is is dying,0
she said you you were late,0
it’s been a long day,0
see you next time time,0
robot stop stop,1
i really love this weather,0
switch off the lights lights in the the kitchen,1
help help me with the um directions,1
what can you you do,1
we should leave soon soon,0
what can can you do,1
help like me with with the the directions directions,1
we should leave soon,0
tell me a joke joke,1
start the fan now,1
i’ll talk talk to you tomorrow,0
take a note please,1
my phone phone battery is is dying,0
it’s been a long day,0
could you please please repeat that,1
can you help me with this,1
you know know it was raining raining um yesterday,0
my phone battery is dying,0
robot robot show me the way,1
start the fan fan now,1
this uh reminds me of something something funny,0
take a a note please,1
call me me when you reach reach,0
thank you you all all for for being being here,0
do you want to to join join us later,0
i like am going to the store now,0
i really love this like weather,0
can you take a picture,1
we should leave soon,0
can you take a picture,1
what can you do,1
let’s get lunch together,0
i need your help here here,1
i like i really love this weather,0
that's what she said,0
okay see you around around,0
can can you you take a picture,1
set set um an alarm for 7 am,1
my phone battery is dying,0
do you you want want to join us later,0
robot robot stop,1
we should leave soon,0
it’s it’s great talking talking to you you,0
are you listening,1
this this reminds me of something funny,0
i need your help here here,1
like did you hear hear that,0
uh i really love this weather,0
start the fan fan now now,1
i was telling you about the plan,0
i i really love love this weather,0
start start the fan now,1
hey robot robot what is is the the time time,1
can you explain that again,1
what are you doing this weekend,0
help me with the directions,1
thanks everyone everyone for coming,0
thanks uh everyone for coming coming,0
i’ll talk to you tomorrow,0
hey robot what is the time,1
turn on the ac,1
translate this to spanish,1
she said you were late,0
hey assistant play um some music,1
did you hear that,0
help me with the directions directions,1
could you lower the volume,1
see you next time,0
robot show show me the way,1
what are you doing this weekend weekend,0
my phone battery is dying dying,0
help me with with the the directions,1
remind uh me to call mom,1
um this reminds me me of something funny,0
start start the fan now,1
did you hear that that,0
start the fan now,1
like it’s great talking talking to you,0
thank you you all for for being here,0
hey assistant play some music,1
hey robot what is the time,1
hey hey robot robot what is is the like time,1
open open like the window window window for me,1
switch off the the lights in the kitchen kitchen,1
open the window for for me,1
see you next time,0
see you uh you next time,0
turn on on the lights,1
i i am going to the store now,0
can you help me um with this,1
do do you want uh to join join us uh us later,0
translate this to spanish,1
can you you help me um with this,1
so what what do you all all think,0
what can you do,1
could you please repeat that,1
so so what what do you all think,0
hey assistant play some music,1
i was telling telling you about the the plan,0
we should leave soon,0
uh i was telling you um about the the plan,0
remind remind me me to call mom,1
this reminds me of something funny,0
i like need your help here,1
that's what she said,0
set an an um alarm for 7 7 am,1
set an alarm alarm alarm for 7 am,1
remind me me to call mom,1
can you take a a a picture picture,1
my phone phone battery is dying,0
do you want to to join us later,0
help me uh with the directions directions,1
what can you do do,1
we should leave leave soon,0
i was was telling you about the plan,0
let’s get lunch together together,0
i need your your help here,1
it’s been a a long day day,0
can you explain that again again,1
call call like me when you reach,0
okay see you around,0
can you help me with this,1
we we should leave soon,0
i am like am going to the store now,0
good morning everyone,0
did you you hear that,0
hey assistant play play some music,1
see you next time,0
thank you all for being here,0
hey assistant assistant play some music,1
that's what what she she said,0
robot show me me the way,1
switch off the lights uh in the kitchen,1
so what do you all think,0
call me when you reach,0
i i um really love um love this weather,0
what can like you do,1
i was telling you about about about the plan plan,0
tell me a joke,1
remind me me to call mom,1
tell tell me a joke,1
could could you please repeat that,1
uh we should leave leave soon,0
let’s um get lunch together,0
thanks thanks everyone everyone for coming,0
so so uh what do you all all think think,0
robot robot stop,1
i’ll like talk to to you tomorrow like tomorrow,0
i am going to the the store now,0
we should leave soon soon,0
tell me me a joke,1
she said you were late,0
let’s get lunch together,0
turn on the ac,1
thanks everyone everyone for coming,0
can you take take a picture picture,1
hey robot robot what is the time,1
are you listening,1
remind remind me me to call mom,1
can you help me with this this,1
see see you next time,0
um tell me a um joke,1
i’ll talk talk to you tomorrow,0
i really love um love this weather,0
my phone battery is dying,0
i am going like to the store now,0
this uh reminds me of something funny,0
what are are you doing uh doing this weekend,0
can can can you help me with this,1
turn on the lights,1
could you you lower the volume,1
can you explain that um that again again,1
hey robot what is the time,1
it’s been a long day,0
can can you help me me with this,1
start the fan now,1
stop the music,1
so what do you all think,0
hey robot what is is the time,1
um you know know it it it was raining raining yesterday,0
it’s great talking to you,0
did you um hear that,0
remind remind me to call mom,1
did you hear hear that,0
uh you know it was uh raining yesterday,0
turn on the lights,1
let’s get lunch together,0
let’s get lunch together,0
okay see like you around,0
can you explain that again again,1
could you lower lower the volume volume,1
tell um me a like joke,1
can can can you you explain that again,1
open um the window for me,1
set an alarm for 7 am,1
hey robot what is the time,1
she said you you were um were late,0
start the fan now now,1
can can you help me with this,1
it’s great great talking to you,0
thank you all for for being here,0
can can you help me with this,1
turn on the lights,1
what are you doing this weekend,0
let’s get lunch together,0
are you listening,1
hey robot what is is the time time,1
hey robot what is the time,1
call call me when you reach,0
she she said you were late,0
thank you all for for for being being here,0
i am am going to the store now,0
let’s get get lunch together,0
can you you explain that again,1
i really love this this weather,0
tell me a joke,1
i need need your help help here,1
call me when you reach,0
open the window for for me,1
um thank you all for for being here,0
could you you please repeat that that,1
what are you doing this weekend,0
hey hey assistant play some music,1
it’s great great talking to you,0
help me with the the directions,1
could you lower the volume,1
i’ll talk to you tomorrow,0
robot show me the way,1
let’s get lunch together together,0
could you please repeat that,1
set an alarm for 7 am,1
i’ll talk to you tomorrow,0
i’ll talk to you tomorrow,0
switch off the lights lights in uh the kitchen,1
can you take a a picture,1
i am am going to to the store now,0
see you next time,0
that's what she she said,0
thanks thanks everyone for for coming,0
open the window for me,1
good morning morning everyone,0
i’ll talk talk to to you tomorrow,0
open open the window window for for me me me,1
turn um on the lights,1
turn turn on the lights,1
it’s been a long day,0
are you listening,1
turn on the the ac,1
robot robot stop,1
she uh said you you were late,0
so what what do you all think think,0
you know know it was raining yesterday,0
can you take a picture,1
robot stop stop,1
let’s get get lunch together,0
thanks everyone everyone for coming,0
thanks thanks everyone for coming,0
remind me like to call mom,1
can can you like explain that again,1
what are you doing this weekend,0
she she said you were late,0
robot show me the way way,1
did did you hear that,0
translate this to spanish uh spanish,1
switch off the the lights in the the kitchen,1
can you uh help me with this,1
good morning morning everyone,0
call me me when you reach,0
can you help me me with this,1
what are you doing this weekend,0
can you help um me with this uh this,1
open the like window for me,1
can you help help me with this,1
so what do you all think,0
robot robot show me me the um way,1
can you explain explain that again,1
turn on on the ac ac,1
you like know uh it was raining yesterday,0
she said you were late,0
you you know it was raining raining yesterday,0
what are you you doing doing this uh this weekend,0
that's what she she said,0
we we should leave soon,0
um thanks everyone for for coming,0
my phone battery is dying,0
it’s been a long day,0
what are you doing this weekend,0
can you help me with this,1
tell me a a joke,1
okay see you around,0
good uh morning everyone,0
take a note um please,1
that's what she said,0
it’s great talking talking to you,0
i uh i really love this weather weather,0
she she uh said you were late,0
could could you lower the volume volume,1
um remind me to call mom,1
we should should leave soon,0
i’ll talk talk to you tomorrow,0
um can you you you help like me with this this,1
take take uh a note please,1
we should leave leave soon,0
thanks everyone for coming,0
i need need your help here,1
help me with the directions,1
let’s get lunch together,0
are you listening,1
i am going to to the the store now uh now,0
tell me a joke joke,1
my my uh phone battery is dying,0
like you know know it was raining yesterday yesterday,0
see you next time,0
good morning everyone everyone,0
what can you do,1
turn on the lights,1
start the the fan now,1
i really love this this weather,0
turn turn uh on the lights lights,1
can you help me with this,1
hey robot what is the time time,1
do you want to join us us later,0
okay see you around,0
what can you do,1
hey robot what is is the time,1
can um you take a picture,1
i i need your help help here,1
open the window for uh me,1
thank you all for being being here,0
she said you were late,0
we we should leave leave soon,0
could could uh you lower the volume,1
you know like know it was raining yesterday yesterday,0
it’s great talking to you,0
what can can you you do,1
i need your um help here,1
did did you hear hear uh that,0
okay see see you you around,0
see you next time,0
call me when you reach reach,0
see see you next next time,0
this reminds me of something something funny,0
let’s let’s get lunch together together,0
this reminds me me of of something funny funny,0
so what do you all think,0
can you take a picture picture,1
turn on the lights,1
thank you all for being here,0
i’ll i’ll talk to you tomorrow tomorrow,0
what are are you you doing this this weekend,0
are you listening,1
this reminds me of something uh funny,0
turn on the ac,1
stop the music,1
thanks everyone everyone for coming,0
she said you were late,0
we should leave leave soon,0
see you you next time,0
remind me to call call mom,1
that's what she she said,0
what are you you doing this weekend weekend,0
switch off the the lights in in the uh kitchen,1
start the fan now now,1
hey robot what is uh the uh time,1
could you please repeat that,1
hey robot robot what what is the time,1
turn turn on on the ac,1
turn on the lights,1
robot stop,1
i’ll talk to you tomorrow,0
translate this to spanish,1
turn on the the ac,1
set set an alarm for 7 am,1
i was was telling you about about the plan,0
okay see like see you you around,0
take a note please,1
it’s it’s been a long day day,0
i’ll talk to you tomorrow,0
she she she said you were like late,0
start the fan now,1
stop the music music,1
hey hey assistant play some some music,1
okay see you around,0
uh okay see you around around,0
hey robot what is is the time,1
switch off off the lights in the the kitchen kitchen,1
hey robot what is the time,1
tell me a joke joke,1
translate this this to spanish,1
okay see see you around,0
can you take a a picture,1
set an alarm alarm for for 7 7 7 am,1
it’s been a long day,0
i uh was telling you about the plan,0
call me when you reach,0
it’s it’s it’s great talking talking to to to you,0
like you know it was raining uh yesterday,0
open the window for me me,1
start the the the fan now,1
she said you were late late late,0
hey assistant assistant play some some music music music,1
this like reminds me of something funny,0
um are you listening,1
tell me a joke,1
switch off the lights in the um kitchen,1
could you lower lower the volume,1
i need your help here,1
help me with the directions,1
okay see you around around,0
um can you help me with this this,1
thanks everyone for coming,0
i’ll talk to you tomorrow,0
hey like assistant play play some uh some music,1
this reminds me of something something something funny,0
this reminds me me uh of something funny,0
let’s get get lunch together together,0
call call me when you reach,0
i’ll i’ll talk to to you you tomorrow tomorrow,0
so what do you all think,0
we should should leave soon,0
call me when you reach,0
can you help me me with this,1
can you explain that that again,1
we um should leave soon soon,0
did you hear that,0
okay okay see you around,0
start the uh fan now,1
um robot show me me the the way,1
it’s been a long day,0
it’s it’s great talking to you,0
do do you want to join us later later,0
robot show me the way way,1
thanks everyone for coming coming,0
could you please repeat that,1
what um can you uh do,1
um what are you doing doing this weekend,0
translate this to spanish,1
what can you um do,1
this this reminds reminds me me like of something something funny,0
hey hey assistant play some some music,1
robot stop,1
thank you all all for like being here here,0
okay okay see like you around around,0
it’s been um been a long day,0
um hey assistant play some music,1
translate translate this this to spanish,1
good morning everyone,0
stop the music,1
tell me a joke,1
can you take a picture,1
see you next time,0
can you take take a picture,1
turn turn on the ac,1
that's what she she said,0
that's what she said,0
could you please repeat that,1
i need your help here,1
robot stop,1
hey hey robot robot what is the time time,1
like stop the music,1
can you help um me with uh this,1
hey assistant play play some some music,1
take take like a note please,1
uh tell me a joke,1
take a a note please,1
call me when when you reach,0
my phone phone battery is dying,0
so so so what do you you all think,0
start the fan now,1
set set an alarm for 7 am,1
thank thank you all for being here,0
do do you want to join us later,0
like hey assistant play play some music music,1
my phone battery is dying,0
it’s been like a long day,0
could could you please repeat that,1
tell me a a joke,1
i i was telling you about about the plan,0
hey robot robot what is the the time,1
hey assistant assistant play play some music,1
i was telling you about the the plan,0
let’s get lunch together,0
see uh you next next time,0
turn on the the lights,1
call call me me when you reach reach,0
what are you you uh doing this weekend,0
i i need your help here,1
okay okay see you you like around,0
robot show me the way,1
i am going to to the store store now,0
see you next time,0
hey like assistant play some some music music,1
that's what she said,0
she said said you were were late,0
set an um an alarm for 7 am am,1
tell me me a joke,1
stop stop the music,1
switch off the lights in the the kitchen,1
what are you doing this weekend,0
can you help me with with um this,1
call me when when you reach,0
remind remind me to call call mom,1
could um you lower the volume,1
are you listening,1
switch off the lights in the kitchen,1
call call me when you you reach reach,0
stop the music,1
um help me with the directions,1
turn turn on on the ac,1
call call me when when uh you reach,0
stop stop the the music music,1
set an alarm like alarm for for 7 am,1
can can you explain that again,1
i’ll i’ll talk talk to you tomorrow,0
i really love love this weather,0
you know know it was raining yesterday yesterday,0
remind me me to call mom,1
you know it was raining yesterday,0
thanks everyone for like coming,0
start start start the the the fan now,1
i am um going to the the the store now,0
switch switch off the lights in the kitchen,1
hey hey assistant play uh some music,1
that's like what she she said,0
hey hey assistant play some music,1
are are you listening,1
did you hear that that,0
so so what do you all think,0
turn on the lights,1
thank thank you all all for being here,0
like thanks everyone for coming coming,0
we should leave soon soon,0
you know it was raining yesterday,0
good morning everyone everyone,0
turn like on the ac,1
see you like you next time,0
are you listening,1
good good morning everyone everyone,0
i was telling you about the plan,0
are you listening,1
could you you lower lower the volume volume,1
remind remind me to call mom,1
that's that's what she said,0
translate this to spanish,1
could you lower the volume volume,1
can you you you explain that again,1
set an alarm alarm for 7 am,1
help me me me with the directions,1
call me me when you reach,0
could you please please repeat that,1
it’s uh great talking to you,0
we we should leave soon,0
open the window for me,1
my phone battery is dying,0
can can you you help me me with with this this,1
can you you explain that again,1
i was um was telling you about about the plan,0
robot stop,1
i need need your um help here,1
can you explain explain that again,1
turn on the ac,1
she said you were were late,0
hey robot what is the time,1
you know know it was raining yesterday,0
hey hey assistant play some music,1
okay see you you around,0
turn on on the ac,1
this reminds me me of something funny,0
hey robot um what is the time time,1
she said you were late,0
this this reminds reminds me me of something funny,0
thanks everyone for coming,0
okay see you you around,0
remind me to call mom,1
what can you do,1
robot robot stop,1
can you help me with this,1
uh that's what she said said,0
translate this this to uh spanish,1
can you like help um me with this,1
translate this to spanish spanish,1
it’s it’s great talking to to you,0
robot stop,1
you know it was raining yesterday,0
it’s great talking to you,0
i was was telling telling like you about the plan plan,0
open um the window window for me me,1
turn turn on the ac,1
that's what she said,0
open open the the window uh for me,1
you know it was raining yesterday,0
robot stop,1
i was telling you about um the plan,0
she said you were late,0
help me with the directions,1
did you you hear that,0
are you listening,1
that's what what she said,0
turn on the like ac,1
open the window window for me,1
i am am going to to the store now,0
my phone phone battery battery is dying,0
see you next next time,0
help me with the directions,1
can you you uh help me with like this,1
thanks everyone for coming,0
uh are you you listening,1
are are you listening,1
you know it was raining raining yesterday,0
she said you were late,0
remind me to uh call mom,1
that's what she said said,0
that's what she said,0
i was telling you about the the plan plan,0
do do you want to join join us later,0
help me with the directions,1
hey assistant uh play some music music,1
like stop the music,1
we should leave leave soon soon,0
hey assistant play some like music,1
thanks everyone everyone for for um coming,0
robot robot show show me me the way,1
it’s great great great talking to to you you,0
let’s let’s get lunch together,0
so what do you all all think,0
it’s been a long long day,0
call me when you reach,0
thank you all for being being here,0
did um you hear that,0
she like she like said you were late,0
open the window window window for me,1
like open the window for me,1
robot stop,1
take a note please,1
good morning morning like everyone,0
um it’s been a long day day,0
that's what she said,0
remind me me to call mom mom,1
so what do do you you all think,0
i was telling you about the plan,0
this this reminds me of something funny,0
can can you help me with with this,1
this reminds me of something funny,0
set an an um alarm for 7 am uh am,1
that's what what she said,0
good morning everyone,0
could you please uh repeat that,1
i i am going to the store store store now,0
she said you were late,0
that's what she said,0
set an alarm for 7 am,1
my phone like battery is dying,0
could you you please repeat that,1
so what do you all think,0
uh set an alarm for for 7 am,1
switch off the the lights in the kitchen,1
what can can you do,1
turn turn on the ac,1
turn on the ac ac,1
hey hey assistant play some music,1
tell me me a joke,1
robot robot robot stop,1
could you lower the volume,1
it’s been a long day,0
it’s been been a long long day,0
call me when when you reach,0
hey assistant play some music,1
what are are you you doing uh this weekend,0
so what do you all all think think,0
she said you were late,0
she said you you were uh late,0
that's what she said said,0
can you explain that again,1
i i need your help here,1
turn on on the ac,1
it’s great talking to you you,0
call me when you reach,0
open the the window for for me,1
like good morning everyone,0
you you know it was raining yesterday,0
she she said you were were late,0
i really like love this weather,0
i was was telling you about uh about the plan,0
start start the fan now,1
can you you take a a picture,1
take a a note note please,1
what what can you you do,1
set an alarm alarm for 7 am,1
start the the fan now,1
she said you were late late,0
you know it was raining yesterday,0
i’ll talk talk to you like tomorrow,0
i need your help here,1
call uh me when you reach,0
let’s get lunch together,0
take a uh a note please please,1
i need need your like help here,1
could you please please repeat that that,1
okay see you around,0
thanks everyone for coming,0
help help me with the directions,1
see you next time,0
turn on the the lights,1
that's that's what she said,0
call me when you reach,0
see you next time,0
what can you do,1
call me when you reach,0
my my my phone phone battery is dying,0
thanks like thanks uh everyone for coming,0
help help me with the the directions,1
turn on the ac,1
what can you do,1
stop stop the music,1
set an an alarm for 7 am,1
hey robot what is the time,1
okay see you around around,0
robot stop,1
uh could you please repeat that,1
robot stop,1
do you you want to to join us later,0
we we should leave soon,0
let’s get like get lunch together,0
can you explain explain um that again again,1
see you next time,0
hey robot what what is the the time,1
do you want to join us later,0
so what do do you all think,0
remind me to call mom,1
could you please repeat um repeat that,1
see see you next time time,0
call me when you reach,0
turn on the ac,1
can you you take a picture,1
like good morning everyone,0
uh could you lower lower the the volume,1
can like you help help help me with this,1
you you know um it was raining yesterday,0
see you you next time,0
switch off off the lights in the kitchen,1
i’ll talk talk to you tomorrow,0
what are are you like doing this this weekend,0
hey robot robot what is the the time time,1
could you lower the volume,1
robot show me me the way,1
i am going going to to the store now,0
hey robot what is the the time,1
that's that's what she said said said,0
translate this this to to spanish,1
that's what she she said,0
stop the music,1
thank you you um all for for being here,0
do do you want to join join us later,0
turn turn on the the ac ac,1
can can you you take take a a picture,1
we should leave soon um soon,0
it’s great talking to you,0
um open the window uh for me me,1
did you hear that that,0
like remind me to to call mom,1
it’s been a a long day,0
you know it was raining yesterday,0
see you next time,0
so what do you all think,0
could you please please repeat like repeat that,1
let’s let’s get lunch lunch together,0
we should should should leave soon,0
set an alarm for 7 am,1
okay see you around,0
my my phone phone battery is dying uh dying,0
did you hear that,0
tell me a joke joke,1
set an alarm for 7 7 am am,1
did did you hear that,0
can can you explain that again,1
can you take take a um picture,1
can you explain that again,1
can can you help help me with this,1
i am going to the store now,0
can you take a picture picture,1
do you want to to join us later,0
turn on on the lights,1
could could you um you please please repeat like repeat that,1
this reminds me of of something funny funny,0
could you lower the volume,1
do you want want to join us later,0
good morning everyone everyone,0
can you explain that again,1
see you you you next next like time,0
it’s great talking to you,0
what are are you doing this weekend weekend,0
see you next time,0
remind me to call call mom,1
i’ll i’ll talk talk to you tomorrow,0
tell me me a joke,1
did you hear that,0
i need your your your help here here,1
see you um next time,0
switch off the lights in the kitchen,1
see you next time,0
hey robot what is the time,1
she said you were late late,0
take a a note please,1
i i need your your your help here,1
robot robot robot stop stop,1
tell me a joke,1
okay see see you around,0
i was was telling telling you about the plan,0
like remind me to call mom,1
it’s great great talking to to you,0
see you next time,0
could you lower lower the volume,1
what are you doing this um weekend,0
start uh start the fan now now,1
start the fan fan now,1
what what are like you doing this weekend,0
my uh phone battery is dying dying,0
see you you next time,0
open the window for me,1
remind me to call mom mom,1
what are you doing this this weekend,0
my phone like battery is dying,0
see you next time,0
i’ll talk to you tomorrow,0
we should leave soon,0
call me when you reach,0
you know it was raining yesterday,0
i really love this weather,0
start the fan now now,1
can you take a picture picture,1
i really really love this this weather weather,0
i need your help here,1
remind me to call mom mom,1
call me when you reach,0
it’s been a long long long day,0
can can you explain explain that that again,1
that's that's what she she said,0
stop stop the music,1
robot show show me the the way way,1
stop the music,1
she said you were late,0
thank you all all for being here here,0
can you help me with this,1
robot show me me the the way,1
it’s it’s great talking talking to you,0
start the fan now now,1
set an an alarm uh for 7 am,1
are you listening listening,1
it’s been been a long long day,0
could you please repeat repeat that,1
start the fan now,1
do you you want want to join us later later,0
robot show me me the way,1
i like really love this this weather weather,0
she said you you were late,0
set an alarm alarm um for 7 am,1
set an an um alarm for 7 am,1
remind me to uh call mom mom,1
good morning everyone,0
i i need your help here here,1
i need your your help here here,1
hey assistant play play some music music,1
so what what do you all think,0
you you know it was raining yesterday,0
it’s great talking talking to you,0
robot show uh me the way,1
thank you you all for for being here here,0
could you you please repeat repeat that,1
okay okay okay see you you like you around around,0
this um reminds me of something funny,0
uh i am am going to the um store now,0
this reminds me me of something funny,0
she said you were were late,0
like thanks everyone everyone for coming,0
remind me to call call um mom,1
i’ll i’ll talk to to you you tomorrow tomorrow,0
hey um robot what is the time,1
robot robot stop,1
good morning everyone,0
can you explain that again,1
hey robot what is the time,1
switch off the lights lights in in the kitchen,1
like let’s get get lunch together,0
you know it was raining yesterday,0
okay see you around,0
hey robot robot what is um the time,1
what are you doing this this weekend,0
tell tell me me a joke,1
what are like you doing this weekend,0
remind me me to to call mom mom mom,1
help me me with the directions directions,1
tell me a joke,1
i am going to um the store now,0
did like you hear that,0
remind me to call mom,1
i need um your help here,1
i am going to the store now now,0
what can you do,1
i need your help help here,1
i really love this weather,0
switch off off off the lights in the kitchen,1
what can you do,1
let’s get get lunch together,0
take a note please,1
i um really love this weather weather,0
what can can you do,1
start start the fan fan now,1
hey robot what um is the the time,1
are you listening,1
can you you help me with this,1
open the the window for me,1
turn on the ac,1
thanks everyone for coming,0
can you you like help me with this this,1
what are you doing doing this weekend,0
thank thank you all for being here,0
robot robot stop,1
could um you please repeat that,1
remind me to call call call mom mom,1
my phone battery um is uh dying,0
call me when you reach reach,0
this reminds me of something something something funny,0
open the window for me,1
do you you want to to um join us later,0
i’ll talk to you tomorrow,0
could you please please repeat uh that,1
turn on the the ac ac,1
this reminds me of something something funny,0
open the the window window for me,1
hey assistant assistant play play uh some music,1
can you take a picture,1
thanks everyone for coming,0
switch switch off off the lights lights in the kitchen,1
robot stop,1
what are you you doing this weekend,0
tell me me a joke,1
i need your help help here,1
i am going to the the store store now,0
what can you do,1
can can you um explain that again,1
open open the like the uh window for me me,1
remind me to call like mom,1
see you you next time,0
start the fan fan now,1
could you please please please repeat that,1
tell me a joke,1
i’ll talk to you you tomorrow,0
okay see you around,0
turn on the ac,1
robot show show me me the way,1
that's that's what she said,0
hey assistant play some music,1
can you you explain explain that again,1
okay okay okay see you around around,0
so what what do you all think,0
okay see see you around around,0
i was was telling you about about the plan,0
could you you lower uh the um volume,1
see see you next time,0
it’s great talking to you,0
see like you next next like time,0
let’s get lunch lunch together,0
thank you all for being here,0
let’s get get get lunch together,0
take a note please,1
could you lower lower lower like the volume,1
stop the music,1
robot robot show me the um way,1
i i was was telling you about about like the plan,0
stop stop the the music,1
open the window for me,1
you know know it it was raining raining yesterday yesterday yesterday,0
i need need uh your help help here here,1
i i was telling you about the plan,0
i was was telling you about about the plan plan,0
what can you do do,1
remind me to call mom,1
switch um switch off the lights lights lights in the kitchen,1
thank you all for for uh being here,0
can you help me with this this,1
what are you doing this weekend,0
i i really love love this uh weather,0
turn uh on uh the ac ac,1
let’s get get get lunch together,0
good morning everyone,0
could you please repeat that,1
could you lower the volume volume,1
let’s get lunch together,0
see you next time time,0
start the fan now,1
that's what what she said,0
it’s been a long day,0
translate this this to spanish,1
turn on the lights,1
start the fan now,1
see you next time,0
hey robot what is the time,1
okay see you around,0
switch um off the lights in the kitchen,1
do you want want to join us later,0
okay okay see you you around around,0
uh help me with the directions,1
like what are you doing this weekend,0
take a note um please,1
good morning everyone,0
call me me when you reach reach,0
hey robot robot um what is the uh time,1
hey robot what is the time,1
it’s it’s great talking to you,0
remind me me to to call mom,1
can you take a picture picture,1
i am going to the store now,0
take a note please,1
start uh the fan now,1
let’s let’s get lunch together,0
uh can you help me me with this,1
you know it was raining raining yesterday,0
so what do you all think,0
are you you listening,1
can you help me with this,1
remind remind me to to call mom,1
we should leave leave soon,0
are you listening,1
like thanks everyone for coming,0
so what do you all think,0
she she she said you you were were um late,0
what are you doing this weekend,0
could you lower the volume,1
let’s get get lunch together like together,0
turn on the the ac,1
take a note note please please,1
hey hey assistant play some music,1
i am am going to the store now like now,0
turn turn on the the lights lights,1
i’ll talk to you you tomorrow,0
thanks everyone for coming,0
robot stop,1
robot stop,1
set an an alarm alarm for 7 7 am,1
turn on the lights,1
stop stop the music,1
tell me me a joke joke,1
remind me to call mom,1
hey assistant play some music music,1
can you help me with this,1
start the fan fan now,1
stop the music,1
help me me with the directions,1
let’s get lunch together,0
okay see you around,0
could you please please repeat repeat repeat that,1
she said you you were late,0
can you explain that again,1
she said you were were late,0
robot stop,1
can you explain that again,1
so what do you all all think,0
my phone phone battery is is dying,0
so what like do you all think,0
can you take a picture,1
stop the music,1
it’s great talking to to you you,0
um i’ll talk to you tomorrow,0
robot stop stop,1
switch off the lights in the kitchen,1
i am am going going to the the store now,0
i need your your uh help here here,1
switch off the lights in the kitchen,1
can you you help me with this,1
robot stop,1
good morning everyone,0
stop stop the music,1
we should leave soon soon,0
open the window for me,1
remind remind me um to call mom mom,1
could you lower the the volume,1
i’ll talk to you tomorrow tomorrow,0
take a note please,1
i really love love this weather weather,0
my phone battery battery is dying,0
we we should leave leave soon soon,0
robot robot stop,1
it’s great talking to you,0
call me when you reach,0
what are you doing this this weekend weekend,0
do you want want to join us us later,0
so what do you all all think think,0
i’ll i’ll talk to you tomorrow tomorrow,0
i was telling you about the plan,0
turn turn on the lights,1
turn on the lights,1
take a note please,1
it’s great talking to you,0
hey assistant play some music,1
could could you please repeat like that,1
i am going going to the store now,0
see see you next time,0
this this reminds me me of something funny,0
remind remind me to call mom,1
it’s been a a long day,0
do you want to join us later,0
my phone phone battery is dying,0
are you you listening,1
i need your your help here,1
it’s great talking to you,0
turn on the ac,1
i am um going to the store now,0
can you explain that again again,1
could you uh you please repeat that,1
she said you you were late,0
switch off uh the lights lights in the kitchen,1
this reminds me of of um something funny,0
can you help me with this this,1
switch switch off the lights in in the kitchen kitchen,1
i i uh really love this weather weather,0
hey hey assistant play some music,1
can you help me with this,1
my my phone battery is dying,0
what can you do,1
what can you do do,1
can you explain that again again,1
could could you lower lower the volume,1
this reminds reminds me of of something funny,0
switch off the lights in the kitchen,1
uh could you lower the volume,1
hey robot what is the the time,1
could you you please repeat that,1
call me when you you reach,0
uh i really love this this weather,0
turn on the lights,1
it’s been been a long day,0
are you listening,1
take a a note please,1
can you help me with this this,1
stop the the music,1
i i really love this weather weather,0
hey hey robot what what is the time,1
it’s been like a long day,0
i’ll talk talk to you you tomorrow,0
thank you you all for being here,0
can can you take take a picture,1
you know it was raining yesterday yesterday,0
help help me with the the directions directions,1
can can you explain that again,1
okay see you around,0
call me me me when when you reach,0
i’ll talk to you like tomorrow,0
we should leave soon,0
it’s uh great talking to you,0
can you explain explain that that again,1
it’s been a long um long day,0
i’ll i’ll talk to you tomorrow,0
like you know uh know it it was raining yesterday,0
it’s great talking to you you,0
um i really love this weather,0
you know it was raining raining yesterday,0
can you explain that again,1
my phone battery battery is is dying,0
call me like when like you reach,0
tell me a joke,1
set an alarm alarm for 7 am,1
like robot stop stop,1
like i need your help here,1
start the fan now,1
okay okay okay see you you uh around,0
see um you next time,0
switch off the the lights in in the kitchen,1
open the the window for for me me,1
okay see you around,0
i was telling you about the plan,0
switch off off the the lights in the the kitchen kitchen,1
you know it it was was raining yesterday,0
robot show me the way,1
this reminds me of something funny,0
what can you do,1
she said you were late,0
okay see you around around,0
so so what do you all all think,0
that's that's what what she said,0
start the fan fan fan now,1
open the window for me,1
uh help me me with with the like directions,1
you you know know it was was raining yesterday,0
i i am going to the store now,0
translate this to spanish,1
this reminds me of of something funny,0
i am going to the store store now now,0
let’s get lunch together,0
okay see you around,0
set set an alarm for 7 7 7 am,1
open um the window for me,1
hey robot what like what is the time,1
what are are you doing this weekend,0
like this reminds me me of of something funny,0
what are you doing doing um this weekend,0
i’ll um talk to you tomorrow tomorrow,0
it’s been been a long day,0
what are you doing this weekend,0
like start the fan fan now,1
set an an alarm like for 7 am,1
did you hear hear like that,0
translate this to spanish,1
she she said you um were late,0
hey assistant play uh some music,1
turn on the ac uh ac,1
start start the fan fan now,1
i was telling you you about the the plan,0
thank thank you all all like for being here,0
did did you hear like hear that,0
um open the window for me,1
i really love love this this weather,0
can can you take a picture picture,1
do you want to join us later,0
turn on the the ac,1
i need your your help help here here,1
good morning everyone,0
did did you hear that,0
that's what she she said,0
so what do you all think,0
she um said you you were late,0
like help me with the directions directions,1
remind remind me to call mom,1
translate translate this to spanish spanish,1
can you take a picture,1
could you you please repeat repeat that,1
hey um robot what is is the the time,1
tell me a joke joke,1
see see you next time,0
could you please repeat that,1
this um reminds me of like something funny,0
robot stop,1
that's that's what she said,0
robot show me the way way,1
could you please please repeat that,1
so what do you all think,0
turn on the ac,1
could you like lower the the um volume,1
my phone phone battery is um is dying,0
can can you help help me with this,1
can you take take a picture,1
this like reminds me me of something funny,0
i’ll talk to to you you tomorrow,0
i really love this this weather,0
thank thank you you all all for for being here,0
hey robot what is the time,1
can can you help um me with with this this,1
thank you all for being here here,0
remind me to call mom,1
i i was telling you about about the plan,0
stop the music,1
are you listening,1
switch off the lights lights in the kitchen,1
i really really love this this weather,0
so what do you um all think,0
like can you explain that again,1
could you you please repeat like that,1
my my phone battery is dying,0
i’ll i’ll talk to you tomorrow,0
see you next time,0
uh call me when you you reach,0
did you hear that,0
stop the music,1
i really love this weather,0
set an alarm for 7 am,1
you know it it was raining uh yesterday,0
i need your your help here,1
start the fan fan now,1
we should should leave soon,0
you know it was raining yesterday yesterday yesterday,0
what can can you do,1
she said you were late,0
my phone phone battery is dying,0
see you you next time,0
my phone battery is dying,0
can you you explain explain that again again,1
we should um should leave soon,0
take take a a note please,1
switch off the lights in in the the kitchen,1
see you you next time,0
did you you you hear that,0
help me with the directions,1
good um good like morning everyone everyone everyone,0
it’s been a long day,0
thanks everyone for coming coming,0
switch off the lights lights in the kitchen,1
switch off the lights in in the kitchen,1
can you help me with this,1
help me with um the directions,1
translate this to spanish,1
see you next time,0
do you want to join us later,0
what are you doing doing this weekend weekend,0
um turn on the ac ac,1
do you like want to join us later,0
i’ll i’ll talk to you tomorrow,0
can you take take a picture,1
robot show me um the way,1
so what do do you uh you all think think,0
start the the fan now now,1
remind me to call like call mom mom,1
uh robot show show me the way,1
hey assistant play some music,1
see you you next time time,0
it’s been been a long day day,0
that's like that's what she said said,0
open the window for me me,1
see you next time,0
could could you please please repeat that,1
she said said you were late,0
could you please please repeat that,1
like you know it it it was raining yesterday,0
hey robot what uh what is um the time,1
can you help me with this this,1
tell tell me a joke joke,1
uh it’s great talking uh talking to to you,0
call me when when you you reach reach,0
okay see you you around,0
do you want to join us later,0
okay see see you around,0
we should should leave soon,0
tell me a joke joke,1
turn on on the lights,1
help me with the directions directions,1
start the fan now,1
can can you you explain that again,1
i i i really love this this weather,0
that's what she she said,0
let’s get lunch together,0
could you lower the the volume volume,1
take a note please,1
we should leave soon,0
i uh really love this weather,0
see see um you next time,0
turn on the ac,1
um take a note note please,1
tell tell me a joke,1
we should leave soon,0
let’s get lunch together,0
that's what she said said,0
could uh could you lower the volume like volume,1
see you next time,0
let’s get lunch together,0
did you you hear that,0
stop the music,1
we should leave leave soon,0
see you next time,0
stop stop the music,1
good morning everyone,0
okay see you around around,0
i i need your help here here,1
what are are you you doing this weekend,0
robot stop,1
remind me to call mom,1
my phone battery um is dying,0
set an an alarm alarm for 7 am,1
can you explain that again,1
could could you you please please repeat that,1
translate this this like to spanish,1
set an alarm for 7 am,1
help help me me with like the directions,1
good morning everyone,0
what what can you do,1
okay okay see you around,0
translate this to like spanish,1
hey robot what is is the time,1
remind me me to call mom mom mom,1
i was telling you about about the the plan plan,0
you know it like was raining raining yesterday,0
i need your help here,1
take a note uh note please,1
translate this this to spanish,1
help help me with with the directions,1
translate this this to spanish,1
so what what do you all all think,0
my phone battery battery is dying,0
thanks everyone everyone for coming,0
are you um listening,1
she said you um you were late late,0
thanks thanks um everyone uh for coming,0
thank you you like you all for being like here,0
translate this to spanish,1
okay see you around around,0
translate translate this this to spanish,1
could you please repeat that that that,1
could you you please repeat that,1
are you listening listening,1
we should leave soon,0
let’s let’s get lunch together,0
like my phone phone battery battery is dying,0
tell me a a joke,1
it’s been a long long day,0
set an alarm alarm for for 7 am,1
turn on the ac,1
call me when you reach,0
can you explain explain that again again,1
what are you you doing this weekend,0
it’s been a long day day,0
are you listening,1
take a note please,1
help me me with the directions directions,1
i’ll talk talk talk to you tomorrow,0
remind me me to call mom,1
open the window for me,1
it’s been a long long day day,0
open the the window window window for for me,1
take a note please,1
hey assistant assistant play play some music,1
turn on the lights lights,1
can you you take take a picture picture picture,1
help me with the directions,1
did you um hear that that,0
robot show me the way,1
open the window window for me,1
open open open the window window window for me me,1
set an alarm for 7 am,1
good morning everyone everyone,0
that's what she said,0
call me when when you reach,0
open open the window for me,1
so what like do you all think think,0
tell tell me a joke joke,1
could you you lower the volume,1
okay see you around,0
set an alarm um for 7 am,1
set an alarm for 7 am,1
call me when you reach,0
hey robot what is the time,1
good morning everyone,0
what can you do,1
stop like the music um music,1
see see you next uh time,0
it’s great talking like to you,0
what can you do do,1
remind me to call call mom,1
it’s it’s been been a long long day,0
take take a note please,1
remind me to like to call uh mom,1
do you want um to join join us us later,0
set an alarm for 7 7 am,1
can you help help me with this,1
i am going going to to to the store now,0
so so what do you you all think,0
robot robot show me me the way,1
i was was telling you you about the plan,0
did uh you hear that,0
okay see you around around around,0
can can you you take a picture,1
see you next next time,0
set um an alarm alarm for 7 7 7 am,1
can you um you take a a picture,1
did you hear that that,0
help me with the the directions,1
start the fan now,1
it’s it’s great talking to you,0
take a a note please,1
do uh you want to join us later,0
what are you doing this weekend,0
set an alarm like for 7 am,1
i’ll talk to you tomorrow,0
help me with the directions,1
hey assistant assistant play some music,1
you know it was was raining yesterday,0
can you take a picture,1
translate this to spanish,1
i’ll talk talk to you tomorrow tomorrow,0
what what can can you do,1
can you help me with um this,1
did you hear hear that,0
my phone battery battery is dying,0
i need your help here,1
that's what she she said said,0
thanks everyone for coming,0
could you you please repeat that,1
thank you all like all for being here,0
take uh a note please,1
call me when you reach,0
can like you help me with this,1
tell me a joke,1
good morning everyone,0
open the window for me,1
that's what what she said,0
it’s it’s been a long day,0
see you next time time,0
hey robot what what is the time time time,1
translate translate this to spanish,1
open the window for for me,1
robot show me the way,1
you know uh it uh was raining raining um yesterday,0
could could you please repeat that uh that,1
i am going to the the store store now,0
can you explain explain that again,1
good morning um everyone,0
it’s great talking talking to you,0
start the fan fan now,1
what can you do,1
my my phone battery is dying,0
can can you take a picture,1
what are you doing this this weekend,0
translate this to spanish,1
remind me like to call mom,1
what can you you do,1
this reminds me of something funny,0
do you want to join us later,0
i really love this weather,0
so so what what do do you all think think,0
remind remind me me to like to call mom,1
what can um you do,1
that's what she uh said,0
could you you please please repeat repeat that,1
turn on the lights,1
i’ll talk to you tomorrow,0
start the fan fan now,1
that's what she said,0
my phone battery is dying dying,0
are you listening uh listening,1
i really love this weather weather,0
robot stop stop,1
my phone battery is is dying dying,0
like okay see see you around around,0
i’ll talk talk to you you tomorrow,0
um hey assistant play some music,1
good good morning everyone everyone everyone,0
stop like the music music,1
take a note note please please,1
call me me when you reach,0
hey assistant play some music,1
open the window window for me,1
my phone battery is dying dying,0
good good morning everyone,0
thanks everyone for coming coming,0
i’ll talk to you tomorrow,0
switch off off the lights lights in the kitchen kitchen,1
see you you next time,0
okay see you around around,0
good morning everyone,0
open the uh window for me,1
this reminds um reminds me of something something funny,0
do you want want to join us us later,0
could you please please repeat that,1
we should leave leave soon,0
are you you listening,1
hey assistant play some music,1
thank you all for for being being here,0
set an alarm for 7 am,1
help me me with the the directions,1
robot show me like the way,1
translate this to spanish,1
it’s been been a long day,0
okay see you around,0
thank you all all for being here,0
we should leave soon,0
can you help help help me with this,1
thanks everyone everyone for for coming,0
set an alarm for 7 7 am,1
thank you all for being here,0
open open um the window for for me,1
robot stop,1
start the fan now,1
we should leave soon soon,0
robot show me the way,1
do you want to join us later,0
switch off the lights in the kitchen,1
i i was telling you you about about the plan,0
can can you you help me with this,1
like translate this to spanish spanish,1
start the fan now,1
could you lower the volume,1
it’s been a long long day,0
could you please please repeat repeat that that,1
this reminds reminds me of something funny,0
i was um telling you about the plan,0
good good morning everyone,0
start the fan now,1
help me with the directions,1
can you explain that again again,1
can can like you take a picture picture,1
let’s get lunch together,0
this this reminds me of something something funny funny,0
that's what um she said,0
see you next like time,0
call me when when you reach,0
it’s been a long day,0
can you explain that again again,1
robot stop,1
can you explain that again,1
i am going to um to the store now,0
could could you you lower the the volume,1
open the window for me me,1
we should leave soon,0
can can you um explain that that again,1
turn turn on the the ac,1
see you next time,0
i am going to the store store now,0
could could you you lower uh the volume,1
it’s it’s great talking to like to you,0
are you you listening,1
i really uh love this weather,0
call me when you reach,0
um i need your help help here,1
start like the fan now now,1
what are you doing this weekend,0
um robot stop,1
tell me a joke joke,1
can you um explain that again again,1
so what do do do you all think think,0
i’ll talk to you tomorrow,0
i am am am going to the like store now,0
what are you doing this weekend,0
i i i need your your help help here,1
my my phone battery is dying,0
i’ll talk to you tomorrow,0
start um the fan now,1
we should leave leave soon soon,0
uh set an an alarm alarm for 7 7 am,1
start the fan like now,1
do you want to join us later,0
we should should leave um soon,0
uh this reminds me of something funny,0
could uh you lower the volume,1
so what do do you you all think,0
good morning everyone,0
turn on the lights,1
my phone phone battery is dying,0
i am going to the store now now,0
okay see see you around around,0
you know it uh was raining yesterday,0
set set an alarm for 7 am am,1
turn turn on the lights,1
what can you do,1
are you listening,1
open the window for me,1
start the fan now,1
uh help me with the directions,1
so what do you you all think,0
what are you doing this this weekend,0
switch off the the lights in the uh kitchen,1
that's that's what she said,0
tell tell me a joke,1
thanks everyone for for coming,0
what what can you do,1
it’s it’s been a long day,0
robot show show me the way way way,1
what can you you do,1
it’s it’s great talking talking to you,0
see you you next time time,0
you uh know it was raining yesterday,0
robot stop,1
tell tell me a a joke,1
help me with with the directions,1
you know it was raining yesterday,0
what can you you you do do do,1
remind remind me to call mom,1
call me when when you you reach,0
okay see you around around,0
hey assistant like play some music,1
it’s it’s um great talking uh to you,0
hey assistant play play um some music,1
that's what she said,0
what can you do do,1
hey robot what is is the time,1
turn on the ac,1
translate this to to spanish,1
let’s get lunch lunch together,0
see you next time,0
help me me with the directions,1
turn on the lights,1
my phone phone battery uh is dying,0
switch off the lights in the kitchen kitchen,1
let’s get lunch together,0
it’s great talking to you,0
hey robot what is uh the time time,1
this reminds me of something something funny,0
switch off the the lights in the the kitchen,1
we should leave leave soon soon,0
robot show me the way,1
switch off the the lights lights in the kitchen,1
turn on the lights,1
i uh really love this this weather,0
that's what what she said,0
that's what what what she said,0
are you um listening,1
she said said you were late,0
let’s let’s get lunch together,0
robot show me me the way,1
turn on the lights,1
it’s it’s been um a long long day,0
see you next time,0
it’s it’s been a long day,0
can you explain explain that that again,1
so what do you you all all think,0
uh hey assistant play uh some music,1
thank you all for being here here,0
we should um leave soon,0
this reminds reminds uh me of something funny funny,0
switch um off the the lights in the kitchen,1
translate translate this to to spanish spanish,1
are you you listening listening,1
i i need your help here,1
turn on on the lights,1
good morning morning everyone,0
like she said you were um late,0
that's uh what she said,0
can you take a picture uh picture,1
it’s great talking to to you,0
i really really love this weather,0
do you want to join us later,0
hey assistant play some music,1
switch off off the lights lights in the kitchen,1
okay see you around,0
did did you hear that,0
this this reminds like me of something funny,0
hey assistant assistant play play some music,1
okay see you around,0
turn on the lights,1
start start the fan now now,1
stop stop the music music,1
see you you next next time,0
set an alarm for 7 am,1
set an alarm for um 7 am,1
it’s great great talking talking to you,0
can you take take take a picture,1
you know it was raining yesterday,0
it’s um been a a long long day,0
start the fan now,1
hey robot what is the the time,1
let’s let’s get get lunch together,0
start the fan now,1
could like you please please like repeat that that,1
help help me with the directions,1
you you know it was was raining raining yesterday yesterday,0
um tell me a joke joke,1
turn on the ac,1
can can you explain that again,1
that's that's what she said,0
did did you hear that,0
can can you help me with this,1
did you like hear that that,0
it’s been been a a long day,0
tell me a a a joke,1
hey assistant play some some music,1
translate translate this to spanish,1
let’s get lunch together,0
you know it it was raining yesterday,0
i am going going uh to the store now,0
turn on the lights,1
robot stop,1
that's that's what she said,0
my my phone phone battery is dying,0
what can can you do,1
help me with the the directions directions,1
i am going to the store now,0
it’s great talking to to you,0
my phone battery is is dying,0
hey assistant play some music,1
turn on the ac ac,1
can can you take take a picture picture,1
robot robot show me the way,1
hey assistant play some like music,1
what can can you do,1
good morning everyone,0
remind remind me to call mom,1
take a a note please,1
this reminds me of of something funny funny,0
what can you do do,1
turn on the ac,1
hey assistant assistant play some music music,1
you know it it was was raining yesterday,0
start the fan now,1
it’s been a long day,0
what can you do,1
can you you explain that again,1
tell me a a joke joke,1
remind me to call call mom,1
i need your help help here,1
thank thank you like all for for being here here,0
good morning everyone,0
did you like hear that,0
could you please please please repeat repeat that that,1
i really love this weather weather,0
switch off the lights in the kitchen,1
good good morning everyone,0
hey robot what is the time time,1
i really love this this weather,0
did you hear that,0
robot robot robot show show uh me like the way,1
like thank you you all for being here,0
are you listening,1
can can you help me with this,1
thank you all all for for being here,0
can you you explain that again,1
it’s been a long day,0
take a note please please,1
open the window window for me,1
my phone battery is is dying,0
so like so what what do you all think,0
what can can you do,1
could you please please repeat that that,1
i was telling you about about the plan plan,0
see you next time,0
it’s great talking to you,0
let’s get lunch lunch together,0
take a note uh note please,1
set an alarm for 7 7 am,1
she she said you were late late,0
she said you were late late,0
open open the window for for me,1
do you want to join um us later,0
turn turn on the the lights,1
my phone battery is dying,0
robot robot show me the way way,1
good good morning everyone everyone,0
take a note note please,1
it’s great talking to you you you,0
we should leave soon soon,0
i really love this this weather,0
i am am going to the store now,0
what can you do,1
so what do you you all think,0
okay see you around,0
set an alarm for 7 like 7 am,1
call me when you reach,0
we should should should leave soon,0
uh turn on the ac,1
call me when when you you reach,0
this reminds reminds me of of something something funny,0
thank you you all for for being here here,0
switch off off the lights lights in the the kitchen like kitchen,1
could you please please repeat uh repeat that,1
hey assistant play play some music,1
can you explain that um again,1
turn on on the lights,1
we should leave leave soon soon,0
switch off the like lights in the the kitchen,1
it’s great talking to to you,0
stop stop the the music music,1
translate this to spanish,1
tell me me a joke,1
do do you want to join us later,0
what are you doing doing this weekend,0
my my phone battery is is dying,0
i’ll talk to you you tomorrow,0
hey robot what is the the time,1
i i need your help here,1
can you explain that again again,1
it’s great talking like to you,0
turn on the lights,1
turn turn on on the the lights,1
let’s get lunch together,0
remind me to call mom mom,1
turn on the ac,1
thanks thanks everyone for like coming,0
like what can you do,1
did you hear that that,0
i really love this weather weather,0
like what can can you do,1
switch switch off the lights in the kitchen kitchen,1
thanks everyone for coming,0
thank you all all for being here,0
could you lower the volume,1
thank you you all for being here,0
that's that's what what she said,0
can you you take a picture,1
hey assistant play uh play some some music,1
i’ll talk to um you tomorrow,0
robot stop,1
thank you all for being here,0
start the fan now,1
turn on um the lights,1
thank you all all for uh for being being here here,0
open the window for me me,1
i’ll talk to you you tomorrow,0
open the window for me,1
call me when you reach,0
could you please repeat that that,1
tell me me a joke,1
do you you you want to join join us later,0
this reminds me of of something funny,0
could you lower the volume,1
my phone battery is dying,0
i’ll talk to to you tomorrow,0
so what do you all think,0
hey hey assistant assistant play some music,1
take a a note note please please,1
hey uh hey assistant play some music music,1
turn on the the lights,1
what are you doing doing this weekend,0
switch off the lights in in the kitchen,1
it’s great talking to you,0
so what do you all think,0
open open the the the window window um for me,1
that's uh what she said,0
take a note please,1
good morning everyone,0
hey assistant play play some some music,1
i’ll talk to to you tomorrow,0
turn turn on on the lights lights lights,1
i need your help here,1
start start the fan now,1
take a a note please,1
so what what do you all think,0
what are you doing this this weekend,0
you you know it was raining yesterday,0
this reminds me me of something funny,0
do you want to join us later,0
can you help me with this,1
see you next next time time,0
turn on the ac,1
i need your help help here,1
set an alarm for 7 um am,1
call call me when you reach reach,0
i am going to to the the store store now,0
tell me me a joke,1
it’s been a long um day,0
can you take a picture,1
stop the music music,1
what are you doing this weekend uh weekend,0
can you you help me with this,1
robot show me me the the way,1
hey hey robot robot what is the time,1
good morning everyone,0
we should leave soon,0
are you listening,1
this reminds me of of something funny funny,0
did you hear that,0
i need your help here,1
could you lower the volume volume um volume,1
i really love love this this weather,0
can you take a picture,1
i’ll talk to you tomorrow,0
so what uh what do do you all all think,0
open the window window for me,1
do do you want to join us later,0
turn on the the lights lights,1
so what do you all think,0
i’ll talk talk to you tomorrow,0
we we should leave like soon,0
take a note please,1
i’ll talk talk to you you tomorrow,0
hey hey assistant like play some music music,1
switch off the lights in the kitchen,1
switch switch off the the lights in uh the kitchen,1
stop the music,1
tell me a joke,1
hey robot robot what is is the time,1
it’s been a long day,0
take a note please,1
what are are you doing this weekend,0
are you listening,1
hey hey robot what is the time,1
so uh so what do you all think,0
turn on on the lights lights,1
turn turn on the lights lights,1
could like could you please please repeat that,1
do you want to join us later,0
i i am going to the store now,0
hey assistant play some music,1
thanks everyone for coming,0
could could you lower the volume volume,1
okay see see you you around,0
she said you were late,0
hey assistant play play some music,1
stop the music,1
can can you explain that that again,1
good good morning everyone everyone,0
start the fan now,1
it’s been a long day day,0
could you lower the the volume,1
it’s it’s great talking uh to you,0
could you uh you please please repeat that,1
it’s great great great talking talking to you,0
robot show um me the way,1
can can you take a picture picture,1
good morning everyone everyone,0
okay see you around,0
hey robot what is the time,1
hey robot what is the the time,1
i really really love this this weather,0
did did did you hear that,0
take a a note please,1
what can you do,1
tell me me a joke joke,1
we should leave soon,0
thanks everyone for coming coming,0
it’s been been a a uh long day,0
i’ll i’ll talk to you you tomorrow,0
so so what do you all all think,0
did did you hear that,0
you know it was raining yesterday,0
it’s great talking to to you,0
let’s get lunch together,0
are you listening,1
like translate this to uh spanish,1
switch off off the lights lights in the kitchen,1
i need your help here,1
my phone battery battery is dying,0
okay okay see you around,0
what like can you like you do do,1
i i was was telling telling you about the plan plan,0
i’ll talk to you you tomorrow,0
you know it was raining yesterday,0
could um could you please please repeat that,1
it’s been been a long um day,0
thank you you all all for for being here,0
set an alarm for 7 am,1
it’s been a a long day,0
open uh the window for me me,1
okay see you around,0
call me me when you reach,0
robot stop stop,1
turn on the lights,1
what are are you doing um this weekend,0
did you hear hear that that,0
i i really like really love this this weather,0
tell me a a joke,1
tell tell me a joke,1
okay see you around,0
stop the music,1
turn on the ac,1
remind me to call mom,1
set an alarm for 7 am,1
let’s get lunch together,0
call me when when you reach reach,0
i um am going to the store now,0
i really love this uh weather,0
what are you you doing this weekend weekend,0
um okay see you around um around,0
uh turn on the ac,1
okay see you you around,0
stop stop the music music,1
it’s been been a long long day,0
open the the window for me,1
thank thank you all for being being here,0
i i need need your help here,1
help me uh with the directions directions,1
what are you you doing this weekend,0
take a note please,1
see you next time time,0
i was telling you about the plan,0
call me when you reach,0
robot show me the way way,1
my phone battery is dying,0
okay see you around,0
can can you um help like me with this,1
open the window for me,1
what can can you do,1
we should should leave leave soon,0
help me me with the the directions,1
hey robot what is the time,1
can you take a a picture,1
what are you you doing this this weekend,0
can you take take a picture,1
can can you explain that again,1
are you listening,1
are are you you listening listening,1
turn on the ac,1
turn turn on the ac ac,1
help me with with the directions,1
what can you you do do,1
robot show me me the the way,1
see you like next time,0
uh i’ll talk to you tomorrow,0
remind me to call mom,1
what what can can you do,1
are you listening,1
switch off uh the lights lights in the kitchen,1
i um was telling telling you about the plan plan,0
help me me with the directions,1
i uh am going going like to the store now,0
my my phone phone battery battery is dying,0
i am going um going to the store now,0
i need your your help here,1
take a note uh please,1
what what are you doing doing this weekend,0
can you you take a picture picture,1
what can you do,1
turn on the lights,1
my phone battery is dying dying,0
i i was telling telling you about the plan,0
i need your your help here here,1
it’s been a long um day,0
let’s get lunch together,0
thanks thanks everyone for coming,0
okay see you you around like around,0
set an alarm for like for 7 am,1
can you help me with this,1
see you next time,0
let’s get lunch lunch together,0
okay see you around,0
we should leave soon,0
that's that's what she said,0
are are you uh listening,1
open the the window for um for me me,1
hey assistant play play some music um music,1
this this reminds me of something funny,0
translate this to spanish spanish,1
open the the window for me,1
set an alarm alarm for 7 am am,1
could you you lower the volume,1
what are you doing this this weekend,0
can you help me with this this,1
good morning morning everyone,0
good morning everyone,0
could you please repeat that,1
i really love this this this weather,0
open the the window window for me,1
i really love this this weather,0
you know it um was raining yesterday,0
she said you were late,0
are you listening,1
see see you uh next time,0
good morning everyone everyone,0
call me me when when like you reach,0
i i i really love this weather,0
robot show show me me the the way,1
hey robot robot robot what is the time,1
this reminds me of of something um funny,0
turn turn on the ac ac,1
can you help me with this,1
that's um what she said,0
are you listening,1
this reminds me uh of something funny,0
um turn on on the the ac ac ac,1
that's that's what she said,0
can can you help me me with this,1
hey robot robot robot what what is the time,1
um what can you do,1
thanks everyone for coming coming,0
set an alarm for 7 am,1
it’s great great talking to you,0
i’ll talk talk to you tomorrow,0
can you you explain that that that again again,1
okay uh okay see you like around,0
could could you you please repeat that that,1
that's what what she said,0
can you take a picture,1
it’s been a long day,0
switch off the the lights in the kitchen,1
thanks everyone for coming,0
it’s been been a a um long day,0
it’s been a long day,0
hey robot what is the time,1
she she said you were late,0
can you take a picture,1
we should should leave like soon,0
this reminds me me me of of something funny,0
she she said you were late,0
open the window for me,1
set an alarm for 7 am,1
could um you please please repeat that,1
what are you doing doing this weekend,0
translate translate this to spanish spanish,1
thanks everyone for coming,0
help help me with the the directions,1
she she said said you you were late late,0
good good morning everyone,0
set an alarm for for 7 am,1
set an alarm for for 7 am am,1
hey robot robot what is is the the time,1
she said you like were late late,0
see you next next time time,0
okay see you you around around,0
start the fan now,1
can can you you take um a picture,1
okay see you around around,0
turn on on the ac,1
my phone battery is dying,0
good morning everyone everyone everyone,0
can you take a picture,1
thank you you all for being being here,0
what what are you doing this this weekend,0
i am going to to the the store now now like now,0
start the the fan fan now,1
thanks thanks everyone for coming,0
open the window window for for me,1
remind me to to call mom,1
okay see see you around around,0
take a note uh please,1
this this reminds reminds me of something funny,0
take a note note uh please,1
i’ll talk to um you tomorrow,0
that's what she said,0
i really love love this weather,0
can can you explain that uh again,1
um switch off the lights in the the kitchen,1
it’s great talking talking to you you,0
we should should leave soon soon soon,0
turn on on the lights,1
i need your your help here,1
it’s great talking talking to to you,0
um open the the window for me me,1
thank you all for being here,0
thanks everyone for coming,0
what are you doing this weekend weekend,0
i was telling you about the plan,0
what are you doing doing this weekend,0
okay see you around,0
she said you were late,0
i need your help here here,1
good morning everyone,0
robot robot show me the the way,1
okay see you around around,0
hey hey robot robot what is uh the time,1
can you help me with this,1
hey assistant assistant play some music,1
remind me to call mom,1
tell me a joke,1
i am going to the store now now,0
robot show me the way way,1
we we should like leave soon soon,0
remind remind me to call mom like mom,1
set an an alarm alarm for 7 am,1
let’s uh get lunch together,0
hey assistant play some music music,1
hey assistant play some some music music,1
okay okay see you around,0
tell me a joke,1
do you want to join us later,0
that's what she said said,0
open the the window for me,1
let’s let’s get lunch together,0
i need your help help uh here,1
can you explain um that again,1
call me when you reach,0
it’s been a long day,0
can can you take a a picture,1
remind me to call mom,1
translate translate this to spanish,1
we should leave soon uh soon,0
open the window for me,1
tell me uh a joke,1
tell like me a joke,1
stop the music music,1
can you you help uh me with this this,1
my phone battery is dying dying,0
stop stop the uh music,1
thank thank uh you all for being like being here,0
good morning everyone,0
i’ll i’ll talk to you like tomorrow,0
uh see you you next time,0
it’s been been uh a long day,0
we should leave soon,0
could could you lower the volume volume,1
my phone battery is dying,0
i uh i um need your help here here here,1
you know it it was was raining yesterday,0
call me when you you reach,0
call me me when when you reach,0
you you know it it was was raining raining yesterday,0
do you want to join join us us later,0
turn turn on the lights lights,1
tell me um a joke,1
can can can you help me me with with this,1
good morning everyone,0
translate this to spanish,1
open the window for me,1
see you next time time time,0
thanks thanks everyone for coming coming,0
thank you you all all for being being here,0
open the the window for for me me,1
open the the window for me,1
do you want to join us later later,0
you know it it was raining yesterday yesterday yesterday,0
do you like you want to join us later,0
remind me to call mom,1
call me when you reach,0
are you listening,1
remind me to to call mom,1
turn on on the ac,1
take take a note please,1
we should leave soon,0
can can you take a picture,1
it’s been a long day,0
this reminds me of something something funny,0
she said said you were late,0
can can you take a a picture picture,1
you know it was raining raining yesterday,0
hey assistant play some music music,1
help me with the directions,1
take a note please,1
i’ll talk to you tomorrow,0
robot show me um the way,1
this reminds me of of something something funny,0
take a note please please please,1
can can you help me with this,1
robot show me the way,1
help me with the directions,1
take a a note please,1
thank thank you all for being here,0
translate this to spanish,1
i i am am going to to the store now,0
take a a note note please,1
what are you doing this weekend,0
could you you lower lower the volume,1
translate this to spanish,1
thank you uh all for being here,0
thank you all all for being here,0
let’s get lunch together,0
could you lower the volume volume,1
that's what she said said said,0
my my like phone battery is uh is dying,0
this reminds me of something something funny,0
i was telling you you about the the plan,0
stop the music music,1
it’s great talking talking to you,0
i i need your help here,1
start the fan fan now,1
do you want to join join us later,0
hey hey robot what is is the time,1
good morning everyone everyone,0
can uh you explain that that again,1
let’s get lunch lunch like together,0
my phone battery is dying,0
see you you next time time,0
um what can you do,1
she said you were late,0
what can can uh you do do,1
i’ll talk to you you tomorrow tomorrow,0
set an alarm for 7 am,1
so what what do you all think think,0
i am like going to the store store now,0
open the window for for me,1
um can you take take a picture picture,1
call call me me when when you reach reach reach,0
so what what do do you you all think,0
we should like should leave soon,0
stop the music,1
take a a note please,1
you know it was raining raining yesterday,0
it’s been a long day day,0
did you hear hear hear that,0
call me me when when you reach,0
tell tell me a joke joke,1
call me when you like reach,0
thank you all for being here,0
what are you you doing this weekend,0
could you you please repeat that,1
it’s been a long day,0
can you help me with this this,1
what are you doing this weekend weekend,0
um stop the music,1
remind me to call mom,1
are you listening,1
let’s get lunch lunch together,0
she said you you like were late,0
so what do you all all think,0
open open the window for me me,1
tell me a joke,1
can you you take a picture,1
open the window window um for me me me,1
robot stop,1
that's what what she said,0
what are you you doing this weekend,0
robot stop stop stop,1
switch off the lights uh in the kitchen kitchen,1
what are you doing this weekend like weekend,0
thanks everyone for coming coming,0
thank you you all for being here here here,0
open the window for me,1
stop the music,1
i need need your help here,1
uh can you help me with this,1
so what do you all think,0
tell me a joke,1
it’s it’s great like talking to you,0
i’ll talk to you tomorrow,0
remind me me to to like call mom mom,1
that's what she said,0
okay see see you um around,0
are you listening,1
could could uh could you please um please repeat repeat that,1
turn turn on the lights lights,1
are um you listening,1
set an an alarm alarm for 7 am,1
i’ll talk to you tomorrow,0
tell me me a uh a joke,1
i’ll talk to you tomorrow tomorrow,0
turn on the ac,1
hey hey um assistant play some music,1
you like know it like was raining raining yesterday,0
can can you explain that again,1
stop the music,1
hey robot what is is uh the time,1
robot stop,1
start the fan now,1
could you please repeat repeat that that,1
you know it um was raining yesterday yesterday,0
okay see see you around around,0
stop stop the music,1
my my phone battery is dying,0
see like you next time,0
i i really love love this weather,0
see you next time time,0
translate translate this to spanish,1
can you you help help me with this,1
you know it it was raining yesterday,0
it’s been been a long day,0
what are you doing doing this weekend,0
she said you were late,0
we should leave soon soon,0
hey hey robot robot what what is the time,1
robot show me the way,1
it’s great talking to you,0
hey assistant play some music,1
you know it was raining um yesterday,0
see you next time time,0
she said you you were late,0
hey assistant play some um music,1
hey robot what is the time,1
okay see see you around,0
okay uh see like you around,0
help me with the the directions,1
i really love this uh weather,0
what are you like doing this weekend,0
are you listening,1
that's that's what she said,0
i was telling you about the plan,0
stop stop the music,1
do you like want to join join join us us later,0
it’s great talking to to you,0
we should leave soon,0
what can you do,1
do uh you want want to join us later later,0
i’ll i’ll i’ll talk to you you tomorrow,0
help me with the the directions,1
could could you please repeat that,1
could like you lower the um volume,1
it’s great talking to you you,0
thanks everyone for for coming,0
uh see uh you next time,0
it’s it’s great talking to you,0
i was telling you you about about the plan plan,0
she said you were late um late,0
can you take a a picture picture,1
what can you do,1
it’s been a long day,0
translate this to spanish,1
it’s great talking to you you,0
what can you do,1
set an an alarm for 7 7 am,1
turn turn on the uh lights,1
can you explain that again,1
translate this to spanish,1
could you please please please repeat that,1
so what do do you uh all think,0
robot show me the way,1
we we should leave leave soon soon,0
switch off the uh lights in the kitchen,1
this reminds me of something funny,0
do you you um want to join join us later,0
thanks everyone for coming,0
so what what do you you all think,0
translate this to to spanish,1
take a note please,1
take a note please,1
could you lower the volume,1
switch off off the lights uh lights in the the um kitchen,1
this um reminds me of something funny funny,0
robot stop stop,1
my phone battery is dying,0
what can you you do do,1
stop the music,1
i i need need your help here here,1
take a note please,1
can you help me me with this,1
robot show me the the way,1
turn turn on the the ac,1
can you take a picture,1
set uh an alarm alarm for 7 am,1
robot stop stop,1
set set an alarm for 7 am,1
do you want to join us later,0
see you next time,0
open open the window for me,1
are you you listening,1
my phone battery is is dying,0
it’s it’s great talking to to you,0
i i really really love this weather,0
can can you explain that again,1
open uh the window for me,1
take a note please,1
switch off the lights in in the kitchen,1
what are you doing this weekend,0
okay see you around,0
hey robot what is the time time,1
see you next time,0
did did you you hear that,0
okay see uh you around around,0
start the fan now,1
like turn on the lights,1
thank you all all for being here here,0
uh turn on the lights,1
take a a note um please,1
tell me a joke,1
could you lower the volume,1
can uh you help me with this this,1
robot robot stop,1
this reminds me of something something funny,0
hey assistant play some some music,1
okay see see you around,0
hey assistant play some music music,1
hey robot what is the the time,1
my phone battery battery is uh dying,0
thank you all for being here,0
okay see see you around,0
like turn on like on the the the ac ac,1
translate this to spanish,1
call me when when um you reach reach,0
can can you you explain that again,1
i am going going to um the store now,0
call me when when you reach,0
hey assistant play play some some music um music,1
so what do you all think,0
what can you do,1
i was telling telling you about the plan,0
let’s get lunch together together,0
robot robot show show me the way,1
um are you listening listening,1
remind me me to call call mom,1
i was um telling you about the like plan,0
open the window for me,1
it’s great talking to to you,0
let’s get lunch lunch together,0
turn turn on the lights,1
see you you next time,0
can you you explain that again,1
do you want to join us us later,0
we should leave soon soon,0
start the fan now,1
good morning everyone,0
did you hear that that,0
take a note note please,1
that's what she said,0
we should leave soon soon,0
hey robot what is is is the time,1
that's what she said,0
start the fan fan now,1
start the fan now,1
we should leave soon soon,0
thanks uh everyone for for coming coming,0
she said you were late,0
can you explain that that again,1
i am going to the store store now,0
help me with the directions,1
see you next time,0
help help me with the directions,1
tell me a joke,1
turn on on the the lights,1
good morning morning everyone,0
i am going to the store now now,0
i’ll talk to you tomorrow tomorrow,0
could you lower lower the the volume,1
did you hear that,0
that's that's what she said,0
turn turn on on the ac,1
open the window window for me me,1
it’s it’s great talking to you,0
thank you all for for being like here,0
can can you explain that again,1
see you next time,0
this reminds me of something funny funny funny,0
you know know it was was raining yesterday,0
call like me when you reach reach,0
i am going to the store now,0
okay see you around,0
could could you you lower lower lower the volume,1
thanks everyone for coming,0
start the the the fan now,1
switch off the the um lights in the kitchen,1
it’s great talking to you you,0
could um you please repeat repeat that that,1
robot robot show me the way,1
take a note please,1
i’ll talk to you tomorrow tomorrow tomorrow,0
tell me a uh joke,1
robot stop,1
let’s get lunch lunch lunch together,0
what what can you do,1
see see you next next time time,0
i need need your help here,1
see like see you next next time,0
i am going to the store now,0
tell tell like tell me a joke,1
okay see you you around,0
what are you doing doing this weekend,0
start the fan fan now now,1
what are are you uh doing this weekend,0
hey robot robot what is the time,1
it’s it’s been a a long day,0
could could could you please repeat like that,1
help me with the directions,1
i um i am am going going to the store now now,0
what what are are um you doing this weekend,0
did you hear that,0
she said you were late,0
do you you want to join us us later,0
what can you do,1
i’ll i’ll talk to you tomorrow,0
start the the fan now,1
i really love this weather,0
good morning morning everyone,0
so what do you all think,0
are you listening,1
tell tell me a joke,1
help me with the directions directions,1
she she said you you were late late,0
do you want want to join us later later,0
help me with the uh the uh directions,1
i need your help here,1
are you listening,1
remind me to to call mom,1
this reminds reminds me me of something funny,0
it’s been a a long day day day,0
good morning everyone like everyone,0
what are you doing this weekend,0
take a um note please please,1
are you you listening,1
good good uh morning everyone,0
good good morning like everyone,0
see you next next time time,0
we should leave soon,0
i was telling you um about the plan,0
stop the the music,1
could you lower the volume,1
take take a note please,1
can you explain that again,1
she she said you were late,0
it’s great talking to you,0
i am going to to the the store now now,0
call call me when you reach,0
hey assistant play play some music music,1
stop the music,1
could um you lower the the volume,1
open the the window for me,1
we should leave soon,0
it’s great talking to to you,0
see you next time,0
uh did you hear that that,0
could you you lower the the volume,1
see see you next time,0
help me with the directions,1
hey assistant assistant play some music,1
open the window for me,1
start start the the fan fan now,1
uh open the the window for me,1
translate translate this this to spanish,1
robot show me the way,1
turn turn on the lights,1
i really love love this weather,0
it’s great talking to you,0
i i need your help here,1
stop the the like music,1
we should should leave leave soon,0
good good morning morning everyone,0
um i was telling telling you you about the the plan,0
stop the the music,1
my phone battery is dying,0
thanks thanks everyone for coming,0
stop stop the music,1
translate translate uh this to to spanish,1
that's what she said said,0
um did you hear that,0
i need your help here,1
like switch off uh off the lights in in the kitchen,1
are you uh listening,1
we should leave leave soon,0
start start the fan fan fan now,1
what are you doing this weekend,0
turn on the the lights,1
take take um a note please,1
let’s get lunch lunch together,0
switch switch switch off off the lights in the kitchen,1
this reminds me of something funny,0
are you listening,1
let’s get get lunch together,0
can you explain that that again,1
like open the window for me,1
are you listening,1
thanks thanks everyone everyone everyone for for coming,0
do you um want to join like us later,0
tell me a joke,1
uh that's what she said said,0
my phone phone battery is dying,0
you know it was raining yesterday,0
i need your help here,1
okay see you around,0
let’s get lunch together,0
good morning everyone,0
turn turn on like on the ac,1
could you please repeat that,1
robot show me the the way,1
what are you doing this weekend,0
it’s been a long um day,0
i was telling you about the plan,0
start the uh fan now,1
good morning morning everyone,0
turn on the ac ac,1
take a uh a note please,1
good uh good morning everyone,0
set set an alarm for 7 am,1
do you want to join us later,0
turn on the lights,1
uh set an alarm for 7 am,1
could you you lower the volume,1
could you lower the volume,1
remind me to like call mom,1
hey assistant play some music,1
this reminds um reminds me of something funny,0
could could you lower the volume,1
what are you doing this weekend,0
okay see you around,0
switch off the lights in the kitchen,1
thank you all all for being here,0
what can uh you do,1
my phone battery is is dying,0
hey hey robot what is the time,1
could you please please repeat repeat that,1
you you uh know it was raining yesterday,0
i really love like this weather,0
i i really love love um this weather,0
i am going to to the the store now,0
like take a note note please,1
could you lower the the volume volume,1
thanks everyone for coming,0
like hey robot what is the time,1
thanks everyone for for coming,0
hey robot what is the the time,1
translate this to spanish,1
translate this to to to spanish,1
can can you you take take a picture,1
this reminds me of of something funny,0
call me when you reach,0
i i really really love this weather,0
it’s it’s uh been a long uh day,0
open open the window for me,1
okay see you around,0
can you you take take a a picture,1
open open the uh window for me,1
call me when when you reach,0
i i am going to the store now,0
like we should leave soon,0
call me me when you reach,0
translate this to spanish,1
switch off the lights lights in the like kitchen,1
we should leave leave soon soon,0
good morning morning everyone,0
do do you you want want to join us later later,0
what are you doing this weekend weekend,0
it’s great talking talking to to you,0
hey robot what is the time,1
i’ll talk to you tomorrow,0
start the fan now,1
help me with the directions,1
i’ll talk talk to you tomorrow,0
i really love this this weather,0
i am going going to the store now,0
robot stop,1
i am going going to the store store um now,0
it’s been a long long day,0
open the window window for um me,1
i i need your help here,1
what can can you do,1
she she said said you were late,0
stop the music music,1
robot stop,1
call me when you reach,0
set an alarm for um 7 am,1
call call me when when you reach,0
turn turn on the lights,1
robot show me me the way,1
i uh i am going going to the store store now,0
help me with with the directions,1
can you help help me with with this,1
that's um that's what what she said,0
you you know it was raining yesterday,0
i’ll talk to you you tomorrow tomorrow,0
turn on the the ac,1
thanks everyone for coming coming,0
call me when you reach,0
can you you take a picture,1
good morning everyone,0
start the fan now,1
turn on the the lights lights,1
help me with the uh directions,1
could you please repeat that,1
uh hey assistant play like some music music,1
are you listening,1
thank you all all for being here,0
are you uh listening,1
we should should leave soon,0
turn on on um on the ac,1
tell me a joke,1
um okay um see you um around,0
could could you lower lower the volume,1
tell me um a joke,1
i need your help here,1
robot robot show me um the way,1
like robot show me the way,1
what what are uh you doing this weekend weekend,0
turn on the ac,1
it’s been a long day day,0
could you please repeat that,1
i am am uh going to the store um store now,0
hey um robot what is the time,1
help me with the directions,1
what are you doing this this weekend,0
tell me me a joke,1
what are you doing like this weekend,0
can you explain that again,1
stop the music,1
i need need your help here here,1
robot show me the the way way,1
my phone battery battery is dying,0
i i was telling telling you about the plan plan,0
tell tell me a joke,1
could you lower lower the volume,1
could you you please repeat that,1
so what do you all all think,0
can can you you help help me with this,1
um i’ll talk to you um you tomorrow,0
turn on on like the ac,1
robot robot show me the way,1
this reminds me of of something something funny funny funny,0
are you like listening,1
let’s get get lunch together together,0
turn on like the lights,1
we we should leave leave soon,0
did you hear that that,0
so what do do you you all think,0
can can you you take a picture,1
it’s it’s great talking to you,0
hey robot what is is the um time,1
you know it was raining yesterday,0
did you hear that,0
robot show me the way,1
set an alarm for for 7 7 am am,1
what are you doing this weekend,0
thank you you all for being here,0
okay see you around around,0
she she she said you were late late,0
turn on on the the lights,1
you know know it was was was raining yesterday yesterday,0
do you you want like want to join us us later,0
remind me to call call mom mom,1
it’s great uh talking to to you you,0
can you help help me with with this this,1
so what do do you all all think,0
that's what she said,0
uh set an alarm for 7 am am,1
switch off the lights in the kitchen,1
thank thank you all for like being here,0
that's what she said,0
you know it it was raining yesterday,0
i was was telling you about the the plan,0
can you explain that again,1
start the um the fan fan now,1
it’s great talking to to you,0
thank um you all for being here here,0
thanks everyone for coming coming,0
i need your help here,1
robot show me the way,1
could you please please repeat repeat that,1
could uh you lower the the volume like volume,1
help help me with the the directions,1
remind me me to call call mom,1
call me when you reach reach,0
that's that's what she said,0
she said you were late late,0
could you lower the volume,1
see you next time time time,0
hey robot what what is the uh time,1
i’ll talk to you tomorrow,0
see you next time,0
you you know it was raining yesterday uh yesterday,0
robot show me the way,1
good morning everyone,0
can you take a picture,1
that's what she said,0
switch off the lights in the kitchen kitchen,1
help me me with the directions,1
can you explain that again,1
are you listening listening,1
are are you listening,1
could you lower the volume volume,1
hey hey robot what what like is the time,1
this reminds me me of something funny,0
okay see you you around,0
remind me to call mom,1
i need need your help uh here,1
set an uh alarm for 7 am,1
could you like you lower the volume volume,1
see see you next uh time,0
we should leave soon soon,0
let’s get lunch lunch together,0
could you lower the volume,1
she said said you were late,0
okay see you like around,0
turn on the uh lights,1
remind like me to call mom mom,1
she said you you were late,0
turn on the ac,1
i need your your help here here,1
are you listening listening,1
that's that's what she said um said,0
robot robot stop,1
call call me when like when you reach,0
i need need your help here,1
take take a note please,1
so what what what do you all all think,0
my phone battery is dying,0
we we should leave soon,0
did you hear that that,0
are you listening,1
can you take a picture,1
translate translate this this to spanish,1
we should leave soon,0
it’s great talking to you,0
robot show me the the way way,1
could could uh could you please repeat that,1
this reminds me of something funny,0
uh thank you all for being here,0
my phone battery is dying,0
i i need need your help like help here,1
i need your help here here,1
uh you know it was raining yesterday,0
open the window for me,1
help me with the directions,1
translate this to spanish,1
okay see you around,0
take a like note please please,1
this uh reminds me uh of something something funny,0
thanks everyone for uh coming,0
can um you help me with this this this,1
are you listening,1
can you take take a picture,1
we should leave leave soon,0
could could you you please uh please repeat that,1
call me me when when you you reach,0
thanks everyone for coming coming,0
let’s get lunch lunch together,0
thank you all for being here,0
robot stop,1
open open uh the window for me me me,1
i i am going um going to the store now,0
stop the music,1
remind me to call mom,1
tell me a joke,1
my phone battery battery is dying,0
thanks everyone everyone for coming,0
hey assistant play play some music,1
could you lower the volume,1
can you explain that that again,1
remind me to call mom,1
could you lower the the volume volume,1
i’ll talk to uh you tomorrow tomorrow,0
you you know know it was raining yesterday,0
like could you lower the volume,1
good morning everyone,0
start the fan now,1
good good morning everyone,0
are you listening,1
i’ll i’ll talk to you tomorrow,0
set an alarm for for 7 am,1
like this reminds reminds me of of something um funny,0
it’s it’s great talking talking to you,0
are you listening listening,1
i i was was telling you about the um plan,0
can um you take a uh a picture,1
turn on the lights,1
let’s get lunch together,0
help um me with the directions,1
thanks everyone for coming,0
robot stop stop,1
call me when you you reach like reach,0
are you you listening,1
what um what are you doing doing this weekend,0
so what do you all uh think,0
see you next time time,0
thanks everyone everyone uh everyone for coming,0
tell me a joke,1
call me when you reach,0
i’ll talk to you tomorrow tomorrow,0
start the the fan fan now,1
take a note note please,1
thank you you all for being here,0
i i need your your help here,1
hey robot robot what is the time,1
this reminds me of something funny,0
turn turn uh on the lights,1
okay see you around,0
okay okay see you um around,0
it’s been a long day day,0
good morning everyone,0
thanks everyone for coming coming,0
set an alarm for 7 7 am,1
i’ll talk to to like you tomorrow,0
what can can you do,1
it’s been a a long day,0
are you listening,1
switch off the lights in the kitchen,1
call me when when you reach,0
my phone battery battery battery is is dying,0
thank you all for for um being here,0
open open the window for me,1
can you help me me with with this,1
did you hear that uh that,0
it’s great talking to you,0
tell me a a joke,1
turn on the ac ac,1
what what are you you doing this weekend,0
i really love love this weather,0
translate this to spanish,1
like turn on the lights,1
we should leave soon,0
hey like hey robot what is the time,1
i need need your help here here,1
thank you all for being being here,0
my phone phone battery is is dying dying,0
uh robot stop,1
can can you help me with with with this,1
help help me me with the directions,1
see you next time,0
i i was telling you about the plan,0
that's what she said,0
hey robot what what is is is the time um time,1
take a a um note please please,1
can you help me with this,1
robot stop,1
my phone battery is dying,0
hey like robot what what is the the time time,1
we we we should leave soon,0
what can can you do,1
are you listening listening,1
set an alarm for 7 am,1
can you you explain that again,1
open the window for me,1
tell me a a joke,1
what what can you do,1
thank you all for being being here,0
start the fan fan now,1
like do you want to join us later,0
it’s great talking to you,0
let’s let’s get lunch together,0
turn on the um ac,1
can you take a picture,1
can you explain that that again,1
set an alarm for 7 am,1
thank you you you all all for being here,0
help me with with the directions,1
thank you all for being being being here here,0
help me with the like directions,1
see you next time time time,0
i was telling you about the plan,0
she said you were late late,0
let’s get lunch lunch together,0
turn on the the lights,1
could could you please please repeat that,1
start the fan now,1
open the window for me,1
thank thank you all all for being here,0
tell me a joke,1
i’ll talk to you you tomorrow,0
what are you doing this weekend weekend,0
you um you know know it was raining yesterday,0
my my my phone battery is dying,0
um can you help me with this,1
start the fan now,1
uh it’s great great talking to you,0
my phone battery is like dying,0
like she said you uh were late,0
it’s great talking to to you,0
my um phone like battery is dying dying,0
could you you please repeat that,1
this reminds me of something funny,0
can can you help me with this,1
okay see see you around around around,0
translate translate translate this to spanish spanish,1
you know it was raining yesterday yesterday,0
we should leave soon,0
uh did you hear that,0
um so what do you all think think,0
um take a note note please please,1
turn on the the lights,1
can uh you help me with this,1
i i need your help help here,1
robot stop,1
start like the fan now,1
can you take a picture,1
she said you you were late,0
let’s let’s get lunch um together,0
you know it it was raining yesterday,0
it’s great great talking to you,0
turn turn on uh the lights lights,1
so what do uh you all think think,0
so like what do you like all think,0
like that's what what she said,0
that's what what she said,0
turn on the lights,1
good good like morning everyone,0
we we should should leave soon,0
i really love this weather,0
okay see you around,0
i i really love love this weather,0
thank you you all um for being here,0
okay see see you around,0
i need your your help here,1
robot stop,1
remind me to call uh mom,1
i am going going to the the store now um now,0
i need your help here here,1
let’s get lunch like together,0
did you hear hear hear that,0
what what are you doing doing this weekend weekend,0
she said you you were late late,0
okay see see you you around,0
open the window for me,1
good good good morning everyone,0
she said you were late,0
we should leave leave uh leave soon soon,0
i i was telling you about about like the plan,0
can like you take a picture,1
what are you doing doing this weekend,0
do you want to join us later later,0
hey robot what is the time,1
okay see see you around,0
can you take a a picture,1
it’s great talking to you,0
what can you do,1
it’s great talking to to you you,0
could you lower the volume volume,1
so what do you all think think,0
turn turn on the ac,1
can you take a picture picture picture,1
are you listening,1
i really love this weather,0
can you help help me with this,1
did you hear that,0
i i really love this this weather,0
good morning everyone,0
let’s get lunch lunch together,0
could you please repeat that,1
turn on the the lights,1
she said you were late,0
stop stop uh the music music,1
she said you you were late,0
uh you know it was raining yesterday yesterday,0
robot stop,1
you know it was raining yesterday,0
can you help me with this,1
thanks everyone for coming,0
what can you do,1
robot show me the way way,1
i was telling you about the plan,0
did you hear that,0
can you explain that again,1
i am am going to the store now,0
translate this to spanish,1
my phone battery battery battery is is dying dying,0
my phone phone battery is dying,0
remind me to call call mom,1
remind me to to call call mom,1
i i am going going to the store now,0
my phone phone battery is dying,0
take a note please,1
can you explain that again,1
turn on on the lights,1
i’ll talk talk to you tomorrow tomorrow,0
you know it was was raining raining yesterday yesterday,0
i need your help here,1
we we should leave soon soon,0
this reminds me of something funny funny funny,0
are are you listening,1
start the fan now,1
i like i was telling you you about the plan,0
translate translate this to spanish,1
hey assistant play uh some music,1
turn turn on the lights,1
switch off the lights in the kitchen,1
stop the music,1
i really love this weather weather,0
let’s get lunch together together,0
could you please repeat that,1
translate this this to like spanish,1
you know it was raining yesterday,0
thank you all all for for being here,0
i really love this weather,0
thank you all for being here,0
like robot show me the way,1
i was telling telling you about the the plan,0
did did you you you hear that,0
it’s it’s great talking to you,0
hey assistant assistant play some music,1
switch off off the lights in the kitchen kitchen,1
could you you lower the the volume,1
are like are you listening,1
do do you want to to join join us later,0
hey assistant play um play some music music,1
let’s get lunch lunch together,0
can you help me with with this,1
i am going going to the store store now,0
remind me to call call mom mom,1
hey assistant play play some music music,1
thanks everyone everyone for coming,0
it’s great talking to you,0
remind me to call mom,1
robot show show me the way,1
what can you do,1
turn on the lights,1
switch off the lights like in the kitchen,1
it’s been a long day,0
robot robot show me the way,1
turn on the the ac ac,1
thank you all for being here,0
i am going to to to the store now,0
let’s get get lunch together,0
i’ll talk to you tomorrow,0
see uh you next um time,0
um that's what she said,0
it’s been a long day,0
start the the fan now,1
did you hear hear that,0
it’s great talking um to um you,0
translate translate translate this this to spanish,1
take a note note please,1
could you you um please repeat that,1
my phone battery is dying,0
can you explain that again,1
tell me a joke joke,1
i’ll talk to you tomorrow,0
i i was telling you about the like plan,0
uh are you you uh listening,1
thanks everyone for coming,0
could um you lower the the volume,1
okay see you you around,0
i was telling telling you about the plan,0
that's what she said said,0
thanks everyone for coming,0
turn on the ac,1
it’s it’s been been a long day,0
i am going going to the store now now,0
thanks everyone everyone for uh for coming coming,0
do you you want to join join us us later,0
help me with the the directions,1
switch switch off off the lights lights in the kitchen,1
see you next time,0
it’s great talking to you,0
start the fan fan now,1
call call me when uh you reach,0
can you help me me with with this,1
it’s it’s been a long day,0
help me me with the uh directions,1
it’s it’s great talking to you,0
uh turn on like on um the lights,1
can you help me with this,1
thank you all for being being here,0
hey hey robot what is the time,1
call call me me when you um reach,0
my phone battery is dying,0
good good morning everyone,0
see you next time time,0
can can you take a a picture,1
thanks everyone for coming coming,0
we we we should leave soon soon,0
take a note please please,1
good morning everyone everyone,0
tell me a joke,1
um can you help me with this,1
my my phone battery is dying dying,0
let’s let’s get lunch together,0
thank you um all for for being here,0
okay okay see you uh around,0
that's what she said,0
what can you do,1
i um i uh need your help here here,1
it’s great talking to you,0
it’s great great talking talking to to you,0
my phone battery is dying,0
uh i am going to to like the store now,0
that's what she said,0
could could you please repeat repeat that,1
i am going going to the like store now,0
okay see you around,0
switch switch off the lights in the kitchen,1
what are are you like doing this uh weekend,0
start the fan now,1
let’s get lunch together,0
thanks everyone for coming,0
uh can you take a a picture,1
could you please please repeat that,1
i really love this weather,0
could you lower the volume volume,1
help me with the the the directions,1
hey hey robot what what is the time,1
thanks everyone for coming coming,0
so so what what do you all think,0
good morning everyone,0
can can you you uh help me with this,1
did you hear that,0
let’s get lunch together,0
take a note please please please,1
my phone phone battery is dying dying,0
i i really love this weather,0
turn on the the ac ac,1
so what do do you all think think,0
what can can you do,1
hey assistant play play some music,1
set an alarm for 7 am am,1
hey robot what is the time time,1
this reminds me of something funny,0
uh translate this to spanish,1
translate translate this to to spanish,1
my phone battery is dying,0
uh can you help me me with with this,1
set an alarm for 7 am,1
could could you lower the volume,1
did you hear hear hear that,0
so so what what do you all think um think,0
you know it uh was raining yesterday,0
open the window for me,1
see see you next time,0
take a note please,1
do do you you want to join us later later,0
translate this to like to spanish,1
take a note please please,1
what can you you do do,1
can you take take a picture,1
tell um me a a joke,1
i i need your help help here,1
remind remind me me to call mom,1
i need your help here,1
did you hear hear that that,0
this this reminds me me of something funny,0
i i was telling you you about the the plan,0
turn on the the lights,1
remind me to call call mom,1
so what do do you you all think,0
my phone battery battery is dying dying,0
i was telling you about the plan,0
what what are you doing this weekend weekend,0
she said you were were late,0
can you help me um with this,1
thanks everyone for coming,0
she said you were were uh late,0
hey robot what is the time um time,1
turn on the ac ac,1
translate this to spanish spanish,1
hey assistant play play some some music,1
do do you want to join us later,0
switch off the lights in the kitchen,1
uh what are are are you doing doing this weekend,0
that's like what she said,0
remind me to to call mom uh mom,1
stop the music,1
help me with with with the directions,1
translate translate this to spanish,1
like hey robot what is the the time,1
turn turn uh on the the ac,1
what are you you doing this weekend,0
robot stop,1
did you hear that,0
hey assistant play some music,1
i really love this like weather,0
can like you explain that again,1
set like an alarm for 7 am,1
can can can you help me me with this this,1
it’s been a long day day,0
robot robot show show me me the way,1
take a like note please,1
help me with the directions,1
thanks um everyone like for coming,0
what can you do,1
i really love love um this weather,0
like do you want to join us later,0
tell me a joke,1
you know it was raining yesterday,0
see you next time,0
take a a note note please,1
um robot show me the way,1
okay see you around,0
open the the window for me,1
what are you doing this weekend,0
let’s get lunch together,0
take take a note please,1
switch switch like off the lights lights in the kitchen,1
we should leave soon,0
it’s been a long day,0
okay see you you around,0
i really really um love um this weather,0
what what can you um do,1
this reminds me of something funny,0
okay okay see see you around,0
that's what she said,0
do you want to join join us later,0
so what do do you all all think,0
remind me to call call mom,1
like could you lower the the volume,1
start start the fan now,1
we should like leave soon,0
call call me when you reach,0
hey assistant play some music music,1
like hey assistant assistant play some music,1
remind me to call mom,1
it’s been a long day,0
turn on on the the ac,1
this reminds me me of of something funny funny,0
i need um your help here,1
stop the music,1
you uh know it was was raining raining yesterday,0
i am going to the store now,0
my phone battery is dying,0
this reminds me of something funny,0
can you take take a picture,1
do you you want to join us later,0
can can you explain that again,1
we should should leave leave soon,0
like i’ll talk to you tomorrow,0
could you you lower lower the volume,1
start the fan fan now,1
take a note please,1
it’s great talking um to you,0
we should leave soon,0
did you hear that,0
i need your help help uh here,1
robot show me the way,1
uh can you take a a picture picture picture,1
can you help me with this this,1
are you listening,1
help me with with the directions,1
thank thank you all for being here,0
could you please repeat that,1
robot stop,1
it’s great talking to you uh you,0
do do you want to join us um later,0
um she said you were late,0
i need your help here here,1
set set an alarm for 7 am,1
set like an alarm for 7 am,1
translate this to to spanish,1
hey robot what is the time,1
thank thank you you all for being being here here,0
could you lower the volume,1
can you explain that like again,1
open the window for me,1
okay okay see you around,0
help me me with the directions,1
could could you lower the volume,1
i really love this weather,0
thank you all for being here,0
i i need need your your help here here,1
you know it was raining yesterday,0
could you please repeat that,1
translate this to spanish,1
tell me a joke,1
you know it was raining yesterday,0
my phone battery is dying,0
you know know it was raining raining yesterday,0
good morning morning everyone everyone,0
i need need your uh help here,1
do you you want to join us later later,0
thanks everyone for coming coming,0
see you next time,0
can you take uh a picture,1
uh can you you explain that like again,1
it’s it’s great talking talking to you,0
translate this to spanish,1
good morning everyone,0
did you hear that that,0
what can you you do,1
thanks everyone for coming,0
what can you do do,1
she said you you were were were late,0
robot stop,1
uh you know it was raining yesterday,0
that's what what she said,0
good morning morning everyone,0
help uh me with the directions,1
i was telling you about the plan,0
what are you doing this weekend,0
robot stop,1
good good morning everyone,0
what can you do,1
i was telling um telling you um about the plan plan,0
i was telling telling you about the plan plan,0
tell me me me a a joke,1
you know know it was raining raining yesterday yesterday,0
stop the music,1
she said you were late,0
i am going to to the the store now,0
robot robot robot show me the way,1
can can you help me with with this,1
let’s get get get lunch together,0
thank thank like you all for being here,0
like remind um me to call mom,1
set an alarm alarm for for 7 am,1
see you next time,0
turn on the lights,1
help like help me with the directions directions,1
it’s great great um talking to you,0
i’ll talk to you tomorrow,0
stop the the music music,1
robot show me me the the way,1
could you please please repeat that,1
okay see you around,0
okay see you around,0
tell me me a joke,1
take a note please please,1
uh i need your help here,1
what can you do,1
i really love this this weather,0
thank you all for for being uh here,0
i am going to to the store now now,0
uh i really really love this weather,0
help me with the um directions,1
we uh should leave soon,0
she said you were late,0
good morning everyone,0
robot show me the the way,1
stop stop the the music,1
translate this um to spanish,1
i really love this weather,0
let’s let’s get get lunch together,0
stop the um music,1
stop um the music,1
tell me a joke,1
hey robot what is is the time,1
she said you were late,0
did you you hear hear that,0
open open the window uh for me,1
what can you do,1
tell me me a joke,1
take take a note please please,1
translate this to spanish,1
thank you um all for being here here,0
my phone um battery is dying,0
hey assistant play some music,1
i i need your your help here,1
i i was telling you about the plan,0
translate this to spanish,1
translate translate like this to spanish,1
translate this to spanish,1
take a note please,1
can you take a a picture,1
can can you you explain that again,1
let’s um get lunch together,0
are you listening,1
are you listening listening,1
do do you you want to join us later,0
that's what she said said,0
could you please repeat that,1
i i was was telling like you about the plan,0
turn on the ac,1
are you listening,1
let’s get lunch together,0
it’s great great talking to you you,0
like she said you were late,0
can you help me me with this,1
can you you explain that again,1
take a note uh please,1
let’s let’s get lunch lunch together together,0
okay see see you you around,0
open the window for me,1
thanks everyone everyone for coming,0
i really really love this weather,0
can uh you take a picture,1
are you listening,1
good morning morning everyone,0
i’ll talk to to to you tomorrow tomorrow,0
like translate this to spanish,1
do do you want to to join us later,0
robot stop,1
could you you please repeat that that,1
are you listening,1
we should leave soon,0
okay see you around around,0
stop the music,1
could could you please repeat repeat that,1
start the fan now,1
turn on the ac,1
you know it was was raining yesterday,0
like that's what what she said,0
did you hear hear that,0
remind me to to call call mom,1
i really love this weather,0
what are you doing doing this weekend weekend,0
this reminds reminds reminds me of something something like funny,0
can you take a picture,1
did you um hear that,0
could you you lower the volume,1
she said you were late,0
translate this to spanish,1
hey assistant play some music,1
see you you next time,0
let’s get lunch together,0
robot show me the way way,1
remind me to to call mom mom mom,1
thank you all for being here here,0
what are you doing this like weekend,0
thank you all for being here here,0
stop the the music music,1
my phone battery is is dying,0
turn on the lights lights,1
she said you you you were late,0
uh turn on the the ac,1
what are you doing this weekend,0
let’s get lunch together,0
robot show me me the way,1
she said said you were late,0
you know it was raining raining yesterday yesterday,0
turn on the ac,1
okay see you around around,0
turn on the ac,1
my phone battery battery is dying like dying,0
this this this reminds me me me of something something funny,0
can you take take a picture,1
see you next time,0
can you explain that that again,1
robot robot show me me the way,1
robot show show me the the way way,1
what are you you doing this weekend,0
good morning everyone,0
what can you do,1
that's what um she said said,0
okay okay see you around around,0
set an an alarm alarm for uh 7 am,1
it’s it’s been a a long day,0
open open the window for me,1
do you want to join us later later,0
turn on the the lights,1
can you take a picture,1
start uh the fan now,1
i was telling you you about the plan,0
we should leave soon soon,0
open open um the window for me,1
do you want to join join us later later later,0
okay see you around,0
could you you please repeat that,1
that's what she said,0
robot stop stop,1
open open open the window for me,1
like i really love this weather,0
see see you next time time,0
can you explain explain that again,1
robot robot stop,1
can you explain that again,1
turn on the ac,1
so so what what do you all think,0
i i i am going to the store store now now,0
stop the music,1
like i’ll talk talk to you tomorrow,0
we should should leave leave soon soon,0
okay see you around,0
can you help me me with this,1
um robot stop,1
this reminds me of something funny,0
could you please repeat that,1
call me when you uh reach,0
set an alarm for 7 am,1
let’s get lunch together,0
translate this to spanish,1
translate translate this to spanish,1
good morning morning everyone,0
can you help me me with this,1
this reminds me of something funny funny,0
um we should leave soon,0
that's that's what she said said,0
are you listening,1
she said said you were were late late,0
this this reminds reminds me of something like funny,0
hey robot what is the time time,1
are you listening,1
tell me a joke,1
remind me to call mom,1
uh this reminds me of of something funny,0
can can you take a like picture,1
tell me me me a joke,1
turn on the ac ac,1
did you you hear hear that,0
this this reminds me of something funny,0
turn on on the lights,1
tell me me me a joke,1
good morning like everyone,0
you know it was raining yesterday yesterday,0
let’s let’s get lunch together,0
let’s let’s get lunch together,0
okay see you around,0
take take a note note please,1
open the like the window for me,1
i was uh telling you about about the plan,0
that's what what she said said,0
could could you please repeat that,1
i i really love uh this weather weather weather,0
she said you were late late,0
start the fan now,1
robot show me the the way,1
she said you were late,0
take a note please please,1
robot stop,1
help help me with the the um directions,1
open the window for me,1
did you hear that,0
this reminds me me of of something funny,0
hey robot what what is the time,1
thank you you all for being here,0
it’s been been a long day,0
it’s great talking to you,0
hey hey assistant play some music music,1
did you hear that,0
that's what um she said,0
she said you were late um late,0
can you take a picture,1
my phone battery is dying dying,0
can you help me with with this,1
that's what she said,0
see you next time,0
hey hey robot what is the time,1
i i really love love this weather weather,0
this reminds me of something something funny,0
that's that's what she she said,0
my phone battery is dying,0
it’s uh been a long day,0
are are you listening,1
robot show me the way,1
i was telling telling telling you you about the plan,0
see you next time,0
switch off the lights in the the kitchen,1
i was telling you you about the plan,0
do you want to join join us later,0
could you please please repeat that like that,1
we we should leave soon soon,0
i am am going to the store now,0
what are you doing doing this weekend weekend,0
my phone battery is dying,0
what can you do do,1
it’s been a long day,0
help me me with the uh directions,1
take take a note please,1
i was telling telling you about the plan,0
stop stop the music,1
hey assistant play some some some music,1
can you take a picture,1
start start the fan fan now now,1
turn like on the lights,1
did you hear that,0
so so what what do do you all think think,0
that's uh what she she said,0
turn on the ac,1
can can you you take a picture,1
this reminds me of something funny funny,0
turn turn on the ac,1
so what do you you all think think,0
remind remind me me to call mom,1
do you uh want to uh join us later,0
open um the window for me me,1
my phone battery is dying,0
so what do you all all think think think,0
this reminds reminds like me of something funny,0
you know it was raining yesterday,0
so what do do you all think,0
call me when you you reach,0
could could you please repeat that that,1
do you want to join us later,0
could could you you lower lower the volume,1
robot stop stop,1
stop the the music,1
we should leave soon soon soon,0
hey hey assistant play some music music,1
i’ll i’ll uh talk to you tomorrow,0
hey assistant play some music,1
she uh said you were were late,0
hey hey robot what is the time,1
tell me a a um joke,1
robot show me me me the way way,1
it’s it’s been a long long day,0
hey robot what is the time uh time,1
she said you were were late,0
do you want like to join join us later,0
i really love this weather,0
so what do you you you all like think,0
switch off the lights in in the kitchen,1
call call me when you reach,0
can you help me with this,1
tell me me a joke,1
tell tell me a joke um joke,1
um could you please please repeat that,1
what can can you do,1
did you you hear that,0
this reminds reminds me me of something funny,0
start the fan now,1
hey robot robot what is um the time,1
take a note note please please,1
start um the fan now,1
okay see you you around,0
can you you explain that again,1
this like reminds me me of something funny,0
thanks everyone um for coming coming,0
tell tell me a joke,1
you like know it was was raining yesterday,0
translate this to spanish,1
could you lower the volume,1
um are you listening,1
hey uh assistant play some music,1
she said you you were were late late,0
translate this to spanish,1
okay see you you uh around,0
do do you uh want to join us later,0
can you take take a a picture,1
we should leave soon soon,0
can you help help me me with this,1
so what do you all all all think,0
can you explain that that that again,1
are you listening,1
i need your help here,1
remind me to call mom,1
can can you take a picture,1
can you you take a picture,1
i am am um going to the store now like now,0
this reminds reminds me of something funny,0
um switch off the lights lights in the kitchen,1
can you you take a picture,1
it’s been a a long long day,0
what what are you doing this weekend uh weekend,0
i am going to the store now now,0
translate this to spanish,1
do you want want um to join join us later later,0
help help me with the like directions,1
help like me with the directions directions,1
translate this this to like to spanish,1
robot stop,1
what are you doing this weekend,0
i i am going to the store now,0
this reminds me of um something funny,0
start the fan now,1
um we should leave leave um soon,0
are are you listening,1
take a a note note please,1
thank you all for uh being here,0
i am going uh to the store now now,0
let’s let’s get lunch together,0
do do you you want to join us later,0
what can you you do,1
start the fan now,1
i am going going to the store now now,0
help me with the directions,1
turn on the ac,1
she said you you were late,0
are you listening listening,1
so what do you all all think,0
help help me me with the the directions,1
okay see see you around,0
i really love this weather,0
hey robot what what um is the time,1
turn on the lights lights,1
stop the the music,1
could you you you please repeat that that,1
okay see see see you around around,0
robot stop,1
i really love this this weather,0
thank you all for being here,0
this reminds me of of something funny funny,0
we uh should leave soon,0
this reminds reminds me me of something funny,0
you you know it was raining yesterday,0
could you lower lower the volume,1
stop the music,1
start start the fan now,1
help me me with with like the directions,1
remind me to to call mom,1
switch um switch off off the lights in the kitchen,1
could could you lower the um the volume volume,1
could you uh please repeat that,1
set an an alarm for 7 am,1
so so what do you all think,0
start start the fan now,1
could you please repeat that,1
my phone battery battery is dying,0
i i really really love this uh weather,0
stop the music,1
help me with the directions,1
can you help help me with this,1
take a note please,1
it’s like great talking talking to to you,0
let’s get lunch together,0
what can you uh you do,1
robot show me the way,1
can you you you help me with this,1
can you take a picture,1
okay see you around,0
i uh need your help here,1
start the the fan now now,1
so what do do you you all think,0
we should leave leave soon soon,0
remind remind me to call mom mom,1
robot like stop,1
good morning everyone,0
good morning everyone uh everyone,0
switch off the lights in the kitchen,1
my phone battery is dying,0
do do you want to join us later,0
robot stop stop,1
i’ll i’ll talk to you tomorrow tomorrow,0
turn uh on the ac ac,1
call me when you reach,0
what what can can you do do,1
my phone battery uh is dying,0
robot stop,1
my phone battery is dying,0
like do um you want to join us us later,0
what what can you do,1
my phone battery battery is dying,0
let’s let’s get lunch together,0
call me when you you reach,0
can can you take a picture,1
can you you take take take a picture,1
do you want to to join us us later,0
did you hear that,0
so what do you all think,0
start the the fan now,1
thanks everyone for coming,0
switch switch off the the the lights in the kitchen,1
can you you help help me with with this,1
remind remind me to call mom,1
robot stop,1
hey robot what is the time,1
you like know it um it was raining yesterday yesterday,0
we should leave soon soon,0
my phone battery battery is dying,0
can you take a picture picture,1
uh i was telling you about about the plan,0
can you help me with with this,1
turn turn on the lights lights,1
thank you all for being here,0
start uh start the fan fan now now,1
are are you listening,1
robot robot show me the way,1
i was telling you about the plan,0
what are are are uh you doing this weekend weekend,0
could you lower the volume,1
good good morning everyone,0
start the fan now now,1
start the fan now,1
i am am going to the store now now,0
um you know it was was raining yesterday,0
it’s been a long day,0
could you please repeat that,1
i need your help here,1
do you want to join us later later,0
tell me um me a joke,1
hey robot what is uh the time,1
take a note please,1
that's that's what what she said,0
my my uh phone battery uh battery is dying dying,0
i’ll talk talk to you you tomorrow,0
could you you you please please repeat that that,1
could could you lower the volume,1
it’s it’s great great talking to to you,0
robot stop stop,1
hey robot what is the time,1
what are you doing this this weekend,0
can you you explain like explain uh that like again,1
good morning everyone,0
turn on the the lights,1
i was telling you about the plan,0
you know it was raining raining yesterday yesterday,0
thanks everyone everyone for for coming,0
you like know it it was raining yesterday,0
could you you please repeat that,1
it’s been been a a long day,0
so what do do you all think,0
tell me a like a joke joke,1
it’s great great talking to you,0
it’s great talking to to you,0
thanks thanks everyone for for coming,0
we we should leave soon,0
can you explain that that again,1
what can you do,1
it’s great talking um to you,0
switch switch off the lights in in the kitchen kitchen,1
uh did um you hear that,0
are you listening listening,1
translate this to spanish spanish,1
i’ll talk to to you you tomorrow,0
like did you hear that,0
let’s get lunch together,0
set an alarm for uh 7 am,1
set an alarm for 7 am am,1
what can you do,1
let’s let’s get lunch together,0
this reminds me of something funny,0
my phone battery is dying,0
turn on the ac,1
i am am going going to the store store now,0
start the the fan um now,1
tell me me a joke,1
translate this to to spanish,1
i i was was telling you uh about the plan,0
can uh you help help me with with this,1
did you you hear that,0
i i i was uh telling you you about the the plan,0
see you next time,0
i’ll talk to to you tomorrow,0
i am going to to the the store store now,0
can you like help me with this,1
remind me to call mom mom,1
tell me me a a um joke,1
turn on the the ac,1
what are you doing this weekend,0
um what are you doing this weekend,0
thanks everyone for coming,0
it’s been been a a long day,0
see you you next time,0
what are you doing this weekend,0
turn on the lights,1
it’s great talking to you,0
stop the music,1
switch off the lights in the kitchen,1
start the fan fan now now,1
help me me with the directions directions,1
let’s get uh lunch together,0
i need your help here,1
see you next time,0
it’s it’s great like talking to you,0
so what do do you you you all all think,0
could you please uh please repeat that,1
open the window for for me,1
start the fan now,1
help me me with the directions,1
it’s it’s been um a long day day,0
good morning everyone,0
hey assistant play some um some like music,1
could you please repeat that,1
hey assistant play some music,1
thanks everyone for coming,0
what are you doing this weekend,0
turn turn on the lights,1
we should should leave soon,0
good morning everyone,0
tell tell me a joke,1
you you know it was raining yesterday,0
um take a note please,1
did um you hear that,0
you know it was raining raining yesterday,0
what can you do,1
can you uh take a picture,1
could could you lower the volume,1
so what do you all think,0
i need your uh your help help here,1
could you lower the volume,1
what can can you do,1
this reminds me of something funny,0
robot show show me the way,1
see see you next time,0
can you explain that that again again,1
are you like listening,1
can you help me with this,1
so what do you all all think,0
can you help me with this,1
start the fan now,1
are are you listening,1
thanks everyone for coming,0
we we should leave soon,0
did you hear that,0
hey robot robot what is the time,1
we should should leave soon,0
it’s been um a long day,0
um you know know it was raining yesterday,0
i’ll talk to to you tomorrow um tomorrow,0
thanks everyone everyone for coming coming,0
she said you you like were uh late,0
thank you all for being here,0
it’s great talking to you,0
turn turn on on like the ac,1
hey assistant play some music,1
open open the the window for for me,1
she said you were late,0
robot robot stop,1
hey robot what is is is the time,1
robot show me the way,1
turn on the lights,1
start the the the fan now,1
call call me when you reach,0
i’ll talk to you you tomorrow,0
translate translate this to spanish spanish,1
could you please repeat like that,1
tell tell me uh a joke,1
do like you want to join us later,0
see you next time,0
i’ll talk to you tomorrow,0
are you you listening like listening,1
this reminds me of something something something funny,0
remind me to um call mom,1
thanks thanks everyone for coming,0
so like what do you all think,0
open the window window for like me,1
set an uh alarm for 7 am,1
remind me to call mom,1
turn turn on the ac,1
can you you take a picture,1
do do you uh want to join us later later,0
set an like alarm for 7 am,1
turn on on the lights,1
hey hey assistant play some some music,1
what can you do,1
start the fan now,1
could you lower the the volume,1
robot stop uh stop,1
turn on the lights,1
can can you explain um that again again,1
what like are you doing this uh weekend,0
i i was telling you about the plan,0
do you want to join us later,0
so so um what do you all think,0
let’s get lunch lunch together,0
she said said you you were late,0
see like see you next time,0
like set an alarm for 7 am,1
you uh you know know it was uh was raining raining yesterday,0
thank you all for being here,0
start the like fan now,1
so what do you all all think,0
it’s been a long day,0
that's what she said,0
could you lower the the volume,1
robot um show me the way,1
see see you next time,0
i am am going to the store now,0
that's what she said said,0
tell tell me a joke,1
hey assistant play play some music,1
so what do do you all think,0
open open the window for me,1
hey robot what is the time,1
can you take a picture,1
robot show me the the way,1
i i need your help here,1
this reminds reminds me me of something funny,0
so what do do you all think,0
translate this to spanish,1
can you explain that again,1
robot stop,1
open the window for me,1
you um know it was uh raining yesterday,0
thanks everyone everyone for coming coming,0
do you want to join join us later later,0
switch off the lights in the kitchen,1
so what do you all uh think,0
i need need your help here,1
do you want to join us later,0
turn on the ac,1
stop the music music,1
what are um you doing uh this weekend,0
uh call me me when when you reach reach,0
call me when you reach,0
she said you were late,0
hey robot what is the time,1
i i need your your your help here,1
did you hear that,0
good morning everyone,0
you know it was raining yesterday,0
do do you you want to join us later,0
what can you do,1
turn on the ac ac,1
i am going to the the store now,0
good like morning like everyone,0
i i need your your help uh here,1
can you you help me with this,1
like can you take a picture picture,1
are are you you listening,1
what what are you you doing this weekend,0
i was telling you about the plan,0
it’s been a long day,0
see um you next time time,0
i really love this weather,0
switch off the lights in the kitchen,1
see you next time time,0
turn on the ac,1
see you next next time,0
i i need your help here,1
it’s great talking um to you,0
thank you you um all for being here um here,0
are you listening,1
i’ll talk talk to you tomorrow,0
turn on the the ac,1
see you next time,0
call me when you you reach,0
this reminds me of something funny,0
could you please repeat repeat that,1
good morning everyone everyone,0
she said you were late,0
my phone battery is dying,0
thanks everyone for for for coming,0
we should should leave soon,0
what are you doing doing this weekend,0
i am going going to the store now,0
translate this to spanish,1
you know it was raining yesterday,0
thank you you like all for being here,0
so so what do you you all think,0
she said you were late,0
did did did you hear that that,0
we like should leave soon,0
thank you all for being here,0
i really really love this weather,0
see you next next time,0
hey hey robot what what is the time time,1
it’s great talking to you,0
you know it it was raining raining yesterday yesterday,0
can you help um help me me with this this,1
switch switch off the lights in in the kitchen,1
set an alarm alarm for 7 am,1
it’s great talking to to you,0
switch off the lights lights in the kitchen,1
uh do you you want to to join us us later,0
that's what she said,0
tell me me a joke,1
robot show me me the the way like way,1
what can like you do,1
what are you doing this weekend,0
we should leave soon,0
can you help help me with uh this,1
um translate this to spanish,1
turn on the lights,1
i was telling you about the plan,0
i am going to the store now,0
what um can you do,1
see you next time,0
let’s uh get lunch together,0
robot robot stop,1
what can you um do,1
uh do you want to join join us later,0
set an alarm for 7 am,1
i was telling telling you about the like the uh plan,0
my uh phone battery is dying,0
this reminds me me of something funny,0
see you next time,0
call me uh when you um reach,0
stop the music,1
i need your like help here,1
like okay see you around around,0
can um you take a like a picture picture,1
could you lower the volume,1
i i really love love this weather um weather,0
good morning everyone,0
translate this to like spanish,1
i really love this weather,0
this um reminds me of of something funny,0
robot show me me the way,1
that's what she said,0
you know it was raining yesterday,0
you know it was was raining yesterday,0
good morning everyone,0
see you next time,0
um tell me me a joke,1
remind me to call mom,1
okay see you around uh around,0
let’s get like lunch together together,0
help me with the directions directions,1
thank you you all for being being here,0
good good morning everyone,0
okay see you around,0
this reminds me of something funny funny,0
call me when you reach,0
open the window for me,1
turn like on the ac,1
um help me me with with the the directions,1
robot robot robot show me the way,1
it’s it’s been a long day,0
do you you want to join join join us later,0
can you you help me with this,1
stop the music music,1
good morning everyone,0
let’s get get lunch together,0
we should leave soon,0
can you help um me with this this,1
robot show me the way,1
let’s get lunch together,0
set an an alarm for 7 am,1
we should leave soon,0
turn on the ac,1
remind me to call mom,1
i’ll i’ll talk to you tomorrow tomorrow,0
good morning everyone everyone,0
let’s get lunch uh together,0
stop the music,1
it’s great talking to you,0
i need um need your help here here,1
okay see you you around,0
hey assistant play play some music,1
i’ll talk to to you tomorrow,0
let’s let’s get lunch together together,0
i’ll talk to to you tomorrow,0
i really like love this weather,0
call call me me when you reach,0
robot stop stop stop,1
i uh am going to to the store now,0
are you listening,1
okay see you around,0
turn on the ac,1
switch off the lights in the kitchen,1
do you want to join us later,0
do you want to join join us later,0
good morning everyone,0
call call me when when you reach,0
so so what do you all think,0
open the window for me,1
good morning everyone,0
it’s great talking to you you,0
you know it it was raining yesterday,0
so what do you all all think,0
can you help help help me me with this,1
good good morning everyone,0
stop the music music,1
what can you you do,1
start the fan now,1
could you please like please repeat that,1
set an alarm for 7 7 am,1
stop stop the music,1
it’s it’s been a a long day,0
like set an alarm for 7 am,1
robot stop,1
you you know it was raining yesterday,0
open the window for me,1
can you take a a picture,1
can you uh explain that uh that again,1
what what can you do,1
i was like telling you you about about the plan,0
i am going like to the store now now,0
it’s been been a long long day day,0
it’s great like talking to you,0
can you explain that again,1
this reminds reminds me me of of uh something funny,0
i was like telling you about about the plan,0
call me me when when you reach,0
could could you lower the volume,1
you like know it was raining yesterday yesterday,0
i need your help here,1
i need your help here,1
take take a note please,1
i need your your help here,1
what can you do,1
do do you want to join us later,0
robot stop stop,1
set an alarm for 7 am am,1
i was telling you about about the plan,0
translate this this to spanish,1
thanks everyone for coming,0
switch off like the lights in the kitchen,1
see see you you next time,0
help me with the directions,1
my phone battery battery is dying,0
stop the the music,1
it’s great talking to you,0
translate this to spanish,1
like could you you lower the volume,1
robot show me the like way,1
translate this to to spanish,1
we should leave soon soon,0
stop the music,1
thanks like everyone for coming coming,0
did you hear that,0
i i need need your help here,1
robot like show me the the way way,1
start the fan now,1
hey assistant play some music,1
we should leave soon,0
that's what she said,0
i was telling telling you about the plan plan,0
i need need need your your help help here here,1
remind me to call mom,1
stop the music,1
stop stop the music,1
take take a note please,1
i’ll talk to you tomorrow tomorrow,0
it’s been a a long day,0
see see you next time,0
set an alarm for 7 am,1
remind me me uh to call mom,1
can you explain that that again,1
open the window window for me,1
translate this to spanish,1
thank you all for being here,0
i was telling you you about about the like the plan,0
it’s great talking to you,0
tell me a joke,1
robot show me the way way,1
it’s been been a long day,0
thank thank you all for being here,0
um can you take a picture,1
hey robot robot what what is the time,1
it’s it’s been a long day,0
switch off the lights in the kitchen kitchen,1
okay see see you around,0
switch off the lights in the the kitchen,1
can you explain that again,1
could could you you lower the volume,1
i was telling you about the plan,0
do you want to join us later,0
translate translate this to to spanish,1
let’s let’s get lunch lunch together,0
help like help me with the directions,1
good morning everyone,0
can you um explain that again,1
turn on the lights,1
this reminds me of something funny,0
okay see you around around,0
so what do you all think think,0
i’ll talk to you tomorrow,0
uh it’s great talking to uh you,0
good morning everyone,0
turn turn on the lights,1
stop stop the music,1
what uh are you like doing this weekend like weekend,0
take take a note please,1
you you know it was was raining yesterday,0
it’s it’s great talking talking to you,0
stop the the music music,1
can can you help like me with this,1
set an alarm for 7 am,1
i need your help here here,1
it’s been a a long day,0
set uh an alarm for 7 am,1
remind me to call mom,1
so so what do do you all think,0
call call me when when you uh reach,0
call me when you you reach,0
i’ll i’ll talk to to you you tomorrow,0
could you you lower the volume volume,1
could you you you lower the volume,1
good good morning everyone,0
this this reminds me me of something something funny,0
let’s uh get lunch together together,0
um my phone battery is is dying dying,0
good morning everyone,0
um set an alarm for 7 am,1
set an alarm for like for 7 am,1
help me with the the directions,1
take a note please,1
it’s great talking to you you,0
see you next time,0
set an an alarm for 7 am am,1
can you you explain that uh again,1
she said said you were late,0
i’ll talk to to you tomorrow,0
robot like stop,1
i was telling um you about the plan,0
i really love this weather,0
my phone battery is dying,0
open the the window for me,1
what can can you do,1
what what are you doing this weekend weekend,0
help me with the directions,1
thanks everyone for coming um coming,0
we should leave soon,0
i really love this weather weather,0
call call me when you reach,0
can can you you take a uh picture,1
i i was telling uh telling you about the the plan,0
it’s um been a long day,0
are you listening,1
i need need your your help um here,1
like start the fan now now,1
call call me when you reach,0
see you next time,0
this reminds reminds reminds me of something funny,0
did you hear that,0
what are you doing this this weekend,0
um remind me to to call mom,1
start start the fan now now,1
can you take take a picture,1
i i need your help here,1
let’s uh get lunch together,0
i’ll talk to you you tomorrow uh tomorrow,0
translate this to spanish,1
like remind me to call mom,1
what what are you doing doing this weekend weekend,0
this reminds me of something funny,0
let’s get get lunch together,0
my phone battery is is like dying,0
what what can you do,1
so so what what do you all all think,0
stop the music,1
do do you want to to join us later,0
uh i really love uh this weather,0
did you hear hear that,0
it’s great great talking to you,0
so what what do you all think think,0
i was telling telling you about the plan,0
remind me to call mom,1
hey hey assistant play some music,1
call me when you reach,0
open the um window for me,1
i was telling you about the plan plan,0
i need your your help help here here,1
hey robot what is the time,1
are you you listening,1
see you next time,0
my phone battery is is is dying,0
okay like okay see you around,0
start the fan now now,1
translate this to to spanish,1
hey robot what is the time,1
you know it was raining yesterday like yesterday,0
thank you all for being here,0
my phone battery is is dying,0
stop um stop the music,1
set an alarm for 7 am,1
hey assistant play some some music,1
uh this reminds me of something um something funny,0
you know it was raining yesterday,0
it’s great talking to you you,0
do you want to join us later,0
she she said said you were late,0
my uh my phone battery is dying,0
turn turn on the the ac,1
could could you you lower the volume,1
could could could you please repeat that,1
this this reminds me me me of something funny,0
could you lower the volume,1
let’s um get lunch together,0
could you please repeat that like that,1
are you listening,1
robot stop,1
robot show me the the the way,1
what can you do,1
stop the music music,1
she said you were late,0
take a note please,1
thanks everyone for coming,0
did you hear hear that,0
good morning everyone,0
i am uh am going to to the the store now,0
can can you help me with this,1
turn on the ac,1
what what are you doing this weekend weekend,0
okay see you you around,0
open the window window for me,1
thank you you all for for being like here,0
did did you hear that that,0
stop the music,1
could you lower the volume,1
stop the music music,1
see you you next time,0
thank you you all uh for being here,0
this reminds reminds me of of something funny,0
could you you like please repeat that,1
robot show show me the way,1
it’s great talking to you,0
what can can you um do,1
thank thank you all for being here,0
are you you listening listening,1
she said you were late,0
remind me me to call mom,1
can you take a picture,1
can you explain that again again,1
that's what she said,0
help me with the directions,1
uh hey robot what is is the time,1
are you listening,1
i am am going going to the store now,0
switch uh off the the lights in the kitchen kitchen,1
i i really love love this weather,0
it’s been a long day,0
set set an uh alarm for 7 7 am,1
set an alarm for 7 am,1
switch switch uh off the lights in the kitchen,1
robot stop,1
turn on the ac,1
thanks thanks thanks everyone for coming,0
robot stop,1
did you hear hear that,0
i i am going to the store now now,0
turn on on the ac,1
set an an alarm for 7 am am,1
i i am am going to the store now,0
switch off the lights in the kitchen,1
robot stop,1
so what do you all all think,0
it’s been a a long um day,0
could could could you lower the the volume volume,1
okay see see you around,0
translate this this this to spanish,1
thanks thanks everyone for coming coming,0
start uh start the fan now,1
open the window for me,1
good morning everyone everyone,0
i was telling you about the plan,0
call call me when you reach reach,0
switch off the the lights in in in the the kitchen,1
so um what do you you all think,0
remind me to call mom mom,1
i’ll talk to you tomorrow tomorrow,0
okay see you around,0
call me when you you reach,0
what can you do,1
i was telling you about the plan plan,0
tell me me a joke joke,1
do like you uh want to join join us us us later,0
translate translate this to spanish spanish,1
help me with the directions directions,1
okay see see you around,0
switch um switch off the the lights in in the the kitchen,1
okay see you around,0
are you like listening,1
hey assistant play some some music,1
that's that's what she said,0
um thank you all all for for like being um here,0
what what can you do,1
thanks thanks everyone for coming,0
start the fan now now,1
can you explain that again,1
take a note please,1
my phone battery is dying,0
my phone battery is dying,0
it’s great talking to um you,0
can you take a like picture,1
can you you help me with with this this,1
thanks thanks everyone for coming,0
can you take a picture,1
it’s been a long long day day,0
okay see see you around,0
open the window for me,1
did you you hear that,0
you know know it was raining like yesterday,0
tell me a joke,1
good morning everyone,0
so so what do you all think,0
robot stop,1
she said you were late,0
it’s been a a long day day,0
it’s great great talking to you,0
it’s great talking like to you,0
stop the music,1
um open the window for um me,1
stop the music,1
stop stop the music,1
we we should leave soon,0
i i was telling you about the plan,0
let’s let’s get lunch lunch together,0
remind me to call uh mom,1
help like help me me with the the directions,1
so what do you all think think,0
she said you were late late,0
good morning everyone everyone,0
i i was telling you about the plan,0
call me when you reach,0
we should leave soon soon,0
i really love this weather,0
translate this to spanish,1
set an alarm uh for 7 am,1
help help me me with the directions directions,1
remind me me um to call mom mom,1
robot show me the like way,1
can you take a picture,1
good morning everyone,0
uh help me me with the directions,1
she said you you were late,0
so so what what do uh you all think think,0
this reminds me of of of something funny,0
hey assistant assistant play some some music,1
it’s it’s been a long day,0
um take a note please please,1
robot robot robot show me the way,1
good morning um morning everyone,0
translate this this to spanish spanish,1
did you you hear that,0
that's what she said,0
thank you all for being being here,0
are you listening,1
she said you were were late late,0
start the fan now,1
let’s get lunch together together,0
she said you were late,0
thank you you all for being here like here,0
i really um love this weather,0
tell me a a joke,1
are you listening,1
we should um leave soon,0
good um good morning everyone everyone,0
call me me when you reach,0
good morning uh everyone,0
switch off the lights in the kitchen,1
i was telling you about the plan,0
stop the the music,1
open the window for like me,1
help me with the directions,1
so what what do you all think,0
i need your help help here,1
switch off the lights in the kitchen,1
set an an alarm alarm for for for 7 am,1
could you please repeat that,1
what are you doing this um weekend,0
this reminds reminds me of something funny,0
robot stop,1
call me when you reach,0
stop the music,1
can you help me with this this,1
what can you do,1
turn on the ac,1
thank you all for for being here,0
switch off off the the lights in the kitchen,1
that's what she said said,0
let’s get lunch together,0
set an alarm alarm for 7 7 am,1
do you want to uh join us later,0
switch off off the lights lights in in the kitchen,1
hey um robot what is the time,1
um my phone battery is dying,0
good morning everyone,0
it’s been a long day,0
that's what she said,0
okay like okay see you around around,0
what what can you do,1
i really really love this weather,0
help me with the directions,1
hey assistant play play some music,1
thank uh you all for being here,0
you know uh it was raining yesterday yesterday yesterday,0
start like start the the fan fan now,1
it’s been a a long day day,0
i need um your help here here,1
robot stop stop,1
can you you explain like that again,1
can you take a picture picture,1
are are you listening,1
could you please please repeat that,1
do you want want want to join us later,0
hey robot what is is the time time,1
okay see you around around,0
let’s get lunch together,0
stop the music,1
robot show me the way,1
switch switch off the lights in the kitchen,1
stop the music music,1
she said you were were late,0
it’s great talking like talking to you,0
like you know it was raining yesterday yesterday,0
she like she said you were late,0
call me uh when you reach reach,0
stop the the music,1
turn on on the lights,1
stop the music,1
what what are you doing this weekend,0
that's what she like she said,0
what can um can you do,1
do do do you want to to join us us later,0
did did you hear hear that that,0
uh what are you you doing doing this weekend,0
hey assistant play some music,1
so what do you all think think,0
help me with the directions,1
set uh an alarm for 7 am am,1
okay okay okay see see you around,0
i really really really love this weather weather,0
can you help help me with this,1
i need your help here,1
see you you next time time,0
we should leave leave soon,0
turn on on the ac,1
that's what she she she said,0
can you help me with this,1
hey assistant play uh play some uh music,1
open the window window for for me,1
tell tell me a joke,1
uh tell me a a joke,1
remind me to call um mom,1
robot show show me the way way,1
remind me to call mom,1
set an alarm for 7 am,1
i need need your help help here,1
turn on the lights,1
can can you help me me with this this,1
what can you you do,1
my my phone phone battery is um dying,0
see see you next next time,0
it’s great like talking to to you,0
are are you listening listening,1
call me when you reach,0
um thank you all for for being here,0
remind me to call mom mom,1
uh do you you want want to uh to join us us later,0
see you next time,0
okay okay see see you around,0
take a note note please,1
this reminds me me me of something funny,0
we should leave soon,0
my my phone battery battery battery is dying,0
turn on the lights,1
take a a note note please,1
help me with the directions,1
are are you listening,1
can can you take a picture,1
stop the music,1
i was like telling you you about the plan,0
do do uh you want to join us later later,0
that's what she said,0
tell me me a a joke,1
call me when you you reach,0
translate this to spanish,1
do you want to to to join us later,0
set an alarm alarm for 7 7 am,1
robot robot show show me the way,1
could could you lower like the volume,1
um she said you were were late late late,0
did you hear that,0
could could you please repeat that,1
um okay see you around,0
okay see you around,0
could you lower the volume,1
are you listening,1
let’s get lunch lunch together,0
um what are you doing doing this weekend,0
thank you all like for being here,0
this reminds reminds me of something funny,0
my phone phone battery is is dying,0
can you explain that again again,1
this like this reminds reminds me of something funny,0
good morning um everyone,0
thanks everyone everyone for coming,0
so what do you all think,0
robot show me the way,1
okay see see you around,0
did you you hear that,0
see you next time,0
okay see you you around,0
let’s get lunch together,0
uh can you you explain uh that again,1
can can you you explain explain that again,1
help me with the directions directions,1
that's what she she said,0
robot show me the way,1
could you please please repeat repeat that that,1
that's what what she said,0
so what what do do do you you all think,0
do you um want to to join us later,0
hey assistant assistant play play some some music,1
can you explain that again again,1
start the fan now now,1
do do you want to join us later,0
can you you explain that that again,1
switch off the the lights in the kitchen,1
she said you were late,0
switch off the lights lights in the kitchen kitchen,1
turn turn on the lights,1
i i am going to the the store store store now,0
it’s uh it’s uh been a long day,0
do you want to to join us us later,0
let’s let’s get lunch um lunch together,0
did you hear that,0
you know it was raining uh yesterday,0
can can you help me with this,1
translate this to to spanish spanish,1
remind me to call mom mom,1
i was was telling you about the plan,0
i’ll talk to you tomorrow,0
switch off off the lights in the kitchen,1
thanks everyone for um coming,0
hey robot robot what is the time,1
it’s been a long day day,0
call me me when you reach,0
switch off off the lights in the kitchen,1
turn on the the ac,1
switch off off the the lights in the kitchen,1
hey hey assistant play some uh music,1
i’ll talk to you you tomorrow,0
i was telling um you about the the plan,0
tell me a a joke,1
start the fan like now,1
turn on the lights,1
can you you like take a picture,1
i’ll i’ll talk to you you tomorrow,0
thank you all for for being here,0
what are you doing this weekend,0
i am going to the the store now,0
so what do you all think,0
hey robot what what is the uh time,1
open the window um for um me,1
like turn on the lights,1
tell me a joke joke,1
call me when you reach reach,0
robot stop,1
thank you you all for for for being here,0
robot stop stop,1
could you you lower the volume,1
so what do you all all think,0
i i need need your your help here,1
can you you explain that again,1
translate this this to spanish,1
robot stop stop,1
do you want to join us later,0
i i i am um going to the the store store now,0
i’ll talk to you tomorrow,0
could you you please please repeat that,1
could could you please repeat repeat that,1
can you explain that again,1
what are you doing this um weekend,0
okay like see you around,0
start start the fan now now,1
i was telling um you about uh the um plan,0
hey assistant play some music,1
turn on on the the ac,1
hey assistant play play some music music,1
i was telling you about the plan plan,0
hey robot robot what uh is the time,1
like let’s get get lunch together,0
did you hear that,0
we should leave soon,0
help me with the directions,1
so what like do you all think,0
stop the um music,1
open um the window for me,1
we we should leave soon,0
thank you all for being here,0
it’s been a long long day,0
so what do you you all think,0
turn on the ac,1
good good morning everyone,0
see you next time,0
like do you um want to join us later,0
good good morning everyone,0
robot show show me the way,1
could you please repeat uh that,1
she she said said you were like were late,0
okay see you around,0
i really love this weather,0
do you you uh want um to join us later,0
set an alarm alarm for 7 am,1
hey robot what what is the the time time,1
are you listening listening,1
could could you lower the the volume,1
we should should leave soon soon,0
thanks everyone for for coming coming,0
you um know it was was raining yesterday,0
start the the fan fan now,1
what can you you do,1
i was telling you about the plan,0
i’ll talk talk to you you tomorrow,0
start the fan fan now now now,1
robot show me me the way,1
so so what do you you um all think think,0
i really love this weather,0
um so what do you you all think,0
set set an alarm for 7 7 am,1
can can you explain explain that again again,1
tell me a joke,1
could you you lower the volume,1
i need uh your help here,1
start the fan now,1
stop the music,1
see see you next time,0
it’s great talking talking to you,0
could you you lower the the volume,1
i really love this this weather,0
good morning morning everyone,0
open the window window window for for me,1
i’ll talk talk to you you tomorrow,0
what what can you do,1
remind me to call mom,1
remind me to call call mom,1
i really love this weather,0
can can you explain explain that again,1
robot stop,1
i i i am going to the store now,0
start the fan now,1
could you lower the volume volume,1
help me with um the directions,1
turn on the ac,1
can you help help me me with this this,1
remind me to to call mom,1
see you next next next time,0
tell me a joke,1
good good morning morning everyone,0
hey uh assistant play play some music music,1
did you hear that,0
okay see you around,0
robot stop,1
set an alarm for 7 am,1
okay see you around,0
robot stop um stop,1
we like should leave soon like soon,0
take a note please,1
do you want to join us later,0
it’s great great talking to to you,0
i i need your help here here,1
i i was telling you about the plan,0
see see you next time,0
i i uh need your like your help here,1
can you help me with this,1
take a note please,1
can you help help me with this this,1
uh let’s like get lunch uh together,0
i’ll i’ll talk to you tomorrow,0
can can you take a picture,1
robot stop stop,1
robot stop,1
robot show me the like the way way,1
set an an alarm alarm for 7 7 am,1
can you help me with with this,1
it’s been a long day,0
robot show me the way,1
she said you were um were late,0
like can you explain that again,1
what can you do do,1
it’s great talking to um you,0
i really love this this weather weather,0
i i need your help here,1
i need your help here,1
what what can you do do,1
help me with the directions,1
thank you all for being here,0
hey hey robot what is is the time,1
can you explain that again,1
we should leave leave soon,0
help me with the directions directions,1
robot robot show me the way way,1
what what are you doing this weekend,0
it’s been a long day,0
tell me a a joke joke,1
what can you do do,1
turn on on the uh lights,1
it’s it’s been a long day,0
robot stop,1
take take a note please,1
what can can you do do,1
what are you doing this weekend,0
okay see you around,0
my phone battery battery is dying,0
you know it it it was was raining like yesterday,0
could you please please repeat repeat that that,1
like this reminds me me of of something funny,0
could could you please repeat that,1
could you lower the volume,1
switch off the the lights in the kitchen kitchen,1
can you help me with this,1
i really love this weather,0
i’ll uh talk to you tomorrow tomorrow,0
okay okay see you around,0
what what can you um do,1
i need um your help here,1
i am am going to the store now,0
she said um you were late,0
can you take a picture,1
help help me me with the the directions directions,1
what are you doing this weekend,0
what what can you do do do,1
are you listening,1
set set an alarm alarm for 7 am,1
switch switch switch off off the lights in the kitchen,1
open the the window window for for me uh me,1
take a a note please,1
translate this to uh spanish,1
let’s get get lunch lunch together,0
robot show like me the way,1
this this reminds me me of something funny,0
open the window window for for me,1
thank you you all for being here,0
are you listening,1
let’s like get lunch together,0
i am am going to the store store now,0
you know it was was raining yesterday yesterday,0
are you listening,1
i i need your help help here,1
good morning everyone,0
hey hey assistant play play some music,1
i was was telling you like you about about the the um plan,0
it’s great talking to you you,0
that's what she said,0
okay see you around,0
hey robot what is the time,1
i need need your help here here,1
i am going to the store now,0
i really love this weather weather,0
she said said you were late,0
did did you you hear that,0
thank you all for being here here,0
take a note please,1
see you next time,0
i’ll talk talk to to you tomorrow tomorrow,0
okay see you around,0
what what are are you you doing this weekend,0
thanks everyone for coming,0
like can you you help me with this,1
did you hear that,0
can you take take uh a picture picture picture,1
i really love this weather,0
switch off like the um lights in in the uh kitchen,1
hey hey assistant play some music,1
switch off off the the lights lights in the kitchen,1
this reminds uh me of uh of something funny,0
are are you you listening,1
my phone battery battery is dying dying,0
so what do you you all think,0
turn on the the lights,1
do do you want to to join us us later,0
remind me to call mom,1
my phone phone battery is dying,0
my phone battery is dying,0
turn on on the lights lights,1
it’s great talking to you,0
i am going to to um the store store now,0
what can you you do,1
i uh i need need your your help here,1
tell me a joke,1
like what are you doing this this weekend,0
can you help me with this,1
uh tell me me a joke,1
good good morning everyone,0
so what do you all think,0
thank you all for for being here here,0
stop stop the music,1
i’ll talk to you tomorrow,0
do you want to join us uh us later later,0
what can can you do,1
could you lower the the volume,1
turn turn on the the ac,1
we should leave soon,0
that's like what she she said said,0
hey like robot what what is the time uh time,1
uh that's what she said said,0
okay see you you around,0
you know it was raining yesterday,0
did did you like you hear that,0
tell me a joke,1
um can you help me with this,1
i need your help help here,1
that's that's what she said said,0
robot show me the the like way,1
hey assistant assistant play some music,1
start the fan now,1
set an an alarm for 7 like 7 am am,1
turn on the ac,1
this this reminds me of something funny,0
i need your your help here,1
um hey assistant play play uh some music,1
tell like me a joke joke,1
thank you all for for being here,0
it’s great great talking talking to to you,0
robot robot show me me the the way,1
could you you please repeat that that,1
tell me me a joke,1
i’ll talk um to you you tomorrow,0
you you you know it was raining yesterday,0
can can you help me me with with this,1
did you hear hear that,0
okay see you around,0
it’s been a long long uh day,0
i i really really uh love this weather,0
she she said you were late,0
what are you doing this weekend,0
robot show me the way,1
tell me a joke,1
what are you you doing this weekend,0
what can you do,1
help me uh with the directions,1
so what do you all all think think,0
start the the fan now,1
remind me to like call mom,1
start the fan now,1
robot um show me the um way,1
tell tell me me a joke,1
um hey robot what is the time,1
help me with with the directions,1
i’ll talk talk to you tomorrow,0
uh could you please repeat that,1
stop the music,1
help me with the directions directions,1
i really love this weather weather,0
you know it was raining yesterday,0
i’ll talk to you tomorrow,0
um i’ll talk to you you tomorrow,0
stop stop the music,1
i i need your help here,1
it’s it’s been a long day day,0
turn on um on the the the like ac,1
could you you lower the volume,1
tell me a joke joke,1
open the the window for me,1
i am going to the store now,0
like what are you doing this weekend,0
thank thank you all all for being here,0
are you listening,1
robot stop stop,1
do you you want want to to join join us later,0
i am going to the store now now,0
could you lower the like volume,1
hey robot what is the time time,1
could you lower the volume like volume,1
do you want want to join us us later later,0
remind me to call call mom,1
you know it was was raining yesterday,0
tell tell me a joke joke,1
translate this to to spanish,1
remind remind me to call mom mom,1
hey hey assistant play some like music,1
let’s get lunch together,0
i was telling you about the plan,0
robot show me me uh the way,1
switch switch off the lights in the kitchen,1
okay see you around,0
start the the fan now now,1
set an alarm for 7 7 7 am,1
so what do you you all think think,0
stop the music music,1
i was telling you about the plan,0
so um what do you all think,0
um translate this to spanish,1
start the fan now,1
help me with the the directions,1
take a note please,1
that's what she said,0
remind me to call mom,1
hey robot what is the time,1
hey assistant play some uh music,1
set an uh an alarm for 7 7 am,1
help help me with the directions directions,1
that's what she said,0
let’s get lunch together,0
could could you lower the volume volume,1
turn on the lights lights,1
it’s like great talking talking to you,0
see you next time time,0
see you next time,0
i i am going going to to the store now,0
tell tell uh me um a joke,1
good good morning morning everyone,0
can can you help me me with with this,1
open the window window for me,1
can you help me with this,1
do you want to join us later later,0
do you want to join us us later later,0
do you want want to join join us later,0
do you want to to join us us later,0
this reminds me of of something funny,0
do you want want to join us later,0
hey assistant um play some music,1
could you lower the volume,1
turn turn on the uh lights,1
i was was telling you about the plan,0
open the window for uh me,1
turn turn on the lights,1
so so what do do you you all think,0
could you you please repeat that that,1
are you you listening,1
i was telling um you about the plan,0
can you help me with this,1
hey robot robot what is the the time,1
start um the fan now,1
can can you help help me with with with this,1
i really love this weather,0
start start the fan now,1
start the fan now,1
turn turn on the lights,1
did did you hear that,0
help me with the directions,1
can you take a picture,1
it’s great talking to you,0
thanks everyone for coming,0
help me with the directions directions,1
stop stop the the music,1
um remind me to call mom,1
um hey assistant play some music,1
you know it it was uh raining yesterday,0
i really love this weather weather,0
that's what she she said,0
hey um assistant play play some music,1
what what can you you do,1
switch switch off off the lights in the the kitchen,1
set set an alarm for for uh 7 am,1
we should leave leave soon,0
this reminds reminds me of something like something funny,0
set an alarm for 7 am am,1
stop stop the music,1
i was telling you about the plan,0
can you you take a picture,1
hey hey robot like what is is the time,1
help me with the directions,1
did you hear that that,0
like this reminds me of something funny,0
thanks everyone for coming,0
see you next time time,0
switch switch off the lights in the kitchen,1
this reminds me me of something something funny,0
what are you doing doing this weekend,0
call me when you reach,0
good morning everyone,0
can you help me uh with this,1
turn on the ac,1
start start the fan now now,1
translate this this to spanish spanish,1
do you want to to join us later,0
set an alarm alarm for 7 am,1
translate this this to spanish,1
um you know it was raining uh yesterday,0
are are you listening,1
call me when you reach,0
open the window for me me,1
start the fan now,1
could um you lower the volume,1
you know it it was raining yesterday,0
she said said you were were late,0
i am am going to the store now,0
did you hear like that,0
call me when you reach uh reach,0
switch off the lights in the kitchen,1
this reminds me of of something um something funny,0
this this um reminds me of something funny,0
turn on the lights,1
thanks everyone for coming,0
can you explain explain that again,1
robot um robot stop,1
could you lower the volume,1
start the fan now,1
uh let’s like get lunch together,0
so what what do you all think think,0
help me with the directions,1
do you want to um to join us later later,0
hey robot what is the time time,1
can you you you explain that again,1
it’s it’s been a long day,0
turn uh on the ac,1
did you hear that,0
i’ll talk to you tomorrow tomorrow tomorrow,0
i’ll i’ll talk to you you tomorrow,0
see you next time,0
good morning everyone,0
i really really love this weather,0
we should leave soon,0
like i need your help here,1
turn on the the ac,1
what what are you doing this um weekend,0
did did you uh you hear that that,0
my phone battery like is dying dying dying,0
thank you all for for for being here,0
start the fan now like now,1
could could you you like please repeat repeat that,1
my phone battery is dying,0
can you take like take a picture picture,1
switch off the lights in the kitchen,1
thanks everyone for for coming,0
help me with the directions,1
let’s get lunch together,0
tell me a joke,1
this reminds reminds me me of something funny,0
i’ll i’ll talk talk talk to you you tomorrow,0
start the the fan now,1
are you listening like listening,1
could you you lower the volume,1
stop the music music,1
my phone battery is dying,0
let’s let’s get lunch together,0
call me when you reach,0
what can you do,1
my phone battery battery is dying,0
good morning um morning everyone,0
so what do you all think think,0
she said you you were late,0
see you next time,0
help me me with the directions directions,1
she said you were late,0
do you want to like to join us later,0
robot like stop,1
can you explain that again,1
are you listening,1
okay see you around,0
translate this to to spanish,1
thanks thanks everyone for coming,0
what what can you do do,1
i am going to to the the store now,0
translate translate this to spanish,1
she she said you were were late,0
call me when uh you reach,0
okay see you um you around around,0
um what are you doing this weekend,0
you you you know it it was raining yesterday,0
let’s get lunch together,0
open the window for me,1
i was was telling telling you about about the plan,0
this reminds me of something something something funny,0
can you help help me with this,1
take take a note please,1
hey assistant play play some some music music,1
good uh good morning everyone,0
i i really love this weather weather,0
do you want to join join us later later,0
can you take a picture picture,1
remind remind me to call mom,1
we should leave soon,0
remind me to call mom,1
okay see you around,0
i am going to the store now,0
this reminds reminds me of something funny,0
remind me to call mom,1
you know it was raining yesterday,0
could you lower the volume,1
open open the window for me,1
did did you hear that,0
tell me a joke,1
did you you hear hear that,0
i’ll talk to you you tomorrow,0
open the window for me,1
thanks everyone for for coming,0
start the fan now um now,1
see you next time,0
that's what she said,0
can can can you you explain that again,1
thank you all for being here,0
call me me when you you reach,0
she said said you were were late,0
see you next time,0
switch off the the lights in the kitchen,1
so what do you um all think,0
i i um need your help here,1
you know it like was raining yesterday yesterday,0
start um the fan now,1
i really love this weather weather,0
let’s get get lunch together together,0
help me with the directions,1
can you help me uh with um this,1
let’s let’s get lunch together together,0
i really love this weather,0
call call me when you uh you reach,0
what like can you do,1
do you you want want to join us later,0
what are you you doing doing this weekend,0
what are are you doing this weekend,0
hey assistant play some music,1
it’s great talking talking to you,0
i was uh telling you you about the plan,0
you know it was was raining yesterday,0
do you you want to join us later,0
call call me when you reach,0
open the window for for me,1
i’ll i’ll talk to to you tomorrow,0
we should leave soon,0
open the window window for me,1
uh thanks everyone for for coming,0
switch switch switch off the the lights in in the the kitchen,1
help me with the directions,1
tell me me a a joke,1
we should leave soon soon,0
did you you hear that that,0
it’s it’s great talking to you,0
this um reminds me of something something funny,0
you um you know it was raining yesterday,0
what can you do,1
thank thank you all for being here,0
can you take take a picture,1
it’s great talking to you,0
robot show me the the the way,1
set an alarm for for 7 am,1
remind me to call mom,1
can can you take a a picture,1
switch off the lights in the kitchen,1
switch off the lights in the kitchen,1
help me with like with the directions,1
can you uh explain that again,1
can you help help help me with this,1
do you you want to join us later,0
help um me with with the directions,1
switch off the um lights in the kitchen kitchen,1
can you take uh a picture,1
did you you hear that that,0
do you want to join join join us later,0
you know it it was raining yesterday,0
good morning everyone,0
hey robot what is the time,1
can you explain that again,1
let’s get lunch together,0
hey robot what is the time,1
hey robot what is the time,1
open the window for me,1
let’s let’s get lunch together,0
robot uh show me the the way,1
i was telling you about the plan,0
are you you listening,1
it’s great talking to to you,0
did you you hear that,0
are uh you listening,1
i really love this weather,0
can you take uh take a picture,1
we should leave leave soon soon,0
can can you explain that again,1
help me with with the directions,1
we should leave soon soon,0
translate this to spanish,1
switch off the lights in the kitchen kitchen,1
what what are you uh you doing doing this weekend,0
hey assistant play play some music,1
i like was telling you about the the plan,0
are you listening,1
can you explain explain that again,1
turn turn on the ac,1
we we should leave soon,0
that's what she said,0
thanks thanks everyone for for coming,0
good morning everyone,0
translate this to spanish,1
my my phone uh battery is um is dying,0
that's what she said,0
switch off the lights in the kitchen kitchen,1
like call me when um you reach,0
it’s been a long day,0
take a a note please,1
can you explain that that that again again,1
robot show me the way,1
help me with the directions,1
take a note please please,1
are you listening,1
so what do you all all like think,0
turn on the lights,1
could you please repeat that,1
thanks everyone for coming,0
did did you hear that,0
translate this to to spanish,1
my phone battery is dying,0
we should leave soon,0
thanks everyone for for coming,0
we should leave soon,0
good morning morning everyone,0
open the window for me,1
i was was telling you about the plan,0
start the fan fan fan now,1
can you explain that again,1
hey assistant play some music,1
let’s get lunch together,0
my my phone battery battery is is dying dying,0
okay see you around,0
it’s been a long like day,0
hey assistant play play some music,1
what can you do do,1
translate this this to spanish,1
it’s been a long day,0
that's what she said said,0
i really love love this weather,0
let’s let’s get get lunch together,0
what can you do,1
are you listening,1
set an an alarm for 7 am,1
switch off off the the lights in the kitchen kitchen,1
can you explain uh that again,1
help me with the directions,1
so what do you all think,0
could you lower lower the volume,1
let’s get lunch lunch together,0
robot show show uh me the way way,1
switch off the lights lights in the kitchen,1
remind me to to call mom,1
it’s it’s great talking to you,0
could you please repeat that,1
what are you doing this weekend,0
hey hey robot robot what is the time,1
i need like your help help here here,1
so so what do you all think think,0
what can you do,1
translate translate this to spanish,1
okay see like you around around,0
i i really really love this weather,0
so what do you like all think,0
my my phone battery is is dying,0
robot robot show me the way way,1
see see you next time,0
switch off the lights in the kitchen,1
translate translate this to spanish,1
are you listening,1
it’s great uh talking to um to you,0
i was telling you about the the plan,0
we should should leave soon,0
we should leave soon,0
we should should leave leave soon,0
take a note note please,1
what are you doing this weekend,0
okay see you you around,0
did you hear that,0
translate this to spanish,1
okay see you around,0
do you want want to join us later later,0
do do you want to to join us later,0
this reminds me of something funny funny,0
open open the window for me,1
do you uh want to join us later,0
could could you please repeat that,1
so what do you all think,0
turn on the ac ac,1
translate this to to spanish,1
okay okay see you around,0
i am am going to the uh the store now,0
what are you you doing this weekend,0
did you hear that,0
robot stop,1
she said you were were were late,0
i was uh telling you about uh the plan,0
do you want to join us later,0
open the window window for me,1
translate this to to spanish,1
what can you do do,1
set an alarm alarm for 7 am,1
let’s get get lunch together,0
turn on the the lights,1
i really love this weather,0
what are you you doing this weekend weekend,0
turn on the ac,1
are you listening,1
hey robot what is the time,1
robot stop,1
so what uh do you all all think,0
could you please repeat that,1
robot show me the way,1
okay see see um you around,0
hey robot what what is the time time,1
translate translate this um this to spanish,1
see you you next time,0
let’s let’s get lunch together,0
thanks everyone for coming,0
so what do do you all think,0
do you want to to join us later,0
open open the window window for me,1
stop the music,1
switch switch off the lights in in like the kitchen,1
hey assistant assistant play some some like some music,1
open the window for me,1
could you uh you please repeat that that,1
it’s it’s been a long day,0
i’ll i’ll talk to you tomorrow,0
let’s get lunch together,0
start the fan now now,1
this reminds me of something funny,0
it’s been a long day,0
are you listening,1
um good morning everyone,0
stop the music,1
it’s been a long day,0
call call me when you reach reach,0
thanks everyone for coming,0
i really love this weather,0
let’s get get lunch together,0
it’s been um a long day,0
can you take take take a picture picture,1
take a note please,1
let’s get lunch together together,0
could you please repeat that,1
uh can you help me with this,1
thanks thanks everyone everyone for coming,0
can you explain that again,1
open the the window for me,1
we we should leave soon,0
robot show me the way,1
we should um leave like soon,0
could you please repeat that,1
robot show me the way,1
it’s great talking to to you,0
like switch off off the um lights in the kitchen kitchen,1
open the window window for me,1
robot robot show me the way,1
i really really love this this weather,0
did did you hear that,0
i’ll talk to to you tomorrow,0
uh could you lower the the volume volume,1
open the window for me,1
i am going to the store now,0
translate this to spanish spanish,1
turn on on the lights,1
you know it was raining raining yesterday yesterday yesterday,0
you know it was was raining yesterday,0
translate this to spanish,1
what can you do,1
okay see you you around,0
hey hey robot what is the time,1
it’s been a long day,0
remind remind me to to call mom,1
can you explain that again,1
take take a note note please,1
tell me a joke,1
turn on the lights,1
open the window for me,1
that's that's what she said,0
robot stop,1
like can you help help me with this,1
okay see see you around,0
i’ll talk talk to you tomorrow,0
remind remind me to to call call mom,1
i really really love love this weather,0
robot show me me the way,1
help help me with the directions,1
robot show me the like way,1
i need your help here,1
i’ll um talk to you you tomorrow,0
see you next time,0
help like me with the directions,1
do you want to to join join us later,0
did did you hear that,0
take a note please,1
are you listening listening,1
could could you um lower the the volume volume,1
good morning everyone,0
this this reminds me of something funny,0
robot stop,1
i am going to the store now,0
thank you all all for being here here,0
this reminds me of something funny funny,0
can you help me with this this,1
like robot stop,1
let’s get lunch together,0
okay see you around,0
i am like going to the store now now,0
switch off the lights in in the um kitchen,1
i’ll talk to you tomorrow,0
you know um it was raining raining yesterday,0
turn on the lights,1
set an alarm for 7 am,1
um robot show me the the way way,1
i’ll talk to you um tomorrow,0
she said you were late,0
stop stop the music,1
i really love this like this weather,0
uh i’ll talk to you tomorrow,0
that's what she she said,0
my my phone battery is dying,0
can you take take a picture,1
i i am am going to the store now,0
what can can you do do,1
did did you hear that,0
i am am going to the store now,0
thank you all for for being here here,0
my phone battery battery is is dying,0
hey assistant play some music,1
i i really love this weather weather,0
it’s been a long day day,0
let’s get lunch uh together,0
turn on the the ac ac,1
could you lower lower the volume,1
i was telling you about the the plan plan,0
could you you lower like the um volume,1
we we should leave soon soon,0
hey robot what is is the the time,1
thank you you you all all for for being being being here,0
i was telling telling you about the plan plan,0
start um the fan fan now,1
take a note please please,1
thanks everyone for for coming coming,0
help me me with the the directions,1
it’s been been a a a long day day day,0
what what can can you you do do,1
she said you were were late,0
can you help me with this,1
robot show me the um way,1
you know it was raining uh raining yesterday,0
hey assistant play some music,1
do you want to to join us later,0
take a note please,1
uh it’s been a long day,0
turn on on the lights like lights,1
that's what she said,0
remind me to to call mom,1
so what uh what do do uh you all think,0
this reminds me of of something funny funny,0
could you please please repeat repeat that,1
help me me with with the directions,1
do you like you want to join us later,0
could could you lower lower the volume volume,1
it’s it’s been a long long day,0
translate this this to spanish,1
tell me a joke,1
call me when you reach,0
robot robot stop,1
i am am going to the store now,0
open the um window for me,1
thank thank you all all for being here,0
switch switch off uh the lights lights in the kitchen,1
hey robot what what what is the time,1
robot stop,1
are you listening listening,1
let’s let’s get lunch um together,0
okay okay see see you around,0
tell me a joke,1
uh what are you doing this weekend,0
i really love this this weather,0
open the window for for me,1
do you you want to join us us later,0
see you next time,0
it’s great great talking talking to you,0
i was telling you about the plan,0
i i really love this weather,0
can you explain explain that um again,1
stop the music,1
can can you help me with this,1
you know it was raining yesterday,0
can you help me with this,1
translate translate this to to spanish spanish,1
call call me when when you reach reach,0
call me me when you you reach,0
good morning everyone,0
i’ll talk to you tomorrow,0
call me when you reach reach,0
i’ll talk uh to you tomorrow,0
remind remind me uh me to to call call mom,1
call me when you reach,0
uh help me with the directions,1
we should leave soon,0
i really love this weather,0
i need your help help here,1
what can you do,1
you know know it was raining yesterday,0
this reminds me of of something something funny,0
did you hear that,0
this reminds me of of something funny funny,0
could could uh you please repeat that,1
start start the fan now now,1
she said you were were late,0
do you want to to join uh us later,0
good morning everyone everyone,0
hey hey assistant assistant play some music,1
switch off the lights lights in the the kitchen,1
help me with the directions,1
like open the window for me me,1
this this reminds reminds me of of something funny funny,0
see you next time,0
see you next time,0
so what what do you all uh all think,0
do you want to join join join us us later,0
help me me uh with the directions directions,1
what can you do,1
she she said you were late,0
i really love this weather,0
um turn on the ac,1
open the window for me,1
i am going going to to the store now,0
tell me a joke,1
this reminds me of something funny funny,0
take take a note please,1
what what are you doing doing this weekend,0
i’ll talk to like you tomorrow,0
okay see you around around,0
we should leave soon,0
i am going going to the store now,0
do you want to join us us later,0
do you want want to to join us later,0
are you you listening,1
it’s been been a long long day,0
i need need your help here,1
hey assistant play some music,1
did you you um hear that,0
see you next time,0
hey hey um robot what is like the time,1
i am going to the store now,0
could you lower the volume,1
this reminds me me of of something funny um funny,0
stop like the music,1
you know it it was raining yesterday,0
that's what she she said,0
open um the window for me,1
it’s been a long day,0
uh stop the music,1
call call me when you um reach,0
open the window for me,1
translate this to spanish,1
i really love this weather weather,0
turn on the lights,1
open uh open the window window for for me,1
remind me me to like call mom,1
take a note please please please,1
you know it was was raining yesterday,0
help help help me with the directions,1
call me when when you reach,0
translate this this to spanish,1
call me when when you like reach,0
can can you explain explain that that again,1
good morning everyone,0
let’s get get get uh lunch together,0
i really love this this weather,0
i am going to to uh the store now,0
i need your help here here,1
remind me to call mom,1
that's that's what she said,0
take a note please please,1
translate this like to spanish,1
i really love this weather,0
my phone battery is dying,0
thank thank you all for being here,0
tell me a joke,1
see you next time time,0
do you want to join us um later,0
see you you next time,0
can you you explain that that again,1
remind me to call call mom,1
like set an alarm for 7 am,1
she said you were late,0
i need your help here,1
can you explain explain that again,1
robot uh stop,1
robot stop,1
stop the music,1
tell me a joke joke,1
um that's what she said uh said,0
can you help me with this,1
i’ll talk to you tomorrow,0
start the the fan now,1
um hey robot what is is the time,1
take a note please please,1
open the window for me me,1
i am going going to the store now now,0
turn on the ac,1
what what are you you doing this weekend,0
what what can you do,1
can you take a picture,1
hey like robot what uh what is the time,1
robot robot show me me the way,1
so what do you all think,0
what what can you do,1
remind me to call mom,1
thanks everyone for coming,0
translate this to spanish,1
what what are are you doing this weekend weekend,0
robot um show me the way way,1
call me when you reach,0
did did you hear that,0
so what um do you all think,0
good morning everyone everyone,0
what can you do,1
robot stop,1
what what can you do,1
i i really love this this weather,0
see you next time,0
turn on on the the ac,1
um call me when you reach,0
do you want want to join us us later,0
thank thank you all for being here,0
take a a note please,1
tell me a joke,1
call call me me when you reach,0
start the um fan now,1
are are you you listening,1
could you lower the volume,1
translate this this to to spanish spanish,1
translate translate this this to spanish spanish,1
you know it was raining yesterday,0
switch off the lights in the kitchen,1
take a note please please,1
so what what do you all think,0
are you listening,1
could you please repeat that,1
thank thank um thank you all all for being here,0
switch switch off off the lights in the the kitchen,1
thank you all all for being here,0
robot stop,1
help me me with um the directions directions,1
let’s get lunch together,0
good morning morning everyone,0
let’s get lunch lunch together together together,0
robot stop,1
set an alarm for 7 am,1
do you want want to join us later later,0
can you explain that again,1
take a a note please um please,1
what uh are you you doing this weekend,0
that's what she said,0
what can you uh you do,1
hey assistant play some some music,1
i i was telling you you about the plan,0
that's what she she said said,0
it’s great talking talking to you,0
can you you take um a picture,1
could you please repeat that,1
that's what what she she said,0
that's what what she said,0
tell me a joke,1
i was telling you about the plan,0
this this reminds me of something funny,0
did you you hear that,0
good morning morning morning everyone,0
see see you next time time,0
start start the fan now,1
are are you you listening,1
help me with the directions,1
thanks everyone everyone for coming,0
can can you help me me with this,1
that's that's what she said,0
did you you hear that,0
okay see you around,0
are you you listening,1
translate this to spanish,1
like what can you do do,1
turn on the lights,1
hey assistant assistant play some um some music,1
okay see see you around around,0
thanks everyone for for coming,0
i was telling you about the plan,0
could you you lower the volume,1
it’s been a long day,0
could you please um repeat that,1
i am going to to the store store now,0
call me me when you you reach,0
remind remind me to call call mom,1
turn on the lights,1
thanks everyone for coming,0
can um can you explain explain that again,1
what can you you do do,1
can you take a picture,1
help me with the directions,1
did you hear that,0
what are you you doing doing this weekend,0
you know it was raining yesterday,0
she said you were late,0
see you next time time,0
are you listening,1
uh hey robot what is the like the time,1
translate this to to spanish,1
open the window uh for me,1
hey hey robot what is the time time,1
hey assistant play some music music,1
take uh a note note please please,1
my phone battery is dying,0
she said you were late,0
can you you help me me me with this,1
that's what she said,0
i really love this weather weather,0
my my phone battery battery is dying,0
help me like with the the directions,1
translate this this to spanish spanish,1
open the window for me,1
can can you explain that again,1
what are you doing this weekend weekend,0
could could you please repeat that that,1
we should should leave soon soon,0
call me me when when you you reach reach,0
turn on the ac,1
so what do you you all think,0
are are you listening,1
open the window like for me,1
what can you do,1
call me when when you you reach,0
i need your help here,1
i need your help here,1
robot stop,1
switch off the lights in the the the kitchen,1
robot stop,1
she she said you you were late,0
i i really love love this weather,0
turn turn on the the lights,1
translate this this to spanish,1
like good morning everyone,0
robot robot show me like the way way,1
did you you hear that,0
thanks thanks everyone for coming,0
it’s great talking to you,0
okay okay um see you around,0
did you hear that that that,0
can you take a picture,1
remind me to call mom mom,1
i am going to the store now,0
can you help me me with with this,1
you know know it it was was raining yesterday,0
what what can you do,1
remind me to call uh call mom,1
can you help me with this,1
what um what are are you doing this this um weekend,0
i’ll talk to to you tomorrow,0
i am going to the store now,0
robot show me the way,1
see you next time,0
good morning everyone,0
i need need your help help here,1
could you you lower the volume volume,1
so so what do you you all think,0
call call me when you reach,0
switch off the lights lights in the kitchen,1
turn on the ac,1
can you you take take a picture,1
hey assistant play some music,1
can you take a picture,1
it’s been been a like long day,0
thank you all for being here,0
you know um know it was was raining yesterday,0
uh she said you you were um late,0
start the fan um fan now,1
translate translate this to spanish spanish,1
you know it was raining yesterday yesterday,0
good good morning morning everyone,0
it’s great talking to you you,0
see you next time,0
did did you you hear that,0
can you explain that again,1
what what can you do,1
i was uh telling you about about the plan,0
hey assistant play like play some music,1
turn on the ac,1
are you listening,1
thanks everyone for coming,0
we we should leave leave soon,0
let’s get lunch together,0
uh i was telling you about the plan,0
can you explain that again,1
do you want to join us later,0
turn on uh the ac,1
can you you take a picture,1
translate this this to spanish spanish spanish,1
do you want like want to join um join us later later,0
can you take a picture picture,1
call call me when you reach,0
like take a note uh please,1
my phone battery is dying,0
robot stop,1
did did you hear that,0
i’ll talk to you you tomorrow,0
could you please repeat that,1
did did you hear that,0
robot show me the way,1
hey robot what is the time,1
what can you do do,1
hey robot what is the time,1
i am going to the the store now,0
you you know it it was raining raining yesterday uh yesterday,0
so so what do you all think think,0
thanks thanks everyone everyone for coming,0
set an alarm alarm for 7 am,1
tell me a joke joke,1
good morning everyone,0
start the fan fan now,1
tell tell me a a joke,1
could you lower the volume,1
turn on the ac,1
let’s get like lunch together,0
start the fan fan now,1
uh are you listening,1
let’s like get lunch together together together,0
turn turn on the ac,1
turn on the ac,1
thanks everyone for for coming,0
uh could you lower the the volume,1
do you want to join us us later,0
thank you you all for for being here,0
thank you all for being here,0
open open the the window for for me,1
remind me to call mom,1
it’s been a a long long day day,0
thank you you all for being here,0
i i need your help here,1
we should leave soon,0
it’s been been a a long day,0
i’ll i’ll talk to you tomorrow,0
it’s great talking talking to you,0
see you next next time time,0
that's what she uh said,0
thanks everyone everyone for coming,0
uh i need your help help here,1
this reminds reminds me of of something funny,0
did you you hear hear that,0
turn on on the lights,1
what are are you doing this weekend weekend,0
i i am am am going to the store like now,0
robot show me me the the way way,1
she said you were were late,0
take a note please,1
this this reminds me me of something funny funny funny,0
i was telling you about the plan,0
good morning morning everyone,0
turn on the ac,1
robot robot robot show me um the way way way,1
so what do do you you all think,0
hey robot what like is the time,1
take a note please,1
okay okay see see you around,0
do like you want uh to join like us later,0
i’ll talk talk to you tomorrow,0
that's what she she said,0
can can you help help me with this this,1
that's what like she said said,0
she said said you were were late,0
she said you were late,0
that's what she she said,0
can you help me with this,1
thanks everyone for for coming,0
you know know it it was raining yesterday,0
thank you all for being here,0
take a note please,1
that's what she said said,0
let’s get get lunch together together,0
thanks everyone for coming coming,0
what what can you do,1
do you like want to to join us later,0
hey robot what is the time,1
hey robot what is the time,1
good morning morning everyone,0
like i really love this weather weather,0
turn on the ac,1
can you take a a picture,1
robot show show me the way,1
what can you you do,1
are you listening,1
i need your help here,1
can you explain that again,1
thank you all for for um being here,0
could you please repeat that,1
do like you want to join us later,0
it’s great talking to you,0
are you listening,1
like open the window like for me,1
she said said you were late,0
can can you help me with this,1
take a note please,1
i really really really love love this weather,0
take a note note please,1
turn on on the lights,1
so what do do you all think think,0
we should should leave soon,0
uh i really love this weather,0
robot show me the way,1
switch off the lights in um the kitchen kitchen,1
let’s um get lunch lunch um together,0
start the fan now now,1
call me me when you reach,0
can you you help me with with this,1
let’s get lunch together together,0
could you please like repeat like that,1
this reminds reminds me of something something uh funny,0
that's that's what she said,0
could you lower lower the volume volume,1
can can you explain explain that like that uh again,1
uh can you take a picture,1
can you help me me with this,1
could could you lower lower the the volume,1
call me when you you reach reach,0
you you know it it was raining yesterday,0
i am going to the store now,0
it’s great talking to uh you,0
um robot show me the way way,1
what can can you do do,1
could you please repeat repeat that,1
help me with the directions,1
could you lower the volume,1
i’ll talk to you tomorrow,0
uh see you next time,0
hey assistant play some music,1
okay see you around around,0
this reminds me of something funny,0
turn turn on the ac,1
stop uh the music,1
turn turn on the lights,1
did did you you hear that that,0
i i i um need your help here,1
we should should leave soon,0
could you lower the uh volume,1
so what what do you all think,0
what what are you doing this weekend weekend weekend,0
could you you lower like the volume,1
uh it’s been a long day,0
can you help me with this,1
open the the window for for me,1
what what are you doing this this weekend,0
stop the music music,1
did you you hear that,0
are you listening,1
help help me with the the directions,1
translate this this to spanish,1
my phone battery battery like is dying,0
see see you like next time,0
robot show show me the way,1
see you next time,0
thank thank you all all for being here,0
my uh phone battery is dying,0
thanks everyone everyone for coming,0
open open the window for me,1
could you you please repeat that,1
could like you please please repeat that,1
thanks thanks everyone everyone for for coming,0
she said you you um were late,0
robot show me the way,1
do like you want to join join us later,0
translate this this this to spanish,1
could could you please please repeat that,1
you know know it was was raining yesterday,0
robot show show me me the way,1
hey robot what is the the time,1
do you want to to join us later,0
what what like are you doing doing this weekend,0
uh i am going to the um store now,0
help me me with the directions,1
uh start the fan now now,1
set set set an alarm for 7 7 am am,1
are you listening,1
it’s been a long day,0
did did you you hear that,0
call me when you reach reach,0
good like morning everyone everyone,0
tell me uh a joke,1
set set an alarm for 7 am,1
see you you next time,0
i was was telling you about the plan plan,0
i really love this weather,0
switch off the lights lights in the kitchen,1
i’ll i’ll talk to you tomorrow tomorrow,0
what are you doing this um weekend,0
good morning everyone,0
stop the music,1
i’ll i’ll talk to um you tomorrow,0
remind me to call mom,1
could you lower the volume,1
okay see see you around,0
did you hear that,0
are you listening,1
tell me a a joke,1
did you hear that that,0
it’s great talking to you,0
turn on the ac,1
can you you take a picture,1
stop stop the music,1
are you listening,1
it’s been been a long day,0
good good morning like everyone,0
turn on the lights,1
let’s get get lunch together together together,0
my phone battery battery is dying dying,0
good morning everyone,0
translate this this to to spanish spanish,1
did you hear that,0
i was telling you about the plan plan,0
she said you were late,0
remind me to call call mom,1
could like you please repeat that that,1
open open the window for me,1
remind me to call mom,1
could you lower lower the volume,1
did you you hear that,0
tell me a joke,1
i am going to the store now now,0
thank you all for for being here,0
i really love this this weather,0
what can you do,1
could could you lower the volume,1
set an alarm for 7 am am,1
good like morning everyone everyone,0
my phone phone battery is dying,0
we should leave soon,0
can can um you help me um with this,1
you you know it was raining yesterday,0
okay okay see see you around,0
set an alarm for uh 7 am,1
can you help me me me with this,1
remind me to call mom mom,1
this this reminds me of something funny,0
this reminds reminds me uh of uh something funny,0
turn on on the lights lights,1
start the fan now,1
hey assistant play um play some music,1
i’ll i’ll talk to you you tomorrow,0
set an alarm for like 7 am,1
i’ll talk to you tomorrow,0
could you please repeat that,1
start the the fan fan now um now,1
robot stop,1
okay see see you you around around,0
turn on the lights,1
robot show show me the way,1
open the window for me,1
can you you help me me with this,1
so what what do you all think,0
it’s been a long day,0
let’s let’s get lunch together,0
call me when you reach,0
that's what she said said said,0
let’s get lunch lunch together,0
tell me me a joke,1
robot show me the way way,1
i really love this weather,0
let’s get lunch lunch together together,0
call me when you you reach,0
what are you doing doing this weekend,0
she said said you were late,0
stop the music,1
thanks everyone for for coming,0
could you um lower the volume volume,1
thank you all like for being here,0
take a note please please,1
i was telling you about the plan,0
thank you you all for for being here,0
robot robot stop,1
robot robot um stop,1
call me when when you reach,0
could you you uh please repeat that,1
what what can you do do,1
we should leave soon soon,0
could you please repeat that,1
could you lower the volume volume,1
she said you were late,0
set an an alarm for 7 am am,1
translate this to spanish,1
we should leave soon,0
this reminds me me of something funny,0
turn on on the lights,1
like i was telling you about like the plan,0
she said said you were were late late,0
it’s it’s been been a long day,0
i am going to the store now,0
she said you were late,0
okay okay see uh you around,0
open the window for me me,1
okay see you um around,0
it’s great talking to you,0
i am going to to the the store um now,0
could you lower the volume volume,1
my phone battery is dying,0
translate this this um this to spanish,1
okay see you around,0
thank thank you all for being here,0
are you listening,1
i i really love this weather,0
can you you take a picture,1
i need your help here,1
start the fan now,1
robot stop stop,1
we should leave soon soon,0
good morning morning everyone,0
this reminds me of something funny,0
hey robot robot what is the time time,1
switch switch off the lights in the like the kitchen kitchen,1
we should leave soon,0
tell tell me a joke,1
i’ll talk to you tomorrow,0
could you please please repeat that,1
thanks everyone for coming coming,0
could you please repeat um that,1
turn on the ac,1
you you know it was raining yesterday,0
that's what she said,0
are you listening,1
are you listening,1
thank you uh all for being here here,0
we should leave leave soon soon,0
are you you listening,1
so what do you all think,0
call me when you reach reach,0
are are um you listening,1
it’s great talking to to you,0
she said you were were late,0
like could you please please repeat that,1
do you want to to join us later,0
i am going to to the store store now,0
open open the window for me,1
like that's what she said uh said,0
it’s been a long day,0
let’s get get like lunch together,0
can you help me with this,1
you know it was raining yesterday,0
robot stop,1
do you want want to join join us later later,0
could like you please repeat that,1
okay see you around around,0
what can you do,1
can you help help me with this this,1
so what do do you all think think,0
it’s great talking to to you,0
we should leave soon,0
that's what she said,0
turn on the lights,1
it’s great talking to you,0
robot show me the the way,1
i’ll talk to you tomorrow,0
this uh reminds me of something funny funny,0
see see you next time,0
it’s been a long long day,0
can um you help me with this,1
stop stop the music,1
hey assistant assistant play some music,1
turn on the uh lights,1
switch off the lights in in the uh kitchen,1
i was telling you like you about the plan,0
thank thank you all all for being here,0
turn um on the ac,1
we should leave soon,0
see you next time,0
it’s it’s been um a long day day,0
take a note please,1
translate this this to spanish,1
do you want to join us us later later,0
could you please repeat that,1
stop the music music,1
call call uh me when you you reach,0
could you you lower the volume,1
thanks everyone everyone for for coming,0
robot robot show me the way,1
can uh you help me with this this,1
thanks everyone for for coming,0
robot robot show me me the the way,1
my phone battery is dying,0
did you you hear hear that,0
can can you explain that again again,1
thanks everyone everyone for coming,0
set an alarm um for 7 am,1
hey robot what is the the time time,1
i was telling you about the plan,0
remind like me to call mom mom,1
i’ll talk to uh you tomorrow tomorrow,0
turn on the lights,1
did you hear that,0
we we should leave soon,0
could you you please uh repeat that,1
could you please repeat that,1
stop the the music,1
robot stop,1
could you please repeat that,1
can you explain that again,1
open the window for me me,1
it’s great talking to you,0
start the fan now,1
could you lower the the volume,1
that's what she said,0
good morning everyone,0
my phone battery is dying,0
robot robot show uh me the way,1
hey like hey assistant play some music music,1
okay okay see you you around,0
tell me a joke,1
call me when when you reach,0
can you explain that again,1
open the window for me,1
turn on the lights,1
okay okay see you around,0
good morning uh everyone,0
good good morning everyone,0
what are are you doing this this weekend,0
so what do you all think,0
start uh the um fan now,1
help help me with with the directions directions,1
could you lower the um volume,1
my my phone battery is dying,0
tell me a a joke,1
open the window for me,1
this reminds me of something funny,0
um okay see you you around around,0
what are are you doing this weekend weekend,0
uh that's what she said,0
it’s great great talking to you you,0
you know know it um it was raining yesterday,0
turn on the the ac ac,1
okay see you around,0
hey robot what what is is the time,1
thank thank you all for being here,0
can you explain that again,1
uh set an alarm for 7 am,1
so what do you you all think think,0
set an alarm for 7 am am,1
thank you you all for being being here,0
this reminds me of something funny funny,0
thank you all for being here here,0
start the fan now,1
can you help me with this,1
thanks thanks everyone for coming,0
start start the the fan now now,1
robot stop,1
can you uh help me me with with this,1
thanks everyone for coming,0
open the uh window for me,1
she she said you were late,0
it’s great uh great talking to you,0
hey assistant play some music,1
are are you listening listening,1
my phone battery uh is dying,0
good morning everyone,0
it’s been been a a long long day,0
open the window for me,1
this reminds me of something funny,0
that's that's what what she said,0
robot show me the way,1
what what are you doing this weekend,0
hey assistant play some some music,1
switch switch off the lights in in in the kitchen,1
open open the window window for for me,1
could you lower lower the volume,1
switch off the lights in the kitchen,1
hey assistant play some music music,1
open the window for me me,1
help me with the directions directions,1
she said said you you were late,0
i need your help here,1
i i am going going to the store store now now now,0
could you please uh repeat that,1
open the window for me,1
i really love this weather,0
turn on on the ac,1
translate this to spanish spanish,1
so what do you all think think think,0
i am going to the store now,0
could you please repeat that,1
call call me when when you reach,0
she said you were late,0
it’s great talking to you,0
turn turn on the ac,1
are are you you listening,1
robot stop,1
can you you explain explain like that again,1
okay see like you around,0
can you take a picture picture,1
i’ll talk to to you tomorrow,0
my my phone battery battery is is dying dying,0
can you you help me with this,1
turn turn on the ac,1
like she said said you um were late,0
take a note please,1
hey assistant play some music,1
good morning everyone,0
we um should leave soon,0
can you help me with this this this,1
good morning everyone,0
um we should leave soon,0
call me when when you you reach,0
turn on the like ac,1
hey hey assistant play some music,1
so so what what do you all think,0
can you explain that again,1
okay see you around around,0
switch off like the lights in the kitchen,1
can you take a picture picture,1
my phone phone battery is dying,0
my phone battery battery battery is dying,0
i’ll talk to um you tomorrow,0
i’ll talk to to you uh tomorrow,0
tell me a joke,1
so what what do you all think,0
see you next time,0
good morning everyone,0
i really really love this weather,0
uh you know it was was raining yesterday,0
start the uh the fan now,1
let’s get get lunch together together,0
thank you you all uh for being here here,0
my phone battery is dying,0
i’ll um talk to to you tomorrow,0
i’ll talk talk to you tomorrow,0
take a a note note please,1
see you next next time time,0
we should leave soon soon,0
let’s let’s get lunch lunch together,0
can you help me me with this,1
it’s great great talking to you,0
thanks everyone for coming,0
i need your help here,1
what can you do,1
turn um on the lights,1
tell me a a joke,1
i’ll i’ll talk to to you tomorrow,0
let’s let’s get lunch together,0
turn on the ac,1
my phone battery is is dying dying,0
see you like next time,0
translate this to spanish spanish,1
could you um lower the volume,1
see you next time time,0
she said like you were late,0
you know it was raining yesterday,0
what are are you doing like doing this weekend,0
set set um an alarm for 7 7 am am,1
hey assistant play some some music music,1
it’s great talking to um you,0
i need need your help here here,1
stop the music,1
call me when you you like reach,0
hey robot like what is uh the time time,1
stop the music,1
like this reminds me of something funny,0
can you take a a picture,1
it’s been a long long day,0
it’s been a long day day,0
stop stop uh the music music,1
you know it was raining yesterday,0
did you hear that that,0
could could you you please repeat that,1
turn on the uh lights,1
okay see see you around,0
what are are you doing um this weekend,0
turn on on the ac,1
open the window for me,1
could you please repeat that,1
could you you lower the volume volume,1
set an alarm for 7 am,1
what can can you do,1
help me with with the the directions,1
she she said you were late,0
help help me with the directions,1
turn on the ac,1
take a note please,1
i’ll talk um talk to you tomorrow,0
i um really love this weather,0
she said said said you were late,0
hey robot what what is the time,1
switch switch off off the lights in like the kitchen,1
help me me with the the directions,1
i need your help here,1
thank you um all for being here uh here,0
take a note please please,1
robot stop,1
can you take a picture,1
start the fan fan now,1
i i really love love this weather,0
what are you doing doing this weekend,0
it’s it’s great talking to to you,0
i am going to um the store um now,0
open the the window for me,1
open the window for me me,1
start the fan now,1
thank you all all for for being here,0
my phone battery is dying,0
i really love like this weather weather,0
it’s it’s been been a long long day,0
like tell me a joke,1
robot show me me the way,1
she said you you were late,0
could like you lower the um volume,1
hey like assistant play some music,1
switch off off the uh the lights in the kitchen,1
hey assistant assistant like play some some music,1
so what do you all think,0
are you listening,1
switch off off the lights lights in the the kitchen,1
i am am going going to the store now,0
set an alarm for 7 am,1
tell tell me a joke,1
take a note please,1
turn on the ac,1
my um phone battery is dying,0
i’ll talk talk to you tomorrow,0
i really love this weather,0
thank you all for for um being here,0
help help me with the directions,1
can you explain that again,1
translate this to spanish,1
start the fan fan like now,1
thanks everyone for for coming,0
hey hey robot uh what is the time time,1
okay okay uh see like you around,0
translate translate this to to spanish,1
thanks everyone for coming,0
turn like on the lights lights,1
good morning everyone everyone,0
i uh am going to the store now,0
help me with the directions,1
set an alarm alarm for 7 am,1
do you you want to join join us later,0
she said you were late,0
start the the fan now,1
call me when you you reach reach,0
open open the window for for me me,1
remind me like to call mom mom,1
she said you you were uh late,0
switch off the um lights in the the kitchen,1
did you hear that that,0
turn on on the ac,1
open the window window window for me,1
robot stop,1
tell me a joke,1
i was telling you about the plan,0
this reminds me me of of something funny funny,0
so so what do you all think think,0
take a note please,1
open the window for me,1
could you lower the volume,1
okay okay see see you you around around around,0
translate this this to spanish spanish,1
i’ll i’ll talk to you tomorrow,0
did you hear that,0
this this reminds me me of something something funny,0
do you want to join us later,0
we should leave soon soon,0
did did you hear that,0
can uh you help help me me with this,1
remind me to call call like mom,1
can you help me with this,1
i need your help help help here here,1
i was telling you uh about the the plan,0
so what do you all think,0
i really love love this this this weather,0
can you help me with this,1
i really love this weather,0
start the the the fan now like now,1
my phone battery is dying,0
remind uh me to to call mom mom,1
okay see see you you around,0
help me with the directions,1
thanks everyone for coming like coming,0
can can uh you take a picture,1
help help me with the directions,1
hey robot uh what is the time,1
could could you please repeat that,1
switch switch off the lights um in the kitchen,1
call me when when you reach,0
good morning everyone,0
open open the window for for me,1
could you please repeat that,1
what what can you do,1
robot show me the way,1
help help me with the directions directions,1
could you please repeat that,1
this reminds me of something something uh funny,0
remind remind me to to call mom,1
she said said you were late late,0
i was telling you about the um plan,0
turn on the lights,1
she said you were late,0
we should leave soon,0
it’s great talking to you you,0
like take a a note note please please,1
could could um you please repeat like that,1
switch off the lights in the kitchen kitchen,1
my my phone battery is dying,0
turn turn on the lights,1
stop stop the music,1
it’s been a long day,0
can you take a a picture,1
this reminds me of of something funny funny,0
that's what she said,0
so what like what do do um you all all think,0
stop stop the the music music,1
this this reminds me of something something funny funny,0
see you next time,0
thanks everyone um for coming coming coming,0
stop the music,1
it’s been uh a long long day day day,0
could you you please repeat that,1
robot stop,1
are you listening,1
i i am going going to the store now now,0
see you you next time time,0
okay see you you around,0
start the fan now,1
what are you doing this weekend,0
it’s it’s great talking talking to you like you,0
like help me with with the directions,1
could you you lower the like the volume,1
could could you you lower the volume,1
see you next time,0
hey um assistant play play some music music,1
set an alarm for 7 am,1
what can you do,1
like stop the the music music,1
help me with the directions,1
turn on the lights,1
it’s it’s great talking to you,0
remind me um to call mom,1
we should should should leave soon,0
can you you help me me with this,1
my my phone battery is dying,0
could you please please repeat that,1
i i really love this this weather,0
help me with the the directions,1
tell me a like joke,1
you um know it was raining yesterday yesterday,0
translate this this to spanish,1
this this reminds me me of something funny,0
so what do you all like think,0
could you lower the volume volume,1
i’ll talk to you tomorrow,0
it’s been a long day,0
let’s get get lunch together,0
set an an an alarm for 7 am,1
okay okay okay see you around,0
we should leave soon,0
open the window for me,1
call call me me when when you reach,0
set um set an an alarm for 7 am,1
it’s great talking to you,0
switch off the lights in the kitchen kitchen,1
it’s been a a long day,0
i i need need your help here,1
could you lower lower the the volume,1
remind me to call call mom,1
hey assistant assistant play some music music,1
let’s get lunch together together,0
what can um you do do,1
um could you please repeat that,1
thanks thanks everyone for coming,0
good morning morning everyone everyone,0
good good morning everyone,0
thanks everyone for coming,0
turn on the the ac,1
i am going to to the store now,0
are you like you listening,1
tell me a joke,1
take a a note please,1
turn on the ac,1
hey hey assistant assistant play some music,1
can you help me with this,1
remind me to call call mom mom,1
what what are are you doing doing this weekend,0
let’s let’s get lunch uh together,0
my phone battery is dying dying,0
call me me when you reach,0
you know it was was raining yesterday,0
this reminds me of something funny,0
can you explain that again,1
thanks everyone everyone for coming,0
remind me me to call mom,1
i really love uh this weather,0
it’s been a long day,0
we should leave leave soon,0
um see you next time time,0
what can can you you you do,1
so what what do you all think,0
we should leave soon,0
i was telling you you about about the plan,0
can you um help me with this,1
set an alarm alarm for for 7 7 am am,1
start the fan now,1
uh see you next time,0
set set an alarm for 7 am,1
you know it was raining raining yesterday,0
are you listening,1
help me with the directions,1
can you take a picture,1
take a note please,1
i i am going to to the store now,0
hey robot what is is the time time,1
that's what she said,0
take a note please please,1
can can you explain that again,1
thank you all for being being here,0
switch off off um the lights in the kitchen,1
we should leave soon,0
we we should should leave soon,0
i am going going to the store now,0
hey assistant play some music,1
robot stop,1
call me when when you you reach,0
turn on the the ac,1
open the the window for me me,1
turn turn on the ac,1
good morning morning everyone,0
help um help me with the directions directions,1
set an an alarm for 7 am,1
um could you lower the volume,1
stop the music,1
my phone battery is dying,0
that's what what she said said,0
stop uh the music,1
um i am going to the the store like now,0
i really uh love this weather weather,0
thanks thanks everyone for coming coming,0
hey hey robot what is the time,1
open open the window for for me,1
she said you were late,0
what can you do do,1
could you please repeat that that,1
i need your your help here,1
are you like listening,1
you know it it was raining yesterday yesterday,0
i really love this weather like weather,0
so what uh do you like all think,0
help help me with with the directions,1
turn like turn on uh on the lights,1
turn on the lights lights,1
see you next time,0
good good morning everyone,0
set set an alarm for 7 7 am,1
take a note please,1
robot show me the way,1
do you want to to join us later,0
thank you all all for being here,0
let’s get lunch together together,0
hey robot robot what is the the time,1
so what do do you all all think,0
switch off the lights in the kitchen,1
uh open the window for me,1
did you hear that,0
so so what do do you um all think,0
set an an alarm for like 7 am,1
i i really love this this weather,0
robot stop,1
let’s get lunch together like together,0
i i was telling you about about the plan plan,0
set an alarm for for 7 am,1
it’s been been a long long day,0
okay see see you around around around,0
what what are you doing this weekend,0
this this reminds me um of something funny funny,0
i’ll talk to you tomorrow,0
so what what do you all think,0
start the fan now,1
like i’ll talk to you tomorrow tomorrow,0
do you want to join us later,0
call call me when when you reach,0
hey assistant play some some music,1
could you lower the volume uh volume,1
see you you next time,0
uh could you you lower the volume,1
do you want to to join us us later later,0
i was telling you about the plan plan,0
she said you you were were late,0
i’ll i’ll talk to to you tomorrow,0
what can can you do,1
are you listening,1
start the the fan now,1
set an alarm alarm for 7 am,1
could you lower the the volume,1
set an alarm for 7 am,1
are you listening,1
start the fan like now,1
can you take take a a picture,1
help me with the directions,1
good morning everyone,0
hey assistant play some uh music,1
let’s let’s get get get lunch together together,0
remind remind me to call call mom,1
good morning everyone,0
could you you please please repeat that,1
see you next time,0
you like know it uh was raining yesterday yesterday,0
robot stop,1
did you hear hear hear that that,0
she she said you were were late,0
remind me to call mom mom,1
this reminds me of something funny,0
that's what she said,0
we should leave soon,0
open open the the window for me,1
thank thank thank you all for being here,0
let’s get lunch lunch together,0
could um you please repeat that,1
robot stop,1
can you take take a picture,1
okay see you around,0
are you listening,1
this this reminds me of something funny,0
can can you help me me with this,1
did you you hear hear that,0
okay see see um you around,0
good morning morning everyone,0
like set an alarm for 7 um am,1
uh my um phone battery is dying,0
can you take a a picture picture,1
call me me when you um reach,0
switch off the like lights in the kitchen,1
did you hear hear that,0
we should leave leave soon,0
it’s been a long long day,0
thanks everyone for coming,0
can can you help me with um this,1
it’s great talking to you,0
i am going to the store uh store now,0
remind me to call mom,1
remind me to call mom,1
my phone phone battery is dying,0
tell me a joke,1
thanks everyone for coming,0
do you uh want to join us later,0
hey robot what is the time,1
she said you were late,0
i need your help help here,1
did you hear that,0
stop the music,1
help me with with the directions,1
can you you explain that that again,1
i’ll talk to you tomorrow,0
hey assistant play some some music music,1
i’ll talk to you tomorrow,0
this reminds me of of something funny,0
my phone phone like battery is dying dying,0
can you help me with this,1
could you please repeat that,1
robot robot stop stop,1
i am going to the the store now,0
do you want to to join us later,0
she said you were like were late,0
i i need your help here,1
um so what do you all think,0
translate this to spanish,1
call me when when you you reach,0
turn on on the ac,1
um what are you doing this this weekend,0
thank you all all all for being here,0
can you explain explain that that again,1
tell me a joke,1
good morning everyone,0
robot show me the way,1
can can you explain that again,1
so what do you all think,0
tell tell me a joke,1
can you take a picture,1
could you lower lower the the volume uh volume,1
thank you all like for being here um here,0
remind me to call call mom mom,1
start the fan now,1
set an alarm for 7 am,1
good morning morning everyone,0
my phone battery is dying,0
thank thank you all for for being here,0
start start the fan now,1
she said you were late,0
start start the fan now,1
robot show me the um way,1
good uh good morning everyone,0
robot stop,1
it’s been a long long day,0
turn on the ac ac,1
can you help me me with this,1
it’s been a long day day,0
i’ll i’ll talk talk to you tomorrow,0
i i am going to to the store now now,0
set an alarm for 7 am,1
what are you doing doing this weekend,0
my phone battery is dying,0
switch switch off uh off the lights in in the kitchen kitchen,1
so what do do you all think,0
turn on the lights,1
could you please repeat that that,1
like call me when you uh reach,0
could could you lower the volume,1
do you want to to join us uh later,0
remind me to call call mom,1
okay see you around,0
open the window window for me,1
set an alarm for for 7 am,1
what are are you doing this weekend,0
my phone battery is dying,0
we should leave leave soon,0
thank thank you all for being here,0
we should leave leave soon soon,0
thank you you all for being here,0
okay okay see you like around,0
open the window for me,1
i need your help here,1
okay see you around,0
i i really love love this this weather,0
that's what she like she said,0
open open the the window for me,1
turn on on the ac,1
what can you do,1
i am going to the store now,0
do do you you want to join join us later,0
it’s been a long day,0
can can you you take a picture,1
you know it it was raining yesterday,0
i’ll talk to you tomorrow,0
what can you do do,1
what can you you do,1
uh could you lower lower the volume,1
thank you you all for being like here,0
this reminds reminds me me of something funny funny,0
remind remind me to call mom,1
start the fan now,1
um turn on the lights,1
turn on on the the ac,1
robot show me the way way,1
could could you lower lower the volume,1
you know it was raining yesterday,0
robot stop,1
that's what what she said,0
what um are you doing doing uh this weekend,0
i need your help here,1
see see you next time,0
turn on the lights,1
like thank you all for being here,0
could you lower lower the volume,1
take a note please,1
so what do you all think think,0
can you explain that again,1
my uh phone battery battery is dying,0
good morning morning everyone,0
turn on the lights,1
i really love this weather weather,0
turn on the lights,1
that's what she said said,0
um thanks everyone everyone for coming,0
it’s uh been a long long day,0
start start the fan now,1
okay okay see you around,0
turn like turn on the lights lights,1
switch off um the lights in the uh the kitchen,1
i was telling you about the plan,0
we should leave soon,0
remind me me to call call mom,1
um are you listening,1
see you next time,0
uh could you lower the volume,1
like remind me to to call mom,1
let’s let’s get lunch together,0
remind me to call call mom mom,1
could you please repeat that,1
did you you hear that that,0
good morning everyone,0
i’ll i’ll talk to you tomorrow,0
this reminds me of something something funny,0
help me with the directions directions,1
could you please uh repeat that,1
i i really love love this weather weather weather,0
remind me to call mom,1
stop the music,1
we should leave soon,0
thank you all for being here here,0
hey hey assistant assistant play some music,1
could you please repeat that,1
do um you want to join us us later,0
what are you doing this weekend,0
this reminds reminds me of something funny,0
could you lower the the volume,1
turn on the ac,1
i really love this this weather,0
can you you explain explain that again,1
do you you want to join us later,0
start the fan now,1
robot robot stop,1
that's um that's what she said,0
um take a a note note please,1
what what are you doing this weekend,0
could you please repeat that that,1
can can you you help me with this,1
okay see you around around,0
switch off the lights in the the kitchen,1
so what do you you all think,0
it’s been been a long long day,0
can you take a picture,1
can you explain um that again again,1
stop the music,1
turn on the ac ac,1
um switch off off the lights in the kitchen kitchen,1
did you hear that,0
she said um you were late,0
turn on the lights,1
open the window for um me,1
hey assistant assistant play some some like music,1
did you hear that,0
thank you all for being here,0
it’s been a long day,0
set set an an alarm for 7 am,1
you know it was raining raining yesterday yesterday,0
call me when you reach,0
start start the fan fan now,1
can you explain that um again,1
this reminds me of something funny,0
robot show me me the the way,1
call me when you you you reach,0
set an an alarm alarm for 7 am,1
i am am going to the store now,0
can you explain that again,1
open open the window window for me,1
that's what she said said,0
switch off off the lights in the kitchen,1
you know know it was raining raining yesterday,0
see you next time,0
you know it was raining yesterday,0
can you explain um that uh again,1
set an an alarm for 7 am,1
this this reminds uh me of something funny,0
remind me to call call mom,1
thank you all for being here,0
call call me when you you reach,0
okay see you you around,0
turn on the ac ac,1
thank you all for like for being here,0
start the the fan now now,1
that's what she said,0
are you you listening,1
robot robot show me the way way way,1
turn on the ac ac,1
i need your help help here,1
turn on the lights lights,1
what can you do,1
i’ll i’ll talk talk to you tomorrow,0
tell me a joke,1
robot stop,1
she said you uh were late,0
can can you take a picture,1
you know it was was uh raining yesterday,0
i need your your help help here,1
are you listening,1
i was telling you about like the plan,0
she she said you you you were late,0
thanks everyone for coming,0
did you hear that,0
it’s been a long day,0
i’ll talk to you tomorrow,0
so what do you all uh think,0
what are you doing this this this weekend weekend,0
open the window for for me,1
do you want to join join us later,0
start start the fan now,1
can you explain um that again,1
could you please please repeat that,1
she said you were late,0
i i am going to the store now,0
i am am going to the the store now,0
okay um see like you around,0
it’s great talking talking to you,0
take a a note note um please,1
thank thank you all for being here,0
see you next time,0
thank you all all for being here,0
i was telling telling you about the plan,0
it’s great talking to to you,0
can you explain that like again,1
could you you please repeat that,1
set an alarm for 7 7 am,1
tell me a joke,1
start the fan now now,1
open the the window window for me,1
remind me to call mom mom,1
robot show um show me the way,1
i’ll talk to you tomorrow,0
did you hear hear that that,0
can you explain that again,1
i was telling telling you about the plan,0
hey assistant play some some music,1
remind me to call like mom,1
thanks everyone for coming,0
can you take a picture,1
see see you next time,0
stop the um music,1
do do you want want to join us later,0
it’s it’s been a long long day,0
this reminds me um of something funny,0
could you please please like repeat like that,1
are you listening,1
see see you you next next time,0
can you you you explain that again,1
call me when when you reach,0
robot robot stop,1
i’ll talk talk to to uh you tomorrow tomorrow,0
so like what do you all think,0
thank you all for being being here,0
okay see you around around,0
you know know it was raining yesterday yesterday,0
i was was telling telling you you about the the plan,0
open the the window for me,1
hey assistant play play some some music music,1
that's what she said said,0
robot robot stop stop,1
let’s let’s get get lunch um lunch together,0
call me when you reach,0
are you listening,1
can you you take a picture,1
see see you next time,0
translate this to like to spanish uh spanish,1
see you you next time,0
switch off off the lights in the kitchen kitchen,1
translate this to spanish spanish,1
i am going to to the store now,0
robot stop stop,1
so so so what what what do you all think,0
can you explain that again,1
robot show me the way,1
it’s it’s it’s great great great talking to to you,0
see you next time,0
she said you were late uh late,0
turn on the ac,1
call me when you reach,0
call me when you reach,0
good good like morning everyone,0
could you lower the the volume,1
switch off the lights in the kitchen,1
it’s great talking to you,0
um take a note please please,1
tell me a joke,1
that's what she said,0
could you you please repeat repeat that,1
turn on on the the ac,1
help me with with the directions,1
thanks everyone for coming,0
could you you lower the volume,1
so what do you all think,0
okay see you around,0
tell tell me me a joke,1
okay okay see see you around,0
we should should leave leave soon,0
remind me to call call mom,1
we should leave soon,0
remind me me to call uh mom,1
do you want want to join us us later,0
switch switch off the the lights in the kitchen,1
good good morning morning everyone,0
okay see see see you around,0
i i really love this this weather,0
good morning everyone everyone,0
can you take a picture,1
turn on the ac ac,1
see see you next time,0
i like was telling telling you about the plan,0
so what do you all think,0
you know it was raining yesterday,0
what can you you do,1
that's what she she she said,0
i need need your help here,1
turn on the the ac,1
i’ll i’ll talk to to you tomorrow,0
what uh are you doing doing this weekend,0
can you explain that again,1
set an alarm alarm for 7 am,1
can you take a picture,1
help me with the directions,1
thanks everyone for coming,0
turn turn on the the like lights,1
i need your help here,1
so what do uh you all think,0
call me when you reach,0
hey assistant play some music,1
hey assistant play play some music,1
call me when you reach,0
start the fan now now,1
we should leave soon soon,0
my phone battery is dying,0
do you you want want to join join us like later,0
hey robot what is the time,1
this reminds me me of something funny,0
i need your like help here,1
you um know it it was raining yesterday yesterday,0
she said you were late late,0
do you you want to join us later,0
you know it it it was was raining um raining yesterday,0
switch switch off the lights in the kitchen,1
good morning everyone,0
it’s it’s great talking to you you,0
this reminds reminds me of something something funny,0
uh it’s been a uh long day day,0
i was telling you about about the plan,0
uh this reminds reminds like me of of something funny,0
this reminds me of something funny,0
hey assistant play play some music,1
tell me uh a joke,1
i was telling you about the plan,0
can you help me with this this,1
call like me when you you reach,0
open the uh the window for me,1
i i need need your help here,1
i need your help help here,1
thank you you all all for being here,0
we should leave soon,0
see you next time,0
thanks like thanks everyone for coming coming,0
she she said said you you were were late,0
okay see you around,0
robot robot show me the way way,1
like hey assistant play play some some music,1
let’s get lunch lunch together,0
turn on the ac,1
are you you listening listening,1
i i need your your help here,1
thanks everyone for for coming,0
let’s get lunch like together,0
robot show me the way way,1
switch switch off off the the lights lights lights in the kitchen,1
uh can you help me me with this,1
it’s great talking to you,0
could you lower the the volume,1
did did you hear that,0
can can you you help help me with uh this,1
call me me when when you reach,0
she like said you were late,0
tell me a a joke,1
remind me to call mom mom,1
could you please repeat that that,1
good morning everyone,0
we we should leave soon,0
translate this to to spanish spanish,1
she said said you were late,0
did you uh hear that,0
this reminds reminds me me of something funny,0
what can you do,1
open open the the window for me,1
open the window window for me,1
remind me to call mom,1
could you please repeat that,1
good morning morning everyone,0
i need your help here,1
do you want to join us later,0
hey hey hey assistant play some music music,1
um we should leave soon,0
let’s let’s get lunch together,0
start the fan now now,1
robot stop stop,1
hey assistant play some some music,1
turn on the the lights,1
like it’s been a long uh day,0
do you you you want to join us later,0
you know it was uh raining yesterday yesterday,0
you you know know it was raining raining yesterday uh yesterday,0
call call me uh when you reach,0
we should leave soon,0
let’s get lunch lunch together together,0
tell tell me a joke,1
that's that's what she she said,0
call call me when you reach reach,0
open the window for for me,1
good morning everyone,0
switch off the lights in the the kitchen,1
could you please repeat that that,1
it’s great great talking talking to you,0
what are you you doing doing this weekend,0
that's what she said,0
hey robot what is the time,1
translate like this to spanish,1
uh i need um your help here here,1
start the fan now,1
tell me a joke,1
uh remind me to call mom,1
turn on on the ac,1
i really love this weather weather,0
i really love love this weather,0
start the fan now uh now,1
we should leave soon,0
start the the fan fan now,1
i was telling you about the like the plan,0
i i am going going to the store now,0
did you you hear that,0
i am um going um to the the store now,0
my phone battery is dying,0
did you you hear that like that,0
can you take a a picture picture,1
call me um me when you reach,0
we should should leave soon,0
could you please please repeat um that,1
remind me um to call mom,1
tell me a joke joke,1
hey robot what is the time,1
tell me a joke joke,1
do you want want to join us like later,0
i’ll i’ll talk talk to to you tomorrow,0
what are you doing this weekend,0
that's what she said,0
it’s been a long day,0
what are you doing this weekend,0
remind remind me to to call mom,1
could you please please repeat that,1
good morning everyone,0
i am going to the store now,0
it’s great talking to you you,0
could could you lower the volume,1
okay okay see you around,0
this reminds me me of of something funny,0
switch switch off the lights in the the the kitchen,1
it’s great talking to you,0
good morning everyone,0
she said you were late uh late,0
can you you take take a picture,1
open the window for me me,1
see you uh next time time,0
it’s been a long day,0
i am going to uh the like store now,0
i i was telling you you about the plan,0
what can you do,1
switch off the lights in the kitchen,1
robot show me me the um way,1
tell me a joke,1
start the fan fan now,1
robot stop,1
good morning everyone,0
open the window for um for me me me,1
my phone battery is dying dying,0
that's what she said,0
tell me me a a joke joke,1
did like you hear uh that,0
turn on the the lights,1
do you want want to join us us us later,0
could you please repeat that,1
tell tell me a joke,1
like what can you do,1
good good morning everyone,0
can you explain that again,1
remind me me me to call mom,1
she um said you were were late late,0
can you uh take a a picture,1
could you lower the volume,1
what are are you doing this this weekend,0
turn on the the like lights,1
do do you want to uh join us later,0
so what do you all think,0
stop stop the music,1
i need your help here here,1
so what do you all think think,0
good morning morning everyone,0
robot um stop,1
hey robot what is the time,1
it’s been a long day,0
robot stop,1
what what are you you doing this this weekend,0
what can you do do,1
start the fan now,1
thanks thanks everyone for coming,0
she said said you you were late,0
thank you you all for like being here,0
thanks thanks everyone for coming,0
what are you doing this weekend weekend,0
this reminds me of something something funny,0
i really love this weather,0
that's what she said,0
help me with the directions,1
what can you you do,1
take a note please,1
i i really love this weather weather,0
help me with the the directions,1
we uh should leave soon,0
robot show show me the way,1
turn on the lights lights,1
call me when you reach,0
hey assistant play some music,1
tell uh tell me me a like joke,1
could could you lower lower the volume,1
so so what what do you all think,0
robot show me uh the way,1
what can you you do,1
do do you want to join um join us like later,0
i i was was telling you about the plan,0
can you help me like with this,1
are you listening,1
call me when when you reach,0
stop stop the music,1
hey hey assistant play some music,1
robot stop,1
i was was telling you you about the the plan,0
are you listening,1
um robot stop,1
help me uh with the the the directions directions,1
start the fan now,1
stop the music,1
help me with the directions,1
what what can you do,1
stop stop like stop the the music,1
did you hear that,0
um she said said you were late,0
robot show me the way way,1
it’s been a a long day,0
translate this this to spanish,1
see you next time,0
it’s been a a long uh day,0
that's what what she said said,0
my my my phone battery is dying uh dying,0
could you uh please repeat repeat that,1
can can you help help me me with this,1
help me with the directions directions,1
i need need your help here,1
my my phone phone battery is dying,0
are are are um you listening listening listening,1
it’s great talking to to you,0
do do you want to join us later,0
that's um what she she said,0
you know it it was raining yesterday,0
could you you please repeat that,1
remind remind me to call call mom,1
are you listening,1
i’ll talk talk to you tomorrow tomorrow tomorrow,0
she said you you were late,0
robot show me the way,1
call me when you reach,0
start the fan now,1
did you you like hear that,0
tell me a uh joke,1
you know it was was raining yesterday yesterday,0
what can you you do,1
we we should leave soon soon,0
i i um need your help help here,1
thanks everyone for coming,0
start start the fan now,1
what what can can you uh do,1
what can can you do,1
robot show me um the way,1
open open the the window for for me,1
hey robot what is is the time,1
this uh reminds me of something funny,0
so what do you you all think think,0
um do you you want to join um join us later,0
my phone battery is dying,0
turn on the lights,1
translate this to spanish,1
my um phone battery is is dying,0
i need your help here,1
turn like on the lights,1
hey robot robot what what is is the time,1
help me me with uh the directions,1
this this reminds me of something funny,0
so what do you you all all think think,0
set an alarm for 7 7 am am,1
okay see you around,0
call me when when you you reach,0
that's what she said,0
let’s get lunch lunch together,0
i am am going to to the store now,0
good good morning everyone,0
hey assistant play some some music,1
it’s great great talking to you,0
this uh this reminds reminds me me of something funny,0
robot stop,1
tell me a joke joke,1
can you take a picture picture,1
translate this this to spanish spanish spanish,1
translate this this to spanish um spanish,1
this reminds me of something funny,0
are you listening,1
turn on the ac ac,1
my my phone battery like battery is dying,0
tell me a a joke joke,1
hey robot robot what is the the time,1
i need your like help here,1
stop the music,1
i i really love um this weather,0
hey robot robot what what um is the like time,1
translate this to to spanish,1
thanks everyone everyone for for coming,0
tell tell me a joke,1
could could you lower the volume,1
can you help me with this,1
stop the the music,1
turn on the the ac ac,1
can you take a picture,1
start the fan now,1
it’s great talking to to you,0
i really really love this weather,0
remind me me to to call call mom,1
it’s it’s been a a long day,0
hey robot what is the the time time,1
switch switch off the lights in the kitchen,1
you know like it was raining raining yesterday yesterday,0
turn on the ac,1
are you listening,1
okay see you around,0
can you explain that that again,1
what can you do,1
my phone battery is is is dying,0
set an alarm um for 7 am,1
are you listening,1
good morning everyone,0
so what do you all think,0
open the window window for for me,1
it’s been um a long day,0
so so what do you all think,0
like so what do you all all think think,0
it’s been a long day,0
okay okay see see you around,0
it’s been a long day day,0
i’ll talk talk to you you tomorrow,0
she said you you were late,0
i i i am going going to to the store store now,0
translate this to spanish,1
tell me a joke,1
my phone uh battery is dying,0
help me me with with the uh directions,1
translate like translate this to to spanish spanish,1
stop stop the music,1
thank you all for being here,0
i i i was telling you about the the um plan,0
remind me to call mom,1
thank you all for being being here,0
call me when you reach,0
could you please uh please repeat that,1
what what can you do,1
set um an alarm for 7 am,1
thanks everyone for coming,0
it’s great talking to you,0
what can you do,1
turn on uh the ac,1
help me me with with the directions,1
let’s let’s get lunch lunch together,0
open the the window for me,1
it’s been a um long day,0
are you you listening,1
it’s great talking to you you,0
good morning everyone,0
can you explain that um again,1
can can you explain that again,1
i am going to the the store store now,0
do do you you want to to join us later,0
do you want to join us later,0
thanks everyone for coming,0
good morning everyone everyone,0
so what uh what do you all think,0
could could uh you lower the volume,1
call me when you you reach,0
what can you do,1
remind remind me to call mom,1
set an alarm for 7 am,1
that's what she said,0
translate this to spanish spanish,1
hey robot robot um what is the time time,1
can you you explain that again,1
okay see you around,0
we should leave soon,0
i i really love this weather,0
are are you listening,1
i i really love love this weather,0
help help me me with the directions directions,1
can you help me me with with this,1
can you take a uh picture,1
hey robot what is is the time,1
hey assistant assistant play play some music,1
can you explain that again,1
what are you you doing this weekend,0
i was was telling you about like the plan plan,0
thanks thanks everyone for coming,0
thank you you all for being here,0
what what can you do,1
what can you do,1
my phone battery battery is dying,0
okay see you you around around,0
you you know it was was raining yesterday,0
stop stop the music,1
i was telling you about about the plan,0
robot robot robot stop stop,1
did you uh hear that,0
let’s let’s get lunch together,0
i was was telling um you about the like plan,0
this reminds me of something funny,0
i’ll talk to to you tomorrow tomorrow,0
thank you all for uh being here,0
translate this this to spanish,1
you know know it was raining yesterday,0
i’ll talk to you tomorrow,0
i need your help here,1
we we should leave soon,0
i i really really love this weather,0
my phone battery battery is dying,0
this this reminds me um me like of something funny,0
i am going to the the store now now,0
could you you lower lower the volume,1
do you want to join us later,0
can you take a picture,1
let’s get lunch together,0
she said said you were late,0
what are you you doing doing this this weekend,0
it’s been been a a um long day,0
can you explain explain that again,1
i am going to the store now,0
could you you please repeat that,1
can can you you help help me me with this,1
start the uh fan now,1
what can you um do,1
i’ll i’ll talk to you tomorrow tomorrow,0
okay see you around,0
thank thank you all all for being being here,0
i was telling you about the plan like plan,0
take a note please,1
um did you hear hear that,0
are you listening,1
could you lower the the volume,1
what are you you doing this weekend,0
okay see see you you around,0
i was telling you about the plan,0
we should should leave soon soon,0
call call me when when you reach,0
can you help me with this,1
that's what what she said said,0
that's what what like she said,0
hey assistant uh play some music,1
can you help me with this,1
hey hey hey robot what is the time,1
i’ll talk to you tomorrow,0
start start the um fan now,1
it’s great great talking talking to you,0
can you explain that again,1
call me when you you reach reach,0
turn on the ac,1
that's what what she said,0
did uh you hear that,0
can you you take a a picture,1
robot stop stop,1
hey assistant play some music,1
good good morning everyone,0
let’s get lunch lunch together,0
we should leave soon,0
what are you doing this weekend,0
what what are you you doing doing this weekend weekend weekend,0
translate this to spanish,1
set an alarm for 7 am,1
hey hey assistant assistant play some music,1
i need need your your help here,1
i was telling you about um the plan,0
we should leave soon,0
turn on the lights,1
i need your help help here,1
i i need uh need your help here,1
can can you explain that again,1
let’s get lunch together,0
okay see you you around,0
like remind me to call um call mom,1
what are you doing this weekend,0
uh set an alarm for 7 am,1
what are you doing this weekend,0
hey robot what is the the time,1
she uh said you were late late,0
my phone battery um is dying,0
can you take a picture,1
open like open the window for me,1
set an alarm for for 7 am,1
stop the music,1
um did like you hear that,0
stop the music,1
call call me when you reach,0
okay see you you around,0
translate this to spanish,1
do um do you want to join us later,0
she said you were um late,0
this reminds me me of like something funny,0
this this reminds reminds me of something funny,0
you know it was was raining yesterday,0
translate this uh to spanish,1
what can you do do,1
stop stop the music music,1
do you want to join us us later,0
thank you all for for being being here,0
switch off the lights lights in in the the kitchen,1
i really really love this weather,0
good morning everyone,0
see you you next time,0
tell me a joke,1
good morning everyone,0
it’s it’s been a a long long day,0
tell me me a joke,1
take take a note please,1
she said you were late late,0
open the window for me,1
hey assistant play some music,1
start the fan fan now,1
can you help me me with this,1
help me um me with the directions,1
remind remind me to to call mom,1
that's what she she said,0
stop the music,1
hey assistant play some music,1
we should should leave soon,0
do do you want to join us later,0
translate translate this this to spanish,1
we should leave soon,0
translate this to spanish spanish,1
i was telling you you about the the plan,0
i’ll i’ll talk to you tomorrow,0
what what are you doing this weekend,0
i really love this weather weather,0
are you listening listening,1
i need your help here here,1
switch off the lights in the kitchen,1
what can you do,1
let’s get lunch together,0
can can you you you help me with this,1
my phone uh battery is uh dying,0
what can you do,1
call me when like you reach,0
thanks everyone for coming,0
can can you explain explain that again again,1
what what can you do,1
are you listening,1
this this reminds reminds me of something funny,0
remind me to call mom mom,1
robot show me the way way,1
can you you take take a a a picture,1
can you take take a a picture,1
robot uh robot show me me the the way,1
you know like it was was raining yesterday,0
i need your your help here,1
could you please repeat that,1
take a note please,1
what what are you doing doing this weekend,0
do you want to to join us later,0
set an alarm for 7 am,1
remind me to call mom,1
i really love this weather weather,0
turn on the ac,1
you you know it was was raining raining raining yesterday,0
could you you lower the volume volume,1
thanks thanks everyone everyone for coming,0
take a note please,1
robot show show me the the way,1
could you lower the volume,1
see see you next time,0
uh thanks everyone for coming,0
are you listening,1
she said you were were late late,0
what are you you doing this this weekend weekend,0
this reminds me of something funny,0
like robot stop stop,1
can can you take a a picture picture,1
can you you help me with with this,1
call me when you reach,0
start the fan now now,1
take take a note please,1
turn on the ac,1
okay see you around,0
what what are you doing this weekend,0
she said you were were late,0
call me when you reach,0
turn on the lights lights,1
um open the uh the window for me me,1
are you listening listening,1
stop stop the music,1
could could you lower the volume,1
stop the the music,1
so what do you you all think,0
turn on the ac,1
it’s great talking to to you you,0
so what do you all think,0
see see you next time,0
stop the the music,1
help me me with the directions,1
so what do you all think,0
that's what she said said,0
my phone battery battery is is dying,0
it’s great talking to you,0
help me with the directions directions,1
good morning everyone everyone,0
thank thank you all for being like being here,0
open the window for for me me,1
i’ll talk to you tomorrow,0
stop the the music music,1
see you you next next time time,0
my my phone battery is uh dying,0
what are you doing this um weekend,0
are are you listening,1
stop the music like music,1
i am am going to the store now now,0
thanks everyone for coming,0
do do you want like to join us later,0
switch off the the lights in the kitchen,1
i need need your help here,1
take a note please,1
that's what she said,0
turn on the ac,1
robot show me the way,1
i was was telling you you about the plan,0
tell um me a joke uh joke,1
that's what she said,0
good morning everyone,0
can you you take a a picture,1
robot show me me the way way,1
it’s been a long day day,0
do do you want to join join us later,0
do you want to to join us us us later,0
did you hear that that,0
this reminds me of something funny,0
robot robot stop,1
could you lower the volume,1
let’s let’s get lunch lunch together,0
okay see you around,0
are you you listening,1
like take a note please,1
my my phone battery is dying,0
she said said you were late,0
i’ll talk to to you tomorrow,0
my phone battery is dying,0
okay see you around,0
take a note please,1
i am going to to the store now now,0
call me me when you reach,0
could you you lower the volume,1
it’s been a a long day,0
thanks everyone everyone for for coming,0
robot show me the the way way,1
good morning everyone,0
good morning everyone,0
i’ll i’ll talk to you tomorrow,0
this reminds me of of something funny,0
hey assistant play some music music music,1
are are you listening listening,1
set set an alarm alarm for 7 7 am am,1
i need your your um help here,1
i i i was telling telling telling you about the the plan,0
switch off um the lights in the kitchen,1
i am going to to the store store now,0
stop the music,1
are are you you you listening,1
turn on the ac,1
like hey assistant play some music,1
set an alarm for 7 am am,1
hey robot robot robot what is is the um time,1
robot robot stop,1
i need your help here,1
this reminds me of something something funny funny,0
that's what she said,0
stop the music,1
can you help help me with this,1
you know know it was raining yesterday yesterday,0
turn turn on the ac,1
it’s great talking to you you,0
open the window for me,1
hey assistant assistant play some music,1
i’ll talk talk to you tomorrow tomorrow,0
see you next time,0
robot stop,1
we should leave soon,0
could you please repeat that,1
can you take a picture,1
i i need your help uh here,1
switch off off the lights in the the kitchen,1
it’s been a long day,0
could you lower the volume,1
she said you were late,0
like translate this to spanish,1
let’s get lunch lunch together,0
what are you doing this weekend weekend,0
do you want to join us later,0
hey assistant play some music,1
i am going uh to the store store now,0
turn on on the lights,1
um open the the window for me,1
robot show me the like way,1
i am going to to the store now,0
robot robot stop,1
set set an alarm for 7 am,1
so what do you all think,0
turn turn turn on on on the ac,1
my phone battery is dying,0
did did uh you hear that,0
tell me a joke,1
stop the music,1
robot robot show me the way,1
we should leave soon,0
see see you next time,0
translate translate this to spanish,1
could you lower the volume,1
my phone battery is dying,0
we should leave soon,0
turn like on the ac ac,1
what can you um do,1
do you want to to join us later,0
i’ll talk to you tomorrow tomorrow,0
hey hey uh assistant play some music,1
okay see you you around,0
let’s let’s get get lunch lunch together,0
so what what do you all think,0
i was was telling you about about the plan,0
help me with the directions,1
okay see you around,0
okay see see uh you around around,0
it’s been a a long day,0
call me when you reach,0
switch off the lights in the the um the kitchen,1
are you listening,1
could you lower the volume,1
set an alarm for 7 am am,1
good morning everyone,0
switch switch switch off the the lights lights in the the kitchen,1
thanks everyone everyone for coming,0
remind remind me to call mom,1
thank you all for being here,0
that's um what she said said,0
do you want to join us later,0
we we should should uh leave soon,0
are you you listening,1
that's that's like what she said said,0
we should leave soon,0
open the window for me me,1
i really love this this weather,0
i was like was telling telling you about the plan,0
see you next time,0
it’s great talking to you,0
are are you listening,1
could could you lower lower the volume,1
can you explain that again,1
that's what she she said,0
do you you want want to join us later,0
uh hey assistant like play some music,1
okay see see you around,0
did you hear that,0
hey hey assistant play some music,1
can can you you take a a picture,1
my phone phone phone battery battery battery is um is dying dying,0
like hey assistant play some music music,1
she said you were late late,0
i really love this weather,0
call call me um when you reach,0
take a note please please,1
turn on the ac,1
i need need your your help help here,1
i i really love this this weather,0
help me with the directions,1
could you please repeat repeat that,1
can um you take a picture,1
can you take a a picture,1
good morning everyone,0
could you lower the volume volume,1
it’s great talking to you,0
could could you you please please repeat that,1
i am am going going to to the store now,0
remind me to call mom,1
tell me a joke,1
good good morning everyone,0
switch off off the like lights in the kitchen,1
stop the music music,1
are you listening,1
my my my phone battery is dying,0
what what are you doing this weekend weekend,0
thank you you all for being here,0
it’s it’s been a long day,0
that's what she she um she said,0
can you explain that again,1
can can you explain that again,1
take a note note please,1
this reminds reminds me me of of something funny,0
switch off the lights in the the kitchen kitchen,1
see you next next time time,0
i need your help here,1
that's what she said,0
that's what what she said,0
robot show me the way,1
can you explain that again,1
hey robot what is the time,1
i need your help here,1
you know it was raining yesterday,0
this reminds me of something funny,0
she said said you were late,0
translate this to to to spanish spanish,1
can you help me with this,1
i’ll like talk to you tomorrow,0
take take a note please,1
i need your help here here,1
open the window window for me,1
i i was telling you about the plan plan,0
like start the fan now,1
okay see you around around,0
could you please repeat that,1
do you want want to join us like us later,0
this reminds me of something funny funny,0
okay see see you around,0
take take a note note um please,1
that's what she said,0
hey assistant play some music,1
it’s great talking to you,0
it’s great like talking to you,0
remind me to call mom mom,1
can you help me with this,1
could you lower the volume,1
let’s get lunch together,0
can you take a picture,1
remind remind me to call mom,1
help me me with the directions,1
could you lower the the volume,1
it’s great talking to to you,0
this reminds reminds me me of um something funny,0
i need your help here here,1
did you hear that,0
you know it was raining yesterday,0
it’s great great talking to you,0
i need your help here,1
that's what she said said,0
it’s great talking talking to you you,0
she said you were late,0
robot show me the the way,1
can can you help me with this,1
i i really love this this weather,0
could you lower the volume,1
translate this to spanish,1
my phone battery is dying,0
what can you do,1
uh open the window window for me,1
my my phone phone battery is dying dying,0
can you you help help me with this,1
thank um thank you all all for being here,0
this reminds reminds me me of of of something funny,0
remind me to to call mom,1
i need need your help here here,1
hey robot robot what is the time,1
can can you take a picture picture picture,1
it’s been a long day,0
switch off off off the lights lights in the kitchen,1
start the fan now,1
i really really love love this weather weather,0
my phone phone phone battery is dying,0
we should leave soon,0
what are you you doing this this weekend,0
can you explain that that again,1
i’ll talk to you tomorrow,0
take a note please please,1
turn on the lights,1
help me like with the directions,1
good morning morning morning everyone,0
we we should leave soon,0
robot stop stop,1
robot robot robot stop,1
it’s it’s great talking to you you,0
can can you explain that again,1
i was telling you about about um the plan,0
turn on the the uh lights,1
thank thank you all for being here,0
stop the music,1
did you hear that,0
i’ll uh talk to you tomorrow,0
call call me when you reach,0
switch off off the lights in the kitchen kitchen,1
this reminds me um of something funny,0
start start the fan now,1
do you want want um to join join us later,0
hey hey assistant play play um some music,1
can you explain that again again,1
that's what she she she said said,0
help me with the directions,1
so what do do you all think,0
hey hey assistant play play some music,1
can can you take a picture,1
it’s been a long day,0
um do you like you want want to join us later,0
turn on the the lights lights,1
robot robot show me the way,1
thank you all all for being here,0
it’s great talking to you,0
robot stop,1
my phone battery is dying,0
i need your help help here,1
start the fan now,1
i need your help here here,1
so what do you all think,0
i i need your help here here,1
could you you please repeat that um that,1
start the fan now,1
see you next time,0
hey assistant play play some music,1
i i really love this weather,0
remind remind me like to call mom,1
what are you doing this weekend,0
what can you do,1
did you hear that,0
thank you you all all for being here,0
remind remind me uh to call uh mom,1
i i was telling telling you you about about like the plan,0
i uh i was telling you about about the plan,0
turn on the lights,1
good morning everyone,0
like see you next time,0
this reminds reminds me me of something something funny,0
robot stop,1
do you want to join us later,0
it’s been been a long day,0
i am going going to the the store now,0
thanks everyone for for coming,0
turn on the lights,1
so so what do you all think,0
can you take a picture,1
i really like love like this weather,0
good morning morning everyone,0
okay like see you you around,0
good morning everyone everyone,0
this reminds me me of something funny,0
it’s great talking talking to you,0
can you take a picture,1
turn on the ac,1
set set an an alarm like for 7 7 am,1
translate this to spanish,1
so what do you all think think,0
it’s been like a long day,0
turn on the ac,1
see you next time time,0
open the window for me me,1
switch off the the lights in the the kitchen,1
can you explain that that again,1
remind remind me to to call call mom,1
it’s great talking to you,0
so what do you all all think,0
can you explain that again again,1
could you lower the volume,1
do you you want to join us later,0
hey assistant play some music,1
um good morning everyone,0
what are you doing this weekend,0
robot robot show me the way,1
see you you next time,0
could you you lower the the volume volume,1
uh switch off the lights in the kitchen,1
take a uh note please,1
my phone battery is dying,0
can can you take a a picture picture,1
do do you want to join us us like later,0
can can you take a a picture,1
call me when you reach,0
turn turn on like the ac,1
like could you um lower the volume,1
i need your help here,1
turn on the ac,1
it’s uh been a long day,0
set set an um an alarm for 7 am,1
can you take a a picture picture,1
see you next time time,0
what are you you doing this weekend,0
help help me with the directions,1
hey assistant play some music,1
let’s let’s get lunch together,0
so what do you all think,0
hey assistant play some music,1
you know it was raining raining yesterday,0
start the fan now now,1
uh remind me um to call mom mom,1
i was telling you about the the plan,0
what can you do do,1
what can you you do,1
could you lower the volume,1
robot show show me the way,1
so what do uh you all like think,0
that's what she said,0
do do you you want like to join uh us later,0
can you you take take a picture,1
robot robot show me the way way,1
could you lower the volume,1
start the fan now now,1
good morning everyone everyone,0
my phone battery is is dying,0
this reminds me of something funny,0
thanks everyone for for coming,0
call me when like when you reach,0
i am going to the store store now,0
i am am going going to the store now,0
could you please repeat that,1
it’s been a a long day,0
take a note please,1
set set an alarm for 7 7 am,1
i really really love this weather,0
turn on on like the lights,1
she she she said you you were late like late,0
she said said you were were late,0
okay see see you you around around around,0
robot show me the way way,1
do uh you want to join us later later,0
okay see uh see you around around,0
let’s get get lunch together,0
it’s been a long long day,0
it’s great like great talking to you you,0
you know it was raining yesterday,0
can you take a picture,1
let’s let’s get get lunch together,0
translate this this to spanish,1
i need uh your help help here,1
turn on on the lights,1
robot show me me the way,1
stop stop the music,1
you know it was raining yesterday,0
switch off the lights lights in the the kitchen,1
this reminds me of something funny,0
take a a note please,1
stop the music,1
remind me to to call mom,1
thanks everyone for coming,0
it’s been a long day,0
call me when when um you reach reach,0
open the window for me,1
that's um what she said,0
remind me me me to to call mom mom,1
could you please repeat that,1
do you want to join us us later,0
are you listening,1
that's like what she said,0
um i was telling you about the plan,0
i’ll talk to you tomorrow,0
let’s get lunch lunch together,0
can can you you explain explain that again,1
robot show me the way like way,1
i’ll talk to you tomorrow,0
can you explain that again,1
uh do you want to join us later,0
that's that's what she said,0
remind me me to call mom mom,1
stop the music,1
are um you listening,1
thank you all for for being here,0
thank uh you all for for being here,0
could you lower the volume,1
uh hey assistant assistant play some music music,1
switch switch off the the lights in the the kitchen,1
start the fan fan now now,1
that's what she she said,0
see see you next time,0
good morning morning everyone,0
what are you doing this weekend weekend,0
it’s it’s been been a long day day,0
we we should leave soon,0
so so what do do you you all all think think,0
tell me a joke,1
i am going to the um store now,0
my phone battery is dying um dying,0
start start the the fan now,1
thank thank you all for for being here here here,0
it’s great talking to to you,0
i’ll i’ll talk to you tomorrow,0
open the window for for me,1
did you hear that,0
what can you do,1
switch off off the the lights in in uh the kitchen,1
what can you do do,1
you know it was raining yesterday yesterday,0
i was telling you about the plan,0
see you you next time time,0
i was telling you about the the plan,0
could you lower the volume,1
that's what she said,0
see you next time,0
good morning everyone,0
tell me a joke,1
can you take a picture,1
help help me with the directions,1
start the fan now,1
can you explain that again,1
like turn on on the ac,1
this reminds reminds me of of something funny,0
see see you next time,0
we should leave soon,0
help help um me with the uh directions,1
so what what do do you you all think,0
can can you help help me with this,1
open the window for for me,1
let’s let’s get lunch like together,0
can you explain that that again,1
thanks thanks everyone for for coming,0
turn turn on the lights lights,1
we we should leave soon,0
see you next next time,0
okay see you like you around,0
see you you next time,0
remind me to call um mom,1
thank uh you all for being like here,0
can can you explain that again again,1
um i really love this weather,0
did you hear that,0
what can you do,1
stop stop the music,1
did you you hear that that,0
robot stop,1
do you want to join us uh us um later,0
so what do do you all think,0
what can you you do,1
take a a note please please please,1
did you hear hear hear uh that,0
that's what what she she said,0
let’s get lunch together,0
see see you um next time,0
what are you doing this weekend,0
could you please repeat repeat that,1
thanks everyone like for coming coming,0
i’ll talk to you you tomorrow,0
um can you help me with this,1
are you listening,1
i’ll talk to you tomorrow,0
hey robot robot what is the time,1
translate translate this to spanish,1
hey assistant play like some music,1
that's what what what um she said,0
she said you were late,0
so what what do you you all think think,0
start the the fan now now now,1
take a a note please,1
that's what she uh she said,0
switch switch off the lights in the the kitchen kitchen,1
can you take a picture,1
robot stop,1
stop um the music,1
hey assistant play some music,1
so what what do you all all think,0
turn on the lights,1
can you take take a a picture,1
could you lower the volume volume,1
it’s great talking talking to to you,0
let’s get get lunch together,0
tell me a a joke,1
she said you were late,0
good good morning everyone,0
call me when when you reach,0
let’s get lunch together,0
do you want to join us um us later,0
did you hear that,0
let’s get get lunch together,0
translate this to spanish,1
open the window for me,1
i i am am going to the the store now,0
turn on the lights,1
okay see see you around,0
thanks everyone for coming,0
robot stop,1
good good morning everyone,0
we should should leave soon,0
switch switch off the lights in the kitchen,1
let’s get lunch together,0
could could could you lower lower the volume volume volume,1
i’ll talk talk talk to you you tomorrow,0
switch off off the lights lights in the kitchen um kitchen,1
switch off the lights uh lights in in the kitchen,1
take a note please,1
my phone phone battery is dying,0
robot robot stop,1
stop the music,1
it’s great great talking to to to you,0
you know it was was raining yesterday,0
could could you please repeat repeat that,1
what can can you do,1
good morning everyone,0
could you please repeat repeat that,1
let’s get lunch together,0
let’s get lunch lunch together,0
it’s great talking to to you,0
okay see you around,0
do you want want to join us later,0
take take a um note like please,1
are you listening,1
hey robot what is the the time,1
what what uh are you uh doing this weekend,0
okay see you around,0
uh thanks everyone for coming,0
she said said you were late,0
can you explain that again,1
what can you uh you do,1
good morning everyone everyone,0
it’s been a long day day,0
can you help me with this,1
turn on the lights,1
switch off the um lights in the the kitchen,1
what what are you doing this weekend,0
i i really love like this weather,0
robot show me the um way,1
hey robot what is the time time,1
help uh me with with the like directions,1
can you you explain that again,1
turn on the the um lights,1
this reminds me of something funny,0
tell me me a joke,1
could you lower the volume volume,1
set an alarm for for 7 am,1
thanks everyone for coming coming,0
can can you explain that that again again,1
my phone battery is dying,0
stop the music music,1
do you want to join join us later,0
could could you lower lower the volume,1
switch off the lights in the kitchen,1
did you hear that,0
call call me me when when you uh reach,0
you know know it was like raining yesterday,0
i was telling you about the plan,0
hey robot what is is the time,1
she said you were late,0
take a note please,1
call me when like you reach,0
can you take a picture,1
i’ll talk to you tomorrow,0
can you take a picture picture picture,1
you know know it was raining um yesterday,0
that's what um she said,0
tell me like a joke joke,1
turn on the lights lights,1
good morning everyone,0
we should leave soon,0
take a note please,1
could you you lower the volume,1
remind me me to to call um mom,1
set an alarm for 7 am,1
remind me me to call call mom,1
i really love this um this weather,0
thank you all for being here,0
turn on on the ac,1
set an alarm for for 7 am,1
my phone battery battery is dying dying,0
open the window window window for um me,1
hey robot what is the time,1
thank you all for being here,0
call me me when you reach,0
this like reminds me of something funny,0
stop stop the the music,1
what like can you do do,1
you know it was raining raining yesterday yesterday,0
it’s great talking to to you,0
i was was telling you about the plan,0
open the um the window for me,1
hey assistant assistant play some music,1
i like am going to to the store now,0
okay see see like you around,0
that's what she said,0
can you you explain that again,1
you know it was was raining yesterday,0
can you help me with with this,1
hey robot what is the time,1
my phone battery is is dying,0
can you explain explain that again,1
help me with the directions directions,1
remind me to call call mom,1
she said you were late,0
so what uh do you all think,0
could you please repeat that,1
so what do you you like all think,0
are you listening,1
my phone battery is is dying,0
good like morning everyone,0
i am am going to the store store now,0
this this reminds me of something funny,0
hey robot what is the time,1
i’ll talk to you you tomorrow tomorrow,0
can you help me with uh this,1
turn on the lights,1
start the fan now,1
robot show me the way,1
start the fan now,1
turn on the lights,1
it’s it’s been a a long day,0
translate this um to spanish,1
that's what she said,0
okay see see you around around,0
i am going to the store now,0
i i i was telling you about the plan plan,0
like hey assistant play some music,1
it’s great talking to you you,0
start the fan like now,1
robot robot show me me the way,1
stop the uh music,1
remind me to call mom,1
can can you take a picture,1
switch off off the the lights in the the the kitchen,1
let’s get get lunch together,0
are you listening,1
do you want to join us later,0
what what can you do,1
see you next time time time,0
i i need need your help here,1
so what do do you you all think,0
it’s like been a a um a long day,0
translate this to to spanish,1
robot robot show me the way,1
do you you want to to join us later,0
are you listening,1
you know it was raining yesterday,0
like are you listening,1
robot stop stop,1
what are you doing like doing this weekend weekend,0
take a a note please please please,1
stop the music,1
what what can you do,1
open the window for me,1
okay see you you around around,0
hey robot what is is the time,1
open the window for me,1
it’s been a long long day,0
turn on the lights,1
take a note please,1
i really love this weather,0
remind remind me to call mom,1
i was telling uh you about the the plan,0
remind me to to call mom,1
what can you do,1
can you explain that again,1
translate this to spanish,1
see you next next time,0
can you explain that again,1
could you you please repeat that,1
i am going going to the store now,0
it’s it’s been a long day,0
robot robot stop,1
call call me when you you reach,0
can you explain explain that again,1
thanks everyone for coming,0
did you hear that,0
could you you like please repeat that,1
could you please repeat that that,1
can you you explain that again,1
this this reminds me of something funny funny,0
stop the music,1
robot show me uh the way,1
robot stop,1
remind me to call mom,1
can you help me with this,1
she said you were late late,0
what are you doing this weekend,0
i was telling you about about the plan,0
it’s great talking to you you,0
see you next time,0
okay see you you around,0
what can you you do,1
could you please like repeat that,1
what can can you you do,1
you know it was was raining raining yesterday,0
i really really love love this weather weather,0
turn on the lights lights,1
turn on the ac,1
like could you you lower lower the uh volume,1
you know it was was uh raining yesterday,0
that's that's what what she said,0
help help me with the the directions,1
we should should leave soon,0
can you explain that that again,1
switch off off the lights in the kitchen,1
turn on the lights,1
it’s um great talking to you you,0
take a note please,1
okay see see you around,0
um did you you hear that,0
good good morning everyone,0
switch switch off the lights in the kitchen kitchen,1
i really really love this uh this weather weather,0
we should like leave soon,0
translate translate this to spanish,1
i’ll talk to you tomorrow,0
stop the music,1
robot robot stop,1
um translate this this to to spanish,1
switch switch off the lights in in the kitchen,1
robot stop stop,1
are you you listening,1
are you you listening,1
can you explain that again,1
remind me me to call call mom,1
open the window for me,1
hey hey robot what what is the the time time time,1
you know it was raining yesterday,0
turn turn on the the lights uh lights,1
thanks everyone for coming,0
my phone like phone battery battery is dying,0
that's what she said,0
open the window for me,1
remind me me to call call mom,1
set set an alarm for 7 7 am,1
we should should leave soon,0
are you listening,1
could could you lower lower the volume,1
do do do you want to join us later,0
tell tell me a joke,1
you know it was raining yesterday,0
so um what do you like all think,0
um i need your your your help here,1
she said you were late,0
i was telling telling you about the the plan,0
my phone battery is dying dying,0
robot show me me the way,1
okay see you around,0
start the fan fan now,1
robot show me the the way,1
she said you were late,0
i i really love this weather,0
so what do you like all think,0
remind me to call mom,1
i need your your help help here,1
could could you please repeat that,1
so so what do you all think,0
um could you lower the volume,1
stop the music,1
tell me a joke,1
i am am going to the store now,0
thank you all for being here,0
it’s um been a long day,0
my phone battery is dying,0
thanks everyone for for coming,0
take a note please,1
could you like please repeat like that,1
can you you explain like that again,1
my phone battery is dying,0
good morning everyone,0
my phone like battery is dying,0
can you take a picture,1
i was telling you about the plan plan,0
it’s it’s been a long long day,0
thank thank you you um all for for being being here,0
could you please repeat that,1
remind remind me to call mom,1
it’s it’s great talking to you,0
i was telling telling you about about the plan,0
this reminds me me of of something funny,0
do you you want to join us later later,0
it’s great talking to you you,0
did you hear that,0
let’s get lunch together,0
you you know it was raining yesterday,0
it’s great great talking to you,0
she said you were late,0
set an an alarm for 7 am,1
she said you were late,0
she said you were late,0
i was telling you about the plan,0
i’ll talk to you tomorrow,0
are are you listening,1
it’s it’s great talking to to you you,0
she said um you were late,0
we we should leave leave soon,0
you know know it was was raining um yesterday,0
this this reminds me of something funny funny,0
robot show me me the way,1
turn on um the ac ac,1
see you next time,0
what can you do,1
turn on the lights,1
that's what she said,0
turn on the ac,1
can you explain that that again,1
open the like the window for me me,1
switch off the lights um lights in the kitchen,1
i need your help here,1
translate translate translate this to spanish,1
see you you next time,0
what what are are you doing doing this weekend,0
it’s great talking to you,0
do do you want to join us later,0
thanks everyone for coming,0
like did you hear that,0
do you want want to to join us later,0
what are you doing this weekend,0
okay see you around around,0
this reminds reminds me me of something funny funny,0
set an alarm for 7 7 am,1
good morning everyone everyone,0
call me when you reach reach,0
switch off the lights in the the kitchen,1
robot show uh me the the way way,1
i need your help here,1
could you please repeat that,1
let’s get lunch like together,0
could you lower lower the volume volume,1
that's what she said,0
i was telling you you about the plan plan,0
let’s let’s get lunch lunch together,0
do you want to to join us later,0
did you you hear that,0
that's what uh what she said,0
that's what she said,0
can you you explain um that again,1
are you you listening,1
could you please repeat that,1
so what do you all think,0
remind me to call uh mom,1
i i was telling you you about about the the plan,0
can can you you take a picture,1
okay okay see see you around around,0
what are are you doing doing this weekend,0
hey robot what is is the time,1
turn on the lights,1
she said you you were late late,0
what can you do,1
robot show me me um the way,1
she uh said you were late,0
hey robot what what is is the time,1
so what do you all think,0
tell me a joke,1
so what what what do you you all think think,0
thanks everyone for coming,0
open the window for me me,1
can can you help like help me uh with this,1
turn on the lights lights,1
hey robot robot what is is the time time,1
thanks everyone for for coming,0
this reminds me of something funny,0
robot show me the way,1
i was uh was telling you about the plan,0
hey um robot what is is the the time,1
thanks everyone for coming coming,0
translate this to spanish,1
i am going to the the store now,0
you know it was raining yesterday,0
can you explain that again,1
switch switch like off uh the lights in the kitchen,1
um so what what do you all think,0
do you you want to to to join us later,0
see you next time,0
let’s let’s get lunch lunch together,0
see you next next time,0
hey robot uh what is the time,1
i am going to the store store now,0
um turn on the lights,1
could could like you lower the like volume,1
thank you you all all for being being here,0
that's what she said,0
we should should um leave soon soon,0
call me when you uh reach,0
thank thank you you all for being here,0
take a note please please,1
i i really love love this weather,0
i was was telling you about the plan,0
stop the um music,1
see see you next time time,0
hey robot what what is the the time,1
like robot stop,1
tell me me a a joke,1
let’s let’s get lunch together,0
stop the music,1
robot stop,1
she said said you were late late,0
start the the fan now,1
good morning everyone,0
can you you take a picture,1
set an alarm for 7 7 am,1
can you explain that that again,1
could you lower the volume,1
this this reminds me of of something funny,0
thank you all for being being here,0
set an alarm for 7 am,1
take take a note note please,1
can can you take a picture picture,1
good morning everyone,0
turn on on the ac,1
set an an an alarm for for 7 am,1
open open the window for me,1
could you please please repeat repeat that,1
it’s great talking to you,0
could uh you please please repeat that,1
i was was was telling you about the plan,0
my phone battery is dying dying,0
translate this like this to spanish,1
it’s great great talking to to you,0
translate translate this to to spanish,1
switch off uh the lights in the kitchen,1
open open the window for me,1
can you help me with this,1
hey assistant play some music,1
hey assistant play some some music,1
take a note please,1
i was telling you about about the plan,0
we should leave soon,0
translate this to spanish,1
call me when when you reach reach,0
okay see you like around,0
that's what she said said,0
robot show me the the way,1
we should should leave soon soon,0
thank you all all for being being here,0
what are you you doing this weekend,0
could you uh please like repeat that,1
okay see uh you around around,0
i i need your help here,1
translate this to spanish spanish,1
that's what she said,0
what are you doing this weekend,0
thank you like all for being here,0
like okay see you around,0
i i am am going to the store now,0
okay see you you around,0
take a note please,1
remind remind me to call mom,1
she said said you were late late,0
i was telling telling you you about the the plan,0
hey assistant play play some music,1
what can can can you do do,1
see you you next next time time,0
i need your help here,1
can you explain that that again,1
could you please repeat that that,1
that's what she said,0
did you you hear hear hear that,0
uh that's what she said,0
you know know it was raining raining yesterday,0
do you want want to join us later,0
robot stop,1
i need your your help help here,1
i was telling you about about the the plan,0
thank thank you all for being here,0
it’s been um been a long day,0
what can you um do,1
so so what do do you all think,0
switch switch off the lights in the kitchen,1
hey hey robot what what is uh the time,1
turn on the the ac,1
it’s been been a a long day,0
do you you want to join us later,0
can you take a picture,1
see you you next time time,0
i was was telling you you about the plan,0
i was telling you like about the plan,0
turn on the lights,1
this reminds reminds uh me of something funny,0
turn on on the ac,1
turn turn on the lights,1
can like you take a picture picture,1
robot robot stop,1
we should should leave leave soon soon,0
we should leave soon,0
are you listening,1
okay okay see you you around,0
take a note please,1
translate this to to spanish spanish,1
i’ll talk talk to you tomorrow,0
do you you want uh to join us later,0
it’s great like great talking to you,0
this reminds reminds me of of something funny,0
call me when like you reach reach,0
robot show me the way,1
see uh you next time time,0
do do you want want to to join us later,0
could you lower the volume volume,1
help me with the directions,1
stop the music,1
my my phone phone battery is dying,0
uh can you take a um picture,1
okay see you around,0
hey robot what is the time time,1
what are you doing this weekend,0
my phone phone battery um is dying dying,0
could you lower the volume,1
start the fan now,1
robot robot show me me the way,1
i really really love this weather,0
i really love love this weather weather,0
open the window for me me,1
it’s it’s um great um talking to to you,0
translate this to spanish,1
uh translate this this to spanish,1
switch off the lights in in the kitchen kitchen,1
take a note please,1
see you next time,0
let’s get lunch together,0
uh switch off the lights lights in um in the kitchen,1
thank you all for being here,0
hey robot what is the time time,1
turn on the lights lights,1
what what can you do do,1
see um you next time,0
hey robot robot what is the time,1
stop the the music music,1
um could you please repeat that,1
did you hear that,0
i i was was telling you about the the plan,0
switch off the lights in the kitchen,1
we should leave soon,0
my my my phone battery is dying,0
can you take take a picture,1
call call me me uh when you reach,0
thank you all for being here here,0
i am going going to the store store now,0
uh open the the window for for me,1
i uh was telling you about the plan,0
switch off the lights lights uh in the kitchen kitchen,1
can can you help me with this this,1
tell me a joke,1
okay see you around around,0
my my phone um battery is is dying,0
that's like what she said,0
can you take a a picture picture,1
open the window for me me,1
set an alarm for 7 am,1
set like set like an alarm for 7 am,1
switch off off the lights in the kitchen,1
hey assistant like assistant play some some music music,1
turn turn on the lights,1
translate translate this to to spanish spanish,1
turn on the lights,1
see you you next time,0
i really love this this weather weather,0
okay see see you around,0
could you lower the volume,1
switch switch off the lights in the uh kitchen,1
i really love this weather,0
did you hear that,0
i i really love this weather,0
my phone phone uh battery is is dying,0
my phone battery is is dying,0
we we should should uh leave soon,0
take take a note please,1
open the window for me me,1
can you help me like me with with this,1
my phone battery is dying dying,0
what are are you you doing this weekend,0
good morning everyone,0
i like really love this uh weather,0
could you lower the the volume,1
my phone phone battery is dying,0
like my phone phone battery is dying,0
robot stop,1
okay see you you around,0
i really love like this weather,0
are are you listening listening,1
open the window window for me,1
i need your help here here,1
remind me to call call mom,1
turn on the lights lights,1
help me with the directions,1
okay okay see see um you around,0
it’s been a long long day,0
switch switch off the the lights lights in the the kitchen,1
see you next next time,0
take take a note please please,1
did you you hear hear that,0
hey assistant play some music music,1
turn turn on uh the um ac,1
what can you you do,1
robot show me me the way,1
i need your help here,1
turn on the ac,1
that's that's what she said said,0
open the the window for me,1
what can you do do,1
set an alarm for 7 7 like am,1
i really love love this weather,0
thank you all all for being being here here,0
see see you you next next next time,0
set an alarm for um 7 am am,1
take take a note please,1
stop the music,1
i am going to the store now,0
it’s great talking uh to you,0
start the fan now now,1
tell tell me a joke,1
could you you lower the volume,1
call me when you reach,0
my my phone phone battery is is dying dying,0
open open the like window for me,1
tell me a joke,1
robot like robot show me the way way way,1
hey robot what uh is the the time,1
turn on the ac uh ac,1
could you you lower the volume,1
thank you all all for being um here,0
good morning morning everyone,0
can you you take take a picture,1
help me with uh the directions,1
so so what do you all think think,0
are you listening,1
are you you listening,1
we um should leave soon,0
you you know it was raining raining yesterday,0
my phone battery uh is dying dying,0
remind um me to call mom,1
tell tell me me a a joke,1
good morning everyone,0
can um you explain that again again,1
i really love this weather weather,0
switch switch switch off off the the lights in the kitchen,1
can you help me with this,1
stop the music,1
i was telling you about the plan plan,0
my um phone battery is dying,0
are you listening listening,1
are are you listening,1
hey robot what is the time,1
tell tell me a joke,1
let’s get lunch together,0
set an um alarm for 7 like am,1
take a note please,1
good morning morning everyone,0
this this reminds me of something funny,0
translate translate this to spanish,1
i really love love this weather,0
i’ll talk to you like you tomorrow,0
remind me like to call mom,1
this reminds me of something funny funny,0
my phone battery is dying dying,0
open um the window for me,1
thank you all for being um here,0
um could you lower the volume,1
stop stop the music,1
so so what do you all think,0
it’s been a a long day,0
robot stop,1
let’s get get lunch together,0
what can can you do,1
i am am going to like the store now,0
can you you you explain that again again,1
open the window window for me,1
okay see you you around,0
thanks everyone for coming,0
call me when you reach,0
my phone battery is is dying dying,0
translate this this to spanish,1
see you next next time,0
can can um you help me with this,1
tell me a joke joke,1
what are you doing this weekend,0
i need your help help here,1
i need your help here here,1
uh it’s great great talking to you,0
uh take a note please,1
i’ll talk to to you um tomorrow,0
could you lower the volume volume,1
i was telling you about the plan,0
turn on the lights lights,1
thanks everyone for coming,0
you you know it was raining yesterday,0
i really love this weather,0
call me me when you reach,0
open uh the window for me,1
open open like the window for me,1
could you please repeat that,1
set an an alarm alarm for for 7 am,1
remind me to call mom,1
thank thank you all for for being here,0
start the fan now,1
turn on the the ac,1
are you listening,1
turn on the lights,1
open the window for me,1
can you explain that that again,1
do you want to join us later,0
thank you all for being here,0
what um can you um you do do,1
take a a note please,1
can you take a a picture,1
start uh start the fan now like now,1
hey assistant play some some music,1
so what do you all all think,0
thanks everyone everyone for coming coming,0
turn turn on um the ac,1
call uh me when you reach,0
so what do you all think think,0
robot stop,1
that's what she said,0
thanks everyone for coming coming,0
that's that's what she she uh said,0
i’ll talk talk to to you you tomorrow,0
can you take a picture,1
i i was telling you about the the plan,0
could you you lower uh the volume,1
can you you explain that again,1
it’s been a long day,0
let’s get lunch lunch together together,0
translate this to to spanish,1
it’s been a long day,0
thank you all um for being being here,0
take a a note please,1
turn on the ac,1
switch off the lights in the kitchen kitchen,1
thanks thanks everyone everyone for coming,0
hey robot what is the time,1
it’s great talking to like you,0
that's what what uh what she said,0
translate this this to spanish,1
stop the music,1
can you you help um me with this,1
it’s great talking like to you,0
i am going to the store now now,0
so so what do you all think think,0
it’s it’s been a long long uh day,0
robot stop stop,1
robot robot stop stop stop,1
let’s get um lunch together together,0
tell me a a a um joke,1
so so what what do you all think,0
that's what she she said,0
good morning everyone,0
stop stop the music,1
thank um you all for being being here,0
hey robot what is the time,1
what are you doing this weekend,0
open uh the window for for me me,1
can you explain that that again,1
my phone phone battery is is dying,0
tell me a joke,1
i really really love this weather,0
what can can you do,1
let’s get lunch lunch together,0
that's what what she said,0
it’s been been a long day,0
she said you like you were late,0
can you help help me with this,1
she she uh said you were late,0
robot stop,1
remind me me to to call mom mom,1
thank you all for being here,0
take a note note please please please,1
start the fan fan now now,1
we should should leave soon,0
are you listening listening,1
set an an alarm for 7 7 am,1
start the fan fan now now,1
what can can you do,1
good morning morning morning everyone everyone,0
it’s uh great talking talking to to you,0
i’ll talk talk to you tomorrow,0
robot show me the the the way,1
turn on the um the ac,1
do do you want to to join us later,0
can you take a picture,1
i’ll talk um to you tomorrow,0
she she said you were were late,0
uh this reminds me me of something funny,0
did you hear that,0
translate this to spanish,1
robot stop,1
this reminds me of like something funny,0
tell tell tell me me a joke,1
hey assistant play like some music,1
that's what she said,0
turn on uh the ac,1
hey robot what is the time,1
can you take a picture,1
help me with the directions,1
open the window like window for me me,1
could you please please um repeat that,1
can you explain that that again like again,1
i am going going to the like the store now,0
she said you were late late,0
okay see see you around around,0
i i need need your help help here,1
switch off off the uh lights in the kitchen,1
we should leave soon,0
could could you you please repeat that that,1
turn on the the ac,1
set an alarm alarm for like 7 am,1
my phone battery is dying,0
we should leave soon soon,0
tell me a joke joke,1
it’s it’s been a long day day,0
set an alarm for 7 7 am,1
can you explain that again,1
you know it was was raining raining yesterday yesterday,0
i really love love this weather,0
that's what she she said,0
remind remind me to call mom,1
what can you do,1
turn turn on the ac,1
what are uh are you doing this this weekend,0
it’s been a long day um day,0
it’s great talking to to you,0
turn on the ac,1
that's what what she said,0
start the fan fan now now,1
hey robot what is the time,1
turn on the lights,1
can you take take a picture,1
um translate this to spanish,1
what can like you do,1
that's what she said,0
good morning everyone everyone,0
remind remind me to to call mom,1
it’s been been a long day day,0
can you explain that again,1
can you take a picture,1
thanks everyone everyone for coming,0
you know know it was uh raining yesterday yesterday,0
hey assistant play um some music,1
do you want to join us later,0
turn turn on the lights,1
thank thank you all for being here,0
do you want to to join us us later,0
good good morning everyone,0
this reminds reminds me of something funny,0
thanks thanks everyone everyone for coming,0
i am going to the store um now,0
uh tell me a joke,1
switch off off off the the the lights in the the kitchen,1
um thanks everyone for coming,0
it’s great um talking to you,0
can you you you help me with with this,1
can you explain that again,1
i was telling telling you about the plan,0
help help me with with the directions directions,1
help me with with the like directions,1
i i need need your help like here,1
are you listening listening,1
stop the the music,1
see see you next time,0
robot stop,1
okay okay see see you around,0
stop stop the music,1
my phone phone battery is dying,0
switch switch off the lights uh in the kitchen,1
are you listening,1
so what do do you all think,0
i need your help here,1
i am going to to to the store store now,0
do you want to join us later,0
call me when when you reach,0
so what do do you you all think,0
see you like next time,0
what are you doing this weekend,0
we should should leave soon,0
hey hey robot what is is the time time,1
can you you help me with this,1
help me uh with the directions,1
robot show me the the way,1
so what do you all all think think,0
let’s get lunch lunch together,0
i um am going to the the store now,0
turn turn on the ac,1
we should leave soon,0
i need your help here,1
could you lower the volume,1
what what are you doing this weekend weekend,0
hey robot what is the time,1
robot robot stop,1
i’ll talk to you you tomorrow,0
tell me a joke,1
can you explain that that again,1
what can can you you you do do,1
turn on the the ac,1
like call me when you you reach,0
hey assistant play some music,1
are are you listening,1
it’s great great talking to like you,0
that's what she said said,0
it’s it’s great talking uh to you,0
robot show me the way,1
okay see you around,0
open the window for me me,1
good good morning everyone,0
did you hear that,0
are are you listening,1
uh turn on the ac,1
can you explain that again,1
can you explain that again,1
see you like next time,0
okay see you around,0
i am am going to the store now,0
what can can you do do,1
remind me me me to call call mom,1
you um you know it was raining yesterday,0
remind remind me to call mom,1
open the window for for me,1
do you want want to um join us later,0
help me with with the the directions,1
set set an um alarm for for for 7 am,1
open the window for for me me,1
could could you lower lower the volume,1
see see you next time,0
um can you you take take a picture picture,1
she uh she said you were late,0
start the fan now,1
set an alarm for for 7 am,1
turn on the ac,1
hey assistant play play some music,1
she said said said you were late,0
so what do you all think,0
i really really love um this weather weather,0
so what do do you all all think,0
help me with with with the directions directions,1
my phone phone battery is dying,0
remind me to call mom,1
like thanks everyone for coming,0
can you explain explain that that again,1
this this reminds reminds um me of something funny funny,0
it’s great great talking to uh to you,0
take take a note note please please,1
what what are you doing this weekend,0
it’s it’s been been a long day,0
start start the fan now,1
remind remind me to to call mom,1
i was telling telling you about the the plan,0
switch switch off the lights uh in the kitchen,1
good morning morning everyone,0
let’s let’s get lunch together,0
um call uh me when you reach,0
i i need your your help here here,1
start the fan now,1
can can you take a picture,1
i i like really love this weather,0
hey assistant play play some some some music,1
i am going going to uh the store now,0
take a note please,1
see you next time time,0
call me when you reach,0
are you listening,1
set an alarm for 7 am,1
can can you help me with this,1
i am going to the store now,0
can can you explain that again,1
tell me a a joke,1
what can you you do,1
good good morning everyone everyone,0
turn on the lights,1
turn on on uh the lights,1
we should should should leave leave soon,0
open the window for for me,1
did you hear that that,0
could you please repeat that,1
tell me a joke joke,1
are you listening,1
start the the the fan now,1
robot show show me me the way,1
i i was telling you uh about the the plan,0
could you lower the volume,1
help me with with the directions,1
she said you were late late,0
translate this to spanish,1
like tell me a joke,1
she she said you were late,0
switch switch off the lights in the kitchen kitchen,1
help me like with the directions,1
hey assistant play some music music,1
open the the window for me,1
it’s been a long day,0
can you explain that that again,1
do you want want to join us later,0
could you please repeat that,1
could like could you lower the volume,1
i i was was telling you about the plan,0
like i’ll talk talk to you tomorrow tomorrow,0
i really really love this weather,0
she said you were late,0
we should leave soon,0
uh i was telling you about the plan,0
help me with with the directions,1
hey assistant assistant play play some music,1
hey assistant play some some music,1
robot stop stop,1
i’ll like talk to you tomorrow,0
take take a note please,1
it’s great talking to you you you,0
thank you all for being being here,0
what are you doing this weekend,0
we should leave soon,0
so what do do you you you all think,0
i’ll talk to to you you tomorrow,0
my phone battery is dying dying,0
call me when you reach reach,0
robot stop stop,1
start start the fan fan now now,1
i need your your help here,1
call me when you you reach,0
take a note please,1
are you listening,1
this reminds reminds me of of something something funny,0
stop the music,1
robot robot show me me the way,1
can you you like explain that again,1
could you lower the like the volume volume,1
set an alarm for 7 am,1
robot stop,1
okay see you around,0
call me when you reach,0
my phone battery is dying,0
this reminds reminds me of something something funny,0
i i i um am going to the store store now,0
it’s it’s been like a long day,0
so what do do you all think,0
you uh know it it was raining raining yesterday,0
she she she said said you you you were late,0
could you please repeat that,1
do you want to join us later later later,0
so what what do you all think,0
can you you explain that again,1
she said you you were late,0
robot show show like me like the way,1
uh can you explain that again like again,1
stop the the music music,1
it’s it’s been been a a long um day,0
like it’s been a long day,0
this uh reminds me me of something funny,0
could you please repeat that,1
you know it um was raining yesterday,0
could you you please repeat that that,1
let’s get lunch together,0
my phone battery is is dying,0
help me with the the directions,1
see you next time,0
i i really love this weather,0
my phone phone battery is dying,0
remind me to call mom,1
you know it was raining yesterday,0
start the fan now,1
can you help me with this,1
tell me a joke,1
robot show me the way,1
can you you help me with this this,1
let’s get lunch together,0
thank you you all for being here,0
what can you do,1
um i um was telling you about the plan,0
call me when uh you reach,0
set an alarm for for 7 am am,1
we we should should leave leave soon,0
start start the fan now now,1
what can you um do,1
remind me to call mom,1
i’ll talk talk to you tomorrow,0
do you want to join um us later,0
okay see you you around,0
this reminds me of something like something funny,0
can you help me me with this,1
robot show me like the way way,1
it’s great talking to you you,0
turn turn on on the lights,1
remind uh me to to call mom,1
robot show me the way,1
i really love this weather,0
it’s great talking to you you,0
what are you you doing doing this weekend,0
it’s been a a long day,0
we should leave leave soon,0
take a note please,1
can you help me with this this,1
robot stop,1
good morning everyone,0
switch off off the lights in the kitchen,1
turn on the lights,1
tell me a a joke,1
can you explain explain that again,1
that's what she said said,0
turn on the the lights,1
let’s get lunch together together,0
what are you doing this weekend,0
tell me a joke,1
robot show me the the way,1
let’s get lunch together together,0
set an alarm for 7 7 am am,1
i need need your help here,1
set an alarm alarm for 7 am,1
i need need your help help here,1
i was telling you about the plan uh plan,0
this reminds me of something something funny,0
start the fan now,1
hey robot what is the time time,1
remind me to call mom,1
thank you all all all for being here,0
tell me a joke,1
could you please please repeat that,1
can can can you you help me with this,1
good morning everyone,0
open the window for me,1
robot stop,1
see see you next time,0
hey assistant play play some music,1
good morning everyone everyone,0
i i was was telling you about the plan,0
like thank like you all for being here here,0
could could you lower lower the volume,1
could you please please repeat that,1
are you listening,1
let’s get lunch together together,0
can you take a a picture picture,1
take a note please,1
we should leave soon,0
can can you help help me with with this,1
um robot show me the way,1
take a note note please,1
that's what she said,0
hey robot what is the the the time,1
robot robot show me the way,1
could you you like lower the volume,1
could could you please repeat um that,1
thanks everyone for coming coming,0
i um am like going to the the store now,0
can you help help help me with this,1
turn on the ac,1
could you lower lower the the the volume,1
call me when you you reach,0
can can you like you take a a picture,1
can you explain explain explain that again,1
translate this to to spanish,1
could you uh lower the volume,1
robot show me the way way,1
hey hey assistant play some music,1
i’ll talk talk to you tomorrow,0
can you um you help me with this this,1
set an alarm alarm for 7 am,1
can you explain that that again,1
you you know it was raining yesterday,0
could you lower the volume,1
take a note please please,1
hey hey robot what what is the time time time,1
i was telling you about the plan,0
okay see you you around,0
um so what do you all think think,0
robot show me the way,1
she said you were were late,0
so what do you you all think think think,0
this reminds me of something funny,0
like so what do do you all think think,0
um could you lower the volume volume,1
i was telling you about the plan,0
i i am going to the store um now,0
help me me with the directions,1
she said you were late,0
could could um could you lower the volume,1
could you you lower the uh volume,1
what are are you doing this weekend,0
hey assistant play some music,1
turn on on the ac,1
turn um on the lights,1
hey robot what what what is is the time,1
what are you doing doing this weekend,0
hey hey robot what what is is the time,1
switch off the the lights in in the kitchen kitchen,1
could you lower the volume volume,1
i need your your help help here,1
we should leave leave soon,0
start like start the the fan now,1
good morning everyone,0
could you please repeat that,1
take a like note please,1
open the window window for me me,1
call call me when uh you reach,0
that's what she said,0
uh could you you lower the like volume,1
i’ll i’ll talk to you tomorrow,0
what can you do,1
call me when you reach,0
call me me when you uh reach,0
what can you like you do,1
can can you you take like take a picture,1
i need your your help here,1
you know it was raining yesterday yesterday,0
could could you please repeat that,1
turn on the the ac,1
let’s get lunch um together,0
i’ll talk talk to you tomorrow,0
stop the the music,1
let’s let’s get lunch together,0
help me me with the directions,1
help me with with the directions,1
what are you you doing this weekend,0
thanks everyone for for coming,0
um that's what she said,0
see um you next time,0
could you please um repeat that,1
that's what what she said,0
i really love this weather,0
remind me to call mom,1
translate this to spanish,1
i i was telling um telling you about the plan,0
call me when you reach,0
it’s been a long day,0
thanks thanks everyone for for coming,0
thank you all for being being here,0
um set an alarm for 7 7 am,1
start start the the fan fan now,1
do you you want want um to join us us later,0
call me uh when you you reach,0
do uh you want to join us later,0
okay okay see see you around around,0
turn turn on the lights,1
let’s get lunch lunch together,0
thanks everyone for coming,0
robot show me the way way,1
robot like show me me the the way,1
help help me with the directions,1
help me with the directions,1
i was was telling you about about the plan,0
tell me a joke,1
robot robot stop,1
i really love this like weather,0
uh remind me me to call call mom,1
tell me a joke,1
turn on the ac,1
are you listening,1
start the fan now,1
we should leave soon,0
we should should leave soon,0
i’ll talk to to you tomorrow,0
could could you please repeat that,1
turn on on the lights,1
what are you doing this weekend,0
do you you like want to join us later,0
robot stop,1
i’ll talk talk to to you tomorrow,0
set an alarm alarm for 7 7 am like am,1
start start like the um fan like now,1
hey robot what what is um the time,1
i am going to the store store now,0
like remind me to call mom mom mom,1
robot stop,1
translate this this to spanish,1
see you you next time time,0
can you explain that again,1
see you you next time time,0
i’ll talk to you tomorrow,0
what can you do do,1
my phone battery is dying,0
help help me with the directions,1
okay see you around,0
good morning everyone,0
robot show me the way,1
help me with the directions,1
switch off the lights in in the the kitchen,1
thanks everyone for coming,0
i am going going to the store now,0
so what do you all all think,0
i need your your help here,1
did you you hear that,0
could you um please repeat repeat like that,1
open the window for me me,1
can you take a a picture,1
start the fan now,1
thank you all for being here,0
translate this to uh spanish,1
start start the fan now,1
call um call me me when you you reach reach,0
turn on um the lights,1
could you lower lower the the volume uh volume,1
hey robot what is the the like time,1
i’ll talk to to you tomorrow,0
what are you doing this weekend,0
do you want to join us later later,0
good morning everyone,0
are you listening,1
i really love this weather,0
good morning everyone,0
what can uh you do do,1
are you you listening,1
call call me me when when um you reach,0
call me me when you reach,0
this reminds me me of something funny,0
i’ll i’ll talk talk to to like you tomorrow tomorrow,0
what what are you doing this weekend,0
you know it was raining yesterday,0
can you you help me with this,1
i’ll talk to you um you tomorrow,0
open the the window window for me,1
could you please repeat that,1
help help me with the directions,1
i need your help help here,1
um turn on the ac,1
you you know it was raining yesterday,0
turn on on the ac,1
so what do you all think,0
start start the fan fan now,1
i really love this weather,0
it’s great talking talking to you,0
this reminds me of of something funny,0
robot robot show me the way,1
open the window for me,1
see see you next time,0
can can you explain that again,1
can you take take a a picture,1
you know it was raining yesterday,0
what can can you do do,1
what are are you doing this this weekend weekend,0
robot show me the way,1
translate translate this to spanish,1
so so what what do you you all think,0
let’s get get lunch together together,0
i’ll talk to um you tomorrow,0
could you you please repeat that,1
can can you uh take a picture,1
i uh i really love love this this weather,0
can can you you help me with this,1
take a note note um please,1
i really love this weather,0
you know it it it was raining yesterday,0
we should leave soon,0
do you want want to join us us later later,0
robot show me the way,1
thank you all for being here,0
hey assistant play some music,1
stop stop the music,1
we should leave leave soon,0
robot stop,1
do uh do you want to join join us later,0
hey robot what is the time,1
do you want to join us later,0
do you want to like join us later,0
could you please please repeat that,1
are you listening,1
could you lower the uh volume,1
call me when you reach reach,0
turn on the lights,1
did did you hear that,0
call me me when you reach,0
tell me a joke,1
could you you lower the volume,1
thank thank you all all for being here,0
i was telling you you about the plan,0
help me with the directions,1
see you next next time,0
start um the fan now now,1
start start the fan fan now now,1
stop the the music,1
are you listening,1
robot stop,1
let’s get get lunch together together,0
hey hey hey assistant like play some music,1
she said said you were late uh late,0
uh i am going going to the store now,0
turn turn on the lights,1
it’s been a long day,0
can you you explain that again,1
do you want to join us later later,0
let’s get get lunch together,0
turn turn on the ac,1
i i uh was telling you about the plan,0
it’s been a long day day,0
i i am am going going to the store now,0
thank you you all all all for for being here here here,0
are you listening listening,1
hey robot what is the time,1
switch switch off the lights um lights like in um the kitchen,1
translate translate this like to spanish spanish,1
good morning everyone,0
could could you please repeat that,1
set an alarm for 7 am am,1
it’s been a long long day,0
robot stop,1
can you take a picture,1
turn turn on the ac ac,1
can can you help me with this,1
i i uh am going to to the store now now,0
it’s great talking to uh you,0
i need your help here,1
can can you explain that again,1
turn on the lights,1
i really love this weather,0
i was uh telling you about about the the plan,0
we should leave soon,0
stop like stop um the music music,1
open the window for me,1
i am going going to the um store now now,0
this this reminds me me of something funny funny,0
this reminds reminds me of something funny,0
thank you all for being here,0
i’ll talk talk to you tomorrow tomorrow,0
can you you help me with this this,1
my phone battery is dying dying,0
robot show me the way,1
um see you next next time,0
call me when you like reach,0
thank thank you you all for being here,0
set an an alarm for 7 am,1
what what can you do,1
switch off the the lights in the kitchen kitchen,1
call call me when you reach,0
you know know it it was raining yesterday,0
i was telling you about about the plan,0
start the fan now,1
start the fan fan now,1
translate this to spanish,1
set an alarm for 7 7 am,1
see you next time,0
take a a note note please,1
it’s been a long day,0
it’s been a uh long day,0
i i was telling you you about the plan,0
that's what she said,0
robot robot stop,1
translate this this to spanish,1
switch switch switch off the the lights in in the kitchen kitchen,1
what are are you doing this this weekend weekend,0
could could you uh please repeat repeat that,1
tell me a joke joke,1
can you take a picture,1
can you you help me with this,1
call me me when you you reach,0
open the window for for me,1
switch off the lights in the kitchen,1
i am going to the the store now,0
robot show me the way,1
could you please please repeat that,1
hey assistant play some music music,1
good morning morning everyone,0
it’s great talking uh to you,0
open the window for me,1
that's uh what she said,0
stop the music,1
call call me when you you reach,0
you know it it was was raining yesterday yesterday,0
hey robot robot what is the time,1
i am going to the store now,0
did did you hear that that,0
do you you want to join us later,0
set set an alarm for 7 um am,1
take a a note please,1
could you you lower the uh volume,1
take a note please,1
you know it was raining yesterday,0
switch off the lights in the kitchen,1
turn on uh the um lights,1
good morning everyone,0
we we should leave leave soon,0
set an alarm for 7 am,1
help me with with the directions,1
translate this to to spanish,1
thanks everyone for coming coming coming,0
that's what what she said said,0
you know it was raining yesterday,0
hey robot what is the time,1
help me with the directions,1
tell me a a joke,1
we we should leave soon,0
i was telling you you about the plan,0
turn turn on the lights,1
this this like reminds me of something funny,0
uh thank you all for being being here,0
did you hear that,0
that's um what uh she said,0
see see you next time time time,0
it’s been a long day,0
translate this to spanish,1
are you you listening,1
take take a a like note please,1
that's what she she said,0
what what can you do,1
hey robot what is is the time,1
like i need your help here,1
are you listening,1
thanks everyone for coming,0
tell um tell me me a joke joke,1
okay see you around,0
did you hear that,0
i i am am going to the uh store now,0
switch off the lights in the kitchen,1
remind me me to call mom,1
i am going going going to the store now,0
it’s it’s great talking uh to you,0
help help me with the directions directions,1
could you lower lower the volume,1
translate this this to spanish,1
could you please repeat that,1
she said you were were late,0
can you take a picture,1
could you please repeat repeat that,1
let’s get lunch together,0
switch off the lights in the kitchen,1
help me with the directions,1
that's what she said said,0
uh i really love this weather weather weather,0
okay see you around,0
did you hear hear that that,0
hey robot what what is the time,1
my phone battery battery is dying,0
open the window for me me,1
i was telling you about the plan,0
can you help me with with this,1
hey assistant play play some some music,1
so what do you all all think think,0
can you explain explain that again,1
robot stop um stop,1
i really love this weather weather,0
see see you next time,0
this reminds me of of something funny,0
robot show me me me the way,1
hey assistant play some music,1
can like you help me with this,1
i was telling you about the the plan,0
did you hear hear that,0
did you hear that,0
take a note please,1
switch off off the lights in the the kitchen,1
can you help me with this,1
start the uh the fan now,1
i need need your help here,1
could you lower the volume,1
switch off the the lights in the the kitchen,1
what what are you doing doing doing this weekend,0
take a note note please please please,1
you know know it was raining like yesterday,0
switch off the lights lights in in um the kitchen,1
okay see you around uh around,0
could you lower lower the the volume,1
open the window for me,1
it’s great talking to you,0
hey robot what is is the time,1
start the fan now,1
what are you doing this weekend,0
okay okay see you around,0
what are you doing uh this weekend,0
hey like hey assistant play some some music,1
it’s been been a long day,0
this reminds me uh of something funny,0
like thank like you um all for for being here,0
remind me to call mom mom,1
i i really love this weather,0
we should leave leave soon,0
are you like you listening,1
could could could you you lower lower the volume,1
hey assistant play like some music,1
i really love this weather weather,0
switch off the the lights in in the kitchen kitchen,1
it’s great like great talking to you,0
thank you all all for being here,0
what can you do do,1
uh remind me to to call mom mom,1
i am going going to the store store now,0
start the the fan now,1
okay okay see you around,0
see see you next time,0
turn on the lights,1
open the window window for me,1
i need need your help here,1
turn on the like the ac,1
we should leave soon,0
i’ll talk to to you um tomorrow,0
let’s get lunch lunch together,0
can uh can you take a picture,1
what can you you do do,1
let’s get get lunch together,0
robot stop,1
let’s get get um lunch um together,0
i was telling you about the plan,0
it’s great talking talking to you you,0
set an alarm for for 7 am,1
it’s been a long day,0
did you hear hear that,0
i was telling you you about uh the plan,0
like i need your help here,1
i am going to the store now,0
we should leave soon,0
we should leave leave soon,0
can you you explain that that again again,1
my um my phone battery is dying,0
start the fan now now,1
good morning everyone,0
robot like show me the way way,1
i’ll talk to you tomorrow,0
remind me to call mom,1
can you you explain that again again,1
robot show me the the way,1
take a a note please,1
i i need your help here,1
thanks everyone for for coming,0
it’s it’s been a long day,0
what what are you doing this weekend,0
can can you take a a like picture,1
open the window window for me,1
it’s been been a long day,0
translate this to spanish,1
robot robot stop stop,1
i’ll talk talk to you tomorrow,0
this reminds me me of of something funny,0
i am going to to to the store now,0
start the fan now,1
start the fan now now,1
robot show me the way,1
could you lower lower the volume,1
start the fan now,1
i really love this weather weather,0
help me with the directions,1
that's what uh she said,0
it’s great talking to you,0
you know it was raining yesterday,0
tell me a joke,1
robot stop,1
you know it was raining yesterday,0
i am going to the store store now,0
my phone phone battery is dying,0
robot robot show show me the way,1
good good morning everyone,0
this this reminds me of of something funny,0
can can you explain that that again,1
stop stop the music,1
my phone battery is dying,0
it’s been a long long day,0
hey assistant um play some music,1
i i really really love this weather weather,0
what are you doing this weekend,0
we should should should leave um soon,0
i need your help um help here here,1
let’s get get lunch together,0
switch off the lights in the kitchen kitchen,1
my my phone battery is dying,0
turn on the lights,1
open the window for me,1
open the window for uh for me,1
okay see you around around,0
can you take a a picture,1
switch off the lights in the kitchen,1
i was was telling like telling you about the plan plan like plan,0
uh start the the fan now like now,1
we should leave soon soon,0
switch off off the lights in the kitchen,1
start start the the um fan now,1
i was telling you about the plan,0
let’s get lunch together,0
she said you you were late,0
we we should leave soon,0
did um you hear hear that,0
i was like telling um you about the plan,0
it’s great talking to you you,0
uh turn on the ac,1
thanks thanks everyone for coming,0
it’s it’s great talking to you,0
i need your help help here,1
hey assistant assistant play some music,1
let’s get lunch together,0
turn on the lights,1
robot robot show me the way,1
you know it was was raining yesterday,0
okay okay see you around,0
did you hear that,0
could you please repeat repeat that that,1
i really love love this weather,0
can you explain that again,1
so so what do you all think,0
that's what she said,0
did did you you hear that that,0
she said you were were late,0
i’ll talk to to you tomorrow,0
stop the music,1
let’s get lunch together,0
thanks everyone for for coming,0
turn turn on on the ac,1
robot robot show uh me the way,1
can you help me with this,1
it’s great talking to uh to you,0
stop the music,1
turn on the uh ac,1
hey hey assistant play some some music,1
it’s great talking to you you,0
let’s let’s let’s uh get lunch together together,0
could you you lower the volume,1
could you lower the the volume volume,1
i really love this weather,0
i really love this this weather,0
call me when you reach reach,0
can you explain explain that that again,1
robot robot stop,1
so what what do you all think,0
okay okay see you around,0
okay see see you around,0
tell me me a joke,1
my phone battery is dying dying,0
that's what she said,0
can can you take a picture,1
okay see you around,0
hey hey assistant play some music music,1
my phone phone phone battery battery is dying,0
help me me with the directions directions,1
thank thank you all for being here,0
did um you hear that,0
i was telling you you about the plan plan,0
this reminds me of something uh funny,0
this reminds me like of something funny like funny,0
help help me me me with the directions,1
hey robot what is the time,1
remind me to call mom,1
you know know it it was raining raining yesterday yesterday yesterday,0
good good good morning everyone,0
so so what do do you all think think,0
um hey robot robot what is the time time,1
call call me when you you you reach,0
open open the window window for for um me,1
let’s like get lunch together together,0
i i really love this weather,0
switch uh off the the lights in the kitchen kitchen,1
hey hey robot what is the the time,1
do do you want to join join us later later,0
my phone battery battery is dying,0
translate this this to to spanish spanish,1
call me when when you reach,0
i’ll talk to you tomorrow tomorrow,0
what what can can you do,1
set an alarm for 7 7 um am,1
it’s been a a long um day,0
i am going like to the store now now,0
turn on the lights um lights,1
we should leave soon,0
stop the music um music,1
good morning everyone,0
could you please repeat that,1
i’ll talk uh to you tomorrow,0
thank you all for being here,0
what what are you doing this weekend,0
like help me with the directions,1
that's what she said,0
what are are you doing this weekend,0
i i was telling you about the plan,0
tell me a joke,1
so what do you all think think,0
i am going going going to the store now,0
see you next time,0
what can can you do,1
i was telling you about the plan,0
good morning morning everyone,0
good good morning everyone,0
translate like this to like spanish,1
take take a note please,1
tell me a joke,1
can you take a a picture picture,1
thanks thanks everyone for coming,0
translate this to to spanish,1
stop the music,1
can you you take a picture,1
what are you you doing doing this this this weekend,0
okay see see um you around,0
can you help me with this,1
what can uh you do,1
robot stop,1
good morning everyone,0
can you help me with this,1
i i really love love uh this weather,0
i am going to to the store now,0
i really love love this weather,0
um turn on on the ac,1
could you please repeat repeat uh that,1
it’s great great talking to you,0
hey assistant assistant play some music,1
set an alarm for for 7 am,1
i am going to the store now,0
i’ll talk to to you tomorrow,0
translate this to spanish spanish,1
